1947,-1.04628862,-2.12332039,-2.34930402,-2.470184803,-2.596707855,-2.734239083,-2.84863015,-2.82131076,-2.878112015,-3.037157319,-2.90274269,-2.884056823,-3.007004902,-2.946537395,-2.884056823,-2.820448209,-2.788612447,-2.679023323,-2.673050006,-2.582196277,-2.540155358,-2.526951195,-2.520568663,-2.531357332,-2.514704561,-2.57024772,-2.512296137,-2.521722168,-2.57921938,-2.594312213,-2.478469659,-2.522878745,-2.473014931,-2.515130967,-2.449404793,-2.507798549,-2.447940466,-2.42945706,-2.367643954,-2.380802284,-2.342370569,-2.351347305,-2.315783205,-2.308653236,-2.262886906,-2.235002401,-2.192532624,-2.1716624,-2.103694293,-2.107460195,-2.050561199,-2.043015632,-1.994390555,-2.012557195,-1.984221244,-1.905738557,-1.869151817,-1.835379511,-1.826434982,-1.768683357,-1.750557039,-1.692482569,-1.656611103,-1.614804982,-1.57531433,-1.530929448,-1.491537619,-1.467882884,-1.408145473,-1.360274515,-1.317548046,-1.28706423,-1.240536133,-1.193989705,-1.1680279,-1.089952192,-1.057391795,-1.011610513,-0.970092949,-0.922617558,-0.870603388,-0.843805334,-0.81149618,-0.7515804,-0.716710081,-0.684636412,-0.640162621,-0.586876337,-0.569357441,-0.505873246,-0.483890536,-0.454117917,-0.512926703,-0.362298178,-0.392685475,-0.521025373,-0.424629697,-0.286342323,-0.372375078,0.013643084,-0.531691078
1948,-1.075617323,-2.20999648,-2.471854922,-2.628193541,-2.708187313,-2.830031826,-2.86774031,-2.961777362,-2.975925013,-3.079876674,-3.095825632,-3.041914151,-3.071604148,-3.144480844,-3.017276612,-2.905528871,-2.828566099,-2.766242637,-2.733298033,-2.645315446,-2.648783655,-2.654430244,-2.613679426,-2.61225434,-2.586700236,-2.546834607,-2.599634727,-2.646276062,-2.582196277,-2.621602099,-2.492279023,-2.508498234,-2.54090921,-2.515842576,-2.482804102,-2.507379278,-2.473144013,-2.500450374,-2.450016389,-2.428407617,-2.408045445,-2.379551615,-2.388276692,-2.321299565,-2.287266141,-2.292004254,-2.225337077,-2.147764061,-2.160333443,-2.125460203,-2.089268902,-2.067120542,-2.012601901,-1.978769342,-1.972895134,-1.923395961,-1.880678114,-1.8607823,-1.837704497,-1.809444208,-1.747389659,-1.726628288,-1.685332392,-1.639293011,-1.604551288,-1.547952759,-1.528796331,-1.504233716,-1.467666109,-1.402195158,-1.350704093,-1.315747262,-1.263738987,-1.230445447,-1.188451803,-1.15047003,-1.103264402,-1.069687858,-1.016870075,-0.977959491,-0.901356274,-0.860864256,-0.846160755,-0.791956571,-0.752741331,-0.715910067,-0.700800063,-0.671667295,-0.625238827,-0.584514153,-0.544885504,-0.482107677,-0.511773715,-0.450224528,-0.57110262,-0.359615967,-0.2910805,-0.352745185,-0.580055811,-0.606559932,-0.393429478
1949,-1.114808459,-2.174444068,-2.480303233,-2.593800576,-2.744727495,-2.801342913,-2.841939206,-3.019088062,-3.042392713,-3.173925197,-3.101274818,-3.058488567,-3.027334408,-3.006123085,-3.119758224,-2.916855857,-2.94577009,-2.859491957,-2.790753151,-2.72399801,-2.712422191,-2.699404516,-2.650722473,-2.726767166,-2.655018586,-2.636764196,-2.666754301,-2.645315446,-2.683819901,-2.606600305,-2.625251654,-2.580374639,-2.675717545,-2.66274046,-2.599462011,-2.486382926,-2.530914701,-2.467118281,-2.458171233,-2.47469599,-2.447331784,-2.417368561,-2.333388432,-2.368454772,-2.318577844,-2.276955008,-2.210489796,-2.209644454,-2.131531901,-2.083704005,-2.113227357,-2.082441979,-2.018815863,-1.985605484,-1.952764085,-1.924708581,-1.877849681,-1.863374544,-1.818985792,-1.761401966,-1.739094232,-1.679791379,-1.646295296,-1.617532678,-1.557018808,-1.539042051,-1.490004908,-1.446286842,-1.413806664,-1.355039783,-1.332294949,-1.280784761,-1.232777325,-1.172624264,-1.151158392,-1.104008713,-1.066229349,-1.029560137,-0.973810058,-0.908417448,-0.886497848,-0.850648463,-0.767654549,-0.770348869,-0.72446522,-0.679783069,-0.635754901,-0.638593283,-0.52738834,-0.563611515,-0.465901518,-0.488548476,-0.451788759,-0.39245491,-0.395876591,-0.368326968,-0.365564045,-0.398228911,-0.266609312,-0.198990284,-0.388870669
1950,-1.163416398,-2.304781081,-2.532243949,-2.728158393,-2.760700521,-2.991825816,-2.93516778,-3.187755303,-3.152427341,-3.187755303,-3.153044675,-3.222573178,-3.251811973,-3.107905397,-3.007888512,-3.015922966,-2.895854449,-2.854182286,-2.84103474,-2.74860515,-2.698319051,-2.723078868,-2.745210313,-2.730487056,-2.744727495,-2.737311656,-2.701146924,-2.72010502,-2.745210313,-2.684869683,-2.636952405,-2.694218849,-2.68172792,-2.655018586,-2.727694156,-2.604498876,-2.617982957,-2.551912333,-2.525492361,-2.507938395,-2.487182241,-2.465339424,-2.399462706,-2.396639076,-2.298518364,-2.328641997,-2.277366077,-2.189229989,-2.160647671,-2.139841739,-2.083704005,-2.047498152,-2.034234036,-1.968672342,-1.943095149,-1.922414094,-1.870181256,-1.88941029,-1.820247193,-1.784256717,-1.762581944,-1.703576151,-1.651558833,-1.618181228,-1.594465822,-1.544302627,-1.506723233,-1.444941845,-1.404184237,-1.378886062,-1.329281135,-1.294606743,-1.254542635,-1.195594754,-1.155566318,-1.131138175,-1.079996748,-1.033895829,-0.988256212,-0.952234637,-0.900329716,-0.870387437,-0.808523834,-0.790822901,-0.737788669,-0.70084804,-0.664640403,-0.633123372,-0.594462408,-0.566481378,-0.547122295,-0.541008817,-0.463006219,-0.434180506,-0.353746293,-0.425894619,-0.358267175,-0.500220846,-0.277084042,-0.120436803,-0.393136234
1951,-1.201743091,-2.328641997,-2.591081979,-2.718058067,-2.816160963,-3.003926346,-3.021819483,-3.128427064,-3.136082623,-3.14327111,-3.200659451,-3.163675884,-3.230622674,-3.213248578,-3.154281982,-3.124938737,-2.955068454,-2.882397308,-2.797511683,-2.77702355,-2.739690054,-2.729554092,-2.716472635,-2.781727146,-2.79290446,-2.748848657,-2.735418271,-2.758951849,-2.776763727,-2.747632486,-2.673869043,-2.780677492,-2.651111277,-2.679230772,-2.643974143,-2.64054398,-2.571379327,-2.630413109,-2.551912333,-2.53313238,-2.501413791,-2.477555766,-2.394479477,-2.437350328,-2.356843534,-2.333856573,-2.270754193,-2.211336787,-2.165706488,-2.166852888,-2.100562546,-2.062732928,-2.004189368,-1.992892617,-1.953309779,-1.928117993,-1.879031435,-1.868959068,-1.844238987,-1.752616007,-1.756118998,-1.693768035,-1.67362317,-1.627585144,-1.583925609,-1.552872991,-1.506458305,-1.438147603,-1.415239218,-1.366501246,-1.315918016,-1.286929674,-1.225242232,-1.18436249,-1.132939301,-1.094015337,-1.051606597,-1.017254017,-0.973401372,-0.911127122,-0.887928141,-0.831243314,-0.772637849,-0.766072806,-0.693551382,-0.680585774,-0.633704081,-0.572392189,-0.56266967,-0.559738121,-0.461035627,-0.404853338,-0.402100875,-0.413676052,-0.402337716,-0.290811477,-0.242791548,-0.453259975,-0.278219877,-0.309319376,-0.060157892
1952,-1.263715074,-2.440931666,-2.682981899,-2.895171596,-2.948076084,-3.084072788,-3.110698297,-3.075204004,-3.238072162,-3.449771647,-3.289882635,-3.295849483,-3.294992041,-3.164943898,-3.212539525,-3.281498311,-3.031517051,-2.931443105,-2.91649738,-2.876475019,-2.799970733,-2.803547458,-2.83386603,-2.802719442,-2.83120798,-2.763966853,-2.816730156,-2.803823815,-2.832978204,-2.845271793,-2.764471553,-2.719877104,-2.758453519,-2.734239083,-2.727230413,-2.658367664,-2.591251394,-2.619065537,-2.6413039,-2.602581458,-2.504872119,-2.508498234,-2.454692884,-2.401318901,-2.41453927,-2.333482019,-2.301029996,-2.247797847,-2.1950432,-2.172114017,-2.129186576,-2.107237765,-2.02489001,-2.019769309,-1.978314648,-1.970656812,-1.920456993,-1.889578654,-1.844481779,-1.810987195,-1.785898264,-1.718398556,-1.679770603,-1.643935881,-1.626444393,-1.581947422,-1.522300072,-1.478678819,-1.446092712,-1.373998576,-1.357575053,-1.30528953,-1.269040168,-1.20370326,-1.185592571,-1.115584173,-1.087204225,-1.027463929,-0.975030228,-0.943308539,-0.885652608,-0.871713844,-0.804665021,-0.778374535,-0.739287189,-0.697004931,-0.632621712,-0.626821245,-0.571418178,-0.548362447,-0.498335613,-0.47917205,-0.416490641,-0.357708638,-0.402400238,-0.380390208,-0.350570697,-0.299437322,-0.471990097,-0.352211291,-0.664014847
1953,-1.285653472,-2.462180905,-2.731188096,-2.940436582,-3.077793723,-3.095284455,-3.097997109,-3.161780778,-3.243363892,-3.393618635,-3.223298816,-3.374687549,-3.199970641,-3.288192771,-3.304518324,-3.148741651,-3.099632871,-3.016824928,-2.910094889,-2.904481958,-2.931443105,-2.878768545,-2.890421453,-2.825068406,-2.800244823,-2.877456476,-2.891773344,-2.828858849,-2.863279433,-2.779107751,-2.755970411,-2.779368981,-2.870310108,-2.76700389,-2.721703792,-2.691435586,-2.622875958,-2.619969752,-2.606775884,-2.595679533,-2.552531869,-2.52900183,-2.478992748,-2.453704165,-2.405276054,-2.39653084,-2.334512819,-2.282329497,-2.254925208,-2.194975156,-2.147032309,-2.131003098,-2.049197177,-2.022871099,-1.98699415,-1.96469036,-1.931739906,-1.887529061,-1.853778911,-1.822434644,-1.765938509,-1.740836329,-1.7000571,-1.648725624,-1.616292324,-1.559169602,-1.528092497,-1.483676206,-1.428221314,-1.382014697,-1.35116204,-1.312355123,-1.264073906,-1.2224137,-1.182355314,-1.128275321,-1.084853533,-1.037929137,-0.991702237,-0.935381052,-0.912378279,-0.859916403,-0.823130604,-0.75922368,-0.744028361,-0.697456955,-0.630546645,-0.630233272,-0.589703708,-0.529302916,-0.518901503,-0.480065742,-0.447307454,-0.425514987,-0.362002223,-0.324207915,-0.416414729,-0.425955993,-0.353106376,-0.045379819,-0.122816467
1954,-1.297560847,-2.450506287,-2.7070797,-2.913284336,-2.987162775,-3.076238039,-3.079876674,-3.191789027,-3.185086819,-3.197910742,-3.304518324,-3.321481621,-3.374687549,-3.281498311,-3.246416941,-3.109020403,-3.154281982,-3.064996849,-2.9476909,-2.882066165,-2.869666232,-2.811915626,-2.825068406,-2.767257937,-2.796423225,-2.812479279,-2.838931615,-2.7780644,-2.848017605,-2.845880474,-2.772113295,-2.81276138,-2.785156152,-2.729321164,-2.691222226,-2.719877104,-2.647046088,-2.614751318,-2.579384229,-2.550521601,-2.571865206,-2.546070408,-2.495529138,-2.429223631,-2.4225082,-2.376957566,-2.353302269,-2.283662712,-2.234480457,-2.221559316,-2.149905406,-2.097888277,-2.065299598,-2.043543417,-2.006387442,-1.942029768,-1.918184799,-1.871374595,-1.847650492,-1.820936778,-1.774354787,-1.735630865,-1.679729054,-1.655529128,-1.618578042,-1.565974304,-1.516683776,-1.505608836,-1.453988191,-1.401067304,-1.339874781,-1.318243344,-1.280047553,-1.228713911,-1.184707891,-1.147330959,-1.086090825,-1.04002421,-1.001374543,-0.953173291,-0.901588191,-0.862446513,-0.803235387,-0.767331639,-0.721774731,-0.693692945,-0.65189188,-0.613556328,-0.57301079,-0.540830749,-0.50322252,-0.476352366,-0.404971392,-0.401356106,-0.398945478,-0.428690717,-0.34993155,-0.304319609,-0.401995654,-0.177018381,-0.056650933
1955,-1.31617877,-2.530177984,-2.77702355,-2.922632095,-2.846490011,-3.003050752,-3.15490196,-3.186419011,-3.216096421,-3.228412519,-3.349692477,-3.224025669,-3.257274869,-3.240332155,-3.249491605,-3.19314197,-3.112945622,-2.973875483,-2.898940645,-2.843450849,-2.825068406,-2.772884917,-2.783306401,-2.770062314,-2.780677492,-2.807990407,-2.816160963,-2.817870786,-2.716925025,-2.776504059,-2.797511683,-2.772627558,-2.791558644,-2.729787145,-2.738737131,-2.773657913,-2.6413039,-2.74836178,-2.585026652,-2.536853863,-2.584859648,-2.533280628,-2.497299825,-2.489320969,-2.424581209,-2.394910538,-2.360214787,-2.278684119,-2.273680388,-2.264960295,-2.180521872,-2.108518296,-2.101274818,-2.01211039,-2.006035002,-1.973303344,-1.923650883,-1.901217876,-1.85811145,-1.810565837,-1.768122813,-1.755079956,-1.699165481,-1.654312671,-1.613197937,-1.574319083,-1.516526818,-1.493697956,-1.452372955,-1.394242575,-1.387322082,-1.308962736,-1.271971046,-1.233193195,-1.174976554,-1.131343808,-1.088081045,-1.044418071,-1.004781753,-0.958212681,-0.92027261,-0.874505722,-0.825367522,-0.803163614,-0.738789488,-0.691858349,-0.637732464,-0.637881475,-0.590024632,-0.533991442,-0.512050379,-0.466965521,-0.448550002,-0.401318901,-0.402917206,-0.360356157,-0.306321406,-0.3130868,-0.326712697,-0.162400831,-0.251070428
1956,-1.336657209,-2.541060138,-2.804653942,-2.877456476,-3.027797162,-3.118045029,-3.129011186,-3.331614083,-3.272458743,-3.36251027,-3.329754147,-3.41453927,-3.374687549,-3.394694954,-3.258060922,-3.170696227,-3.110698297,-2.943476276,-2.899284913,-2.886725308,-2.782516056,-2.696156225,-2.76421913,-2.766242637,-2.759950228,-2.718966633,-2.792634963,-2.74641971,-2.799696817,-2.815308569,-2.815308569,-2.735654493,-2.749824052,-2.716472635,-2.72010502,-2.674689628,-2.653451441,-2.650139918,-2.624336386,-2.597566654,-2.490663042,-2.557990841,-2.487449007,-2.487983031,-2.406381692,-2.382161252,-2.353106376,-2.305745888,-2.25469094,-2.223516744,-2.1807852,-2.130006,-2.088363067,-2.029560137,-2.023008455,-1.969157497,-1.904551673,-1.885222268,-1.830237423,-1.814627857,-1.775777814,-1.722047153,-1.69439071,-1.662560707,-1.626077048,-1.595234682,-1.508470225,-1.493346169,-1.460509887,-1.398689814,-1.348663825,-1.329448022,-1.282928937,-1.223131812,-1.193786098,-1.142492615,-1.089658459,-1.044846428,-1.006136299,-0.944132598,-0.897226813,-0.86755459,-0.818991517,-0.797424506,-0.724935238,-0.705425765,-0.65644765,-0.627377009,-0.58714314,-0.535555166,-0.515432547,-0.463798987,-0.409996813,-0.410242469,-0.406383906,-0.405166748,-0.333673001,-0.37020623,-0.335299746,-0.021812633,-0.368752114
1957,-1.336101285,-2.520712684,-2.74208155,-2.942714356,-3.019542108,-3.040958608,-3.122628654,-3.171340103,-3.175874166,-3.294136288,-3.326979093,-3.317854924,-3.251037139,-3.17327748,-3.118615343,-3.12090412,-3.010995384,-2.971022295,-2.831797253,-2.81079051,-2.793174124,-2.719877104,-2.745693668,-2.697236292,-2.739451627,-2.753501419,-2.701146924,-2.713992878,-2.756465898,-2.704652852,-2.7780644,-2.74208155,-2.838033384,-2.719194072,-2.669586227,-2.757210191,-2.67243674,-2.716472635,-2.594482893,-2.59465364,-2.532391894,-2.534319788,-2.548213564,-2.512013669,-2.418164076,-2.370182804,-2.313989709,-2.308653236,-2.241088108,-2.207818504,-2.186018924,-2.127319393,-2.105794741,-2.036826284,-1.985941723,-1.965291349,-1.904133547,-1.859052229,-1.833451485,-1.823503588,-1.753353725,-1.724136049,-1.678857435,-1.651597772,-1.612289911,-1.577426574,-1.531800414,-1.481881053,-1.432608933,-1.384355008,-1.355886514,-1.301299342,-1.269694257,-1.219092506,-1.157253505,-1.128876769,-1.097083766,-1.054891014,-0.99258084,-0.955687637,-0.940709285,-0.877535088,-0.831971242,-0.778859728,-0.749138608,-0.707772735,-0.649563957,-0.617489476,-0.602894638,-0.574743008,-0.527250862,-0.505593533,-0.46689298,-0.411580378,-0.404664739,-0.323912082,-0.324119052,-0.381807511,-0.241086594,-0.189530231,-0.110098545
1958,-1.375109699,-2.575935475,-2.819300799,-2.929223537,-3.095284455,-3.143875556,-3.266802735,-3.200659451,-3.317854924,-3.37675071,-3.317854924,-3.317854924,-3.462180905,-3.320572103,-3.185086819,-3.13430394,-3.056505484,-2.976336082,-2.909036923,-2.830325566,-2.785951321,-2.794254459,-2.775208044,-2.815024809,-2.80161787,-2.768275617,-2.823908741,-2.779107751,-2.811071516,-2.790484985,-2.783306401,-2.775985189,-2.763210901,-2.745935547,-2.712646227,-2.696372024,-2.691649051,-2.689306688,-2.651111277,-2.639974911,-2.599462011,-2.546834607,-2.482012797,-2.53387413,-2.481749349,-2.454940415,-2.350957366,-2.328456915,-2.282912275,-2.239652921,-2.208239196,-2.165642887,-2.1397219,-2.049537781,-2.013049212,-1.955695481,-1.936479,-1.888367888,-1.852694762,-1.833895655,-1.77502691,-1.733556619,-1.706703755,-1.677036838,-1.641608241,-1.587808345,-1.553136769,-1.52042469,-1.469685018,-1.423382264,-1.366188284,-1.339419088,-1.279245501,-1.251075848,-1.215111804,-1.1360648,-1.124886624,-1.058747035,-1.036216893,-0.98676661,-0.935351113,-0.885402358,-0.841405343,-0.813979337,-0.757784166,-0.725038987,-0.656087484,-0.648033718,-0.602181611,-0.58845605,-0.543168034,-0.536369757,-0.499428737,-0.422340489,-0.433909139,-0.304841538,-0.412858367,-0.215406241,-0.19429122,-0.189864301,-0.002093997
1959,-1.380280734,-2.545307551,-2.779630368,-3.024108864,-2.987584625,-3.141462802,-3.300162274,-3.098541679,-3.178486472,-3.316052869,-3.386158178,-3.43062609,-3.410050399,-3.35261703,-3.274905479,-3.081969663,-3.013228266,-2.989700043,-2.852014679,-2.847711656,-2.815876646,-2.817585348,-2.722849386,-2.796423225,-2.834458923,-2.753994096,-2.84103474,-2.78994915,-2.822175028,-2.809388202,-2.8247782,-2.735654493,-2.749824052,-2.714217726,-2.729787145,-2.706637445,-2.688246139,-2.665546249,-2.635449005,-2.622693749,-2.59345982,-2.543937776,-2.513003112,-2.446845452,-2.516555352,-2.366127737,-2.372531728,-2.302596277,-2.314885531,-2.213319547,-2.197705289,-2.146545159,-2.128427064,-2.07717078,-2.043399412,-1.982090604,-1.927676562,-1.884922283,-1.854896867,-1.82474919,-1.780284524,-1.737596377,-1.680311107,-1.653353682,-1.622147581,-1.593766489,-1.557614312,-1.518758082,-1.457373722,-1.4295855,-1.385440231,-1.338187314,-1.279939975,-1.237133958,-1.209341939,-1.152229979,-1.114452209,-1.061600373,-1.031045654,-0.969141317,-0.92306115,-0.899739766,-0.85495906,-0.80034628,-0.760312708,-0.724092332,-0.682527958,-0.652630949,-0.614490247,-0.560970629,-0.566300555,-0.497645268,-0.446604919,-0.499213456,-0.471766115,-0.38223769,-0.35032738,-0.277609614,-0.169788054,-0.342751914,-0.363800057
1960,-1.411459394,-2.567672208,-2.854803594,-2.970210529,-3.015022874,-3.21395879,-3.261219442,-3.256490235,-3.328827157,-3.295849483,-3.469800302,-3.512861625,-3.452225295,-3.342944147,-3.28567024,-3.204119983,-3.086716098,-3.057000407,-2.897909474,-2.900319359,-2.865504144,-2.889073758,-2.827397069,-2.770830297,-2.875169851,-2.985479461,-2.791021483,-2.808828544,-2.84103474,-2.775985189,-2.846185136,-2.802168307,-2.739690054,-2.775725986,-2.810509686,-2.71219827,-2.703115524,-2.676541633,-2.668167956,-2.624702262,-2.553462833,-2.59465364,-2.527682454,-2.488919154,-2.439137305,-2.374481771,-2.379031564,-2.392652223,-2.28567024,-2.26816958,-2.200383796,-2.130064589,-2.097670694,-2.070019409,-2.047110735,-1.985647499,-1.956716334,-1.892179733,-1.841999571,-1.814514508,-1.770779056,-1.727462223,-1.684113584,-1.671763146,-1.620277615,-1.572871081,-1.537123045,-1.495461178,-1.456080882,-1.432526623,-1.388914267,-1.328114721,-1.263786817,-1.244628303,-1.200445803,-1.163523971,-1.108551752,-1.050756409,-1.026207353,-0.972944099,-0.925776183,-0.889309303,-0.846459514,-0.801290691,-0.750363899,-0.714994348,-0.689204763,-0.659238708,-0.576223464,-0.551607536,-0.521123405,-0.450043319,-0.463274942,-0.431792407,-0.406486874,-0.384755066,-0.346260862,-0.376297006,-0.2869734,-0.30809934,-0.110232311
1961,-1.463972125,-2.647817482,-2.898596649,-3.022733788,-3.134896025,-3.234331445,-3.228412519,-3.294992041,-3.367542708,-3.393618635,-3.287350298,-3.444905551,-3.500312917,-3.488116639,-3.254925208,-3.217527376,-3.130181792,-3.052566278,-3.019996628,-2.873543887,-2.980053318,-2.854182286,-2.925915311,-2.929962133,-2.934420285,-2.838033384,-2.875821945,-2.887060024,-2.801342913,-2.854492829,-2.843450849,-2.78968148,-2.816445466,-2.788345599,-2.732359018,-2.789413975,-2.7044329,-2.659754238,-2.675511767,-2.623058243,-2.621965678,-2.555486794,-2.535659515,-2.5592483,-2.428291168,-2.435452288,-2.422623108,-2.372941536,-2.322393047,-2.276544328,-2.239954672,-2.178486472,-2.114243119,-2.102208018,-2.057396751,-2.018226681,-1.947575412,-1.911049266,-1.856017708,-1.83621269,-1.77580373,-1.743715322,-1.699730685,-1.676521012,-1.649364392,-1.593562019,-1.578939281,-1.539447927,-1.491618438,-1.445777434,-1.400793995,-1.361021813,-1.30980392,-1.261282847,-1.229567764,-1.182071218,-1.147074961,-1.085112333,-1.043433009,-1.00674899,-0.959599428,-0.905770019,-0.882688923,-0.809209033,-0.779183491,-0.755574428,-0.705743256,-0.66060024,-0.641943263,-0.631233517,-0.553608865,-0.524179231,-0.523848303,-0.484855005,-0.413529723,-0.427886171,-0.400399639,-0.405263907,-0.383703072,-0.34602669,-0.120823236
1962,-1.470454157,-2.709965389,-2.984640245,-3,-3.147520006,-3.140261434,-3.302770657,-3.537602002,-3.333482019,-3.437707136,-3.49757288,-3.4225082,-3.355561411,-3.375717904,-3.269217724,-3.169411331,-3.12090412,-3.055517328,-2.975925013,-2.972242795,-2.946921557,-2.921543182,-2.966576245,-2.945004138,-2.986741335,-2.888401475,-2.890421453,-2.933674075,-2.858550227,-2.899629455,-2.895854449,-2.753009301,-2.780939668,-2.722390786,-2.751781439,-2.760950907,-2.761702932,-2.671009145,-2.68172792,-2.640733835,-2.57921938,-2.592439151,-2.566550206,-2.494307493,-2.439495585,-2.384470776,-2.381847267,-2.355659901,-2.318216234,-2.266160999,-2.223516744,-2.204606665,-2.133122186,-2.111876693,-2.038104526,-2.008951224,-1.96569247,-1.918580676,-1.850842494,-1.820362048,-1.775518735,-1.742945722,-1.699643683,-1.663420201,-1.599220323,-1.598754592,-1.562756939,-1.497982785,-1.469569764,-1.43055586,-1.36016502,-1.343422709,-1.283203958,-1.252145577,-1.200294245,-1.159705668,-1.123799485,-1.071547816,-1.0238335,-0.969776857,-0.935051834,-0.893020811,-0.843578067,-0.796273775,-0.755589271,-0.723770341,-0.666659549,-0.629512817,-0.567996525,-0.594189365,-0.541820101,-0.481753299,-0.442635982,-0.407864341,-0.345847533,-0.332836673,-0.448056212,-0.2535612,-0.243998684,-0.34291545,-0.265653097
1963,-1.495433997,-2.650722473,-2.89997427,-3.027797162,-3.113509275,-3.152427341,-3.358525889,-3.364516253,-3.399027104,-3.444905551,-3.404503778,-3.420216403,-3.449771647,-3.575118363,-3.256490235,-3.240332155,-3.068033885,-3.133712661,-2.977571629,-2.896880746,-2.908333042,-2.934420285,-2.93404702,-2.903437562,-2.969400278,-2.869666232,-2.989700043,-2.90868484,-2.902048929,-2.855114582,-2.896196279,-2.820735536,-2.805485658,-2.761702932,-2.76700389,-2.711080394,-2.719649307,-2.656197667,-2.717151397,-2.562566556,-2.591590422,-2.58519372,-2.560193789,-2.497436331,-2.45432185,-2.440811811,-2.382999659,-2.340273905,-2.348140731,-2.276052024,-2.19859629,-2.213887716,-2.145208306,-2.118843679,-2.078781879,-2.041054068,-1.988556438,-1.929518825,-1.857641824,-1.822059693,-1.776893619,-1.720082223,-1.706350221,-1.659833605,-1.624263248,-1.568748845,-1.532525089,-1.499543963,-1.449270357,-1.426942643,-1.384018403,-1.339049189,-1.28821807,-1.248028425,-1.211499316,-1.171591474,-1.110463002,-1.070637281,-1.03253627,-0.977848048,-0.932575749,-0.886140174,-0.85405813,-0.806343995,-0.76138943,-0.730176623,-0.68179262,-0.646936276,-0.597742058,-0.5647642,-0.565611557,-0.453364812,-0.439702327,-0.396150066,-0.387809731,-0.417705908,-0.339855784,-0.289709967,-0.299166533,-0.195651311,-0.101517806
1964,-1.524285239,-2.644931794,-2.93330145,-3.051587034,-3.171984936,-3.164309429,-3.284832642,-3.332547047,-3.484126156,-3.232102384,-3.317854924,-3.42945706,-3.434152181,-3.55129368,-3.221125528,-3.139661993,-3.088309841,-3.086716098,-2.959002308,-3.021363052,-2.945004138,-2.834458923,-2.994819487,-2.914352712,-2.891096872,-2.928486195,-2.915066425,-2.876148359,-2.913640169,-2.829444941,-2.896538378,-2.85823677,-2.811634074,-2.770830297,-2.820161072,-2.769806621,-2.671824339,-2.675306086,-2.713768146,-2.604324215,-2.647817482,-2.597738618,-2.591420875,-2.522589312,-2.511590311,-2.428524096,-2.334700501,-2.40329297,-2.312471039,-2.27417001,-2.231657941,-2.194703084,-2.156704917,-2.111932887,-2.051147094,-2.023420781,-1.990039469,-1.958725775,-1.914602378,-1.835230897,-1.786216701,-1.761552423,-1.71132608,-1.682208184,-1.601053595,-1.565510937,-1.54610095,-1.514718768,-1.481617684,-1.432550138,-1.392695129,-1.356853412,-1.317079124,-1.263571624,-1.219099699,-1.184037268,-1.14225753,-1.105822446,-1.049474506,-1.019287784,-0.964498219,-0.916128458,-0.872538837,-0.825599988,-0.7656827,-0.739294337,-0.724926017,-0.673244387,-0.65284569,-0.597821184,-0.563050609,-0.537348987,-0.495131047,-0.463110913,-0.454391086,-0.433351599,-0.382185334,-0.355590955,-0.414703995,-0.509746469,-0.341224726
1965,-1.547753425,-2.663140179,-2.925549281,-3.064996849,-3.200659451,-3.280668713,-3.204119983,-3.374687549,-3.35753548,-3.374687549,-3.305394801,-3.42365865,-3.374687549,-3.488116639,-3.381951903,-3.229884705,-3.243363892,-3.059981845,-2.97798426,-2.957818405,-3.010105436,-2.964970718,-2.973058372,-3.008330993,-2.991399828,-2.952335805,-2.994819487,-3.054039296,-2.88941029,-2.942714356,-2.849550591,-2.779107751,-2.772113295,-2.790484985,-2.780153614,-2.711527199,-2.70158362,-2.646468441,-2.693789492,-2.599807511,-2.609771638,-2.542723814,-2.540607512,-2.51215488,-2.469160221,-2.410832609,-2.388382889,-2.33170729,-2.302596277,-2.271971046,-2.227825039,-2.187956102,-2.190709699,-2.140921775,-2.082862247,-2.009883234,-1.96189669,-1.926538271,-1.882397308,-1.835320059,-1.80073862,-1.728553386,-1.687843809,-1.646526171,-1.622238561,-1.556705713,-1.522386824,-1.494239724,-1.447161506,-1.399691571,-1.363121114,-1.328845678,-1.293743207,-1.245521701,-1.222022502,-1.143863459,-1.133187099,-1.070535093,-1.016315089,-0.984305011,-0.941262792,-0.892935951,-0.849550591,-0.796018471,-0.75784633,-0.71437069,-0.6828668,-0.640580046,-0.612631533,-0.561617476,-0.528476531,-0.525632197,-0.46490598,-0.449975997,-0.395729655,-0.331345761,-0.432807716,-0.160136852,-0.270697489,-0.368639445,-0.264374756
1966,-1.541845809,-2.72607322,-2.970210529,-3.094743951,-3.197910742,-3.212539525,-3.222573178,-3.261219442,-3.453457337,-3.424812155,-3.356547324,-3.500312917,-3.350665141,-3.458420756,-3.369572125,-3.333482019,-3.07109231,-2.989276135,-2.981715692,-2.979224512,-2.872895202,-2.920456993,-2.928117993,-2.89997427,-2.971022295,-2.915423722,-2.907279355,-2.898252926,-2.852014679,-2.900319359,-2.898596649,-2.828858849,-2.780939668,-2.762205007,-2.774174009,-2.689094371,-2.710411047,-2.688670048,-2.627087997,-2.622329561,-2.626720107,-2.548981548,-2.536554968,-2.51812759,-2.452348342,-2.434742657,-2.404834585,-2.372429336,-2.317854924,-2.274660184,-2.232324776,-2.183891329,-2.175028539,-2.095122233,-2.084864093,-2.044360347,-1.986741335,-1.936704179,-1.909706669,-1.863247734,-1.816787117,-1.747996979,-1.700797882,-1.685395527,-1.625581623,-1.580060765,-1.535823544,-1.506862734,-1.471520384,-1.430871987,-1.37740264,-1.348780154,-1.318577844,-1.278024598,-1.236826668,-1.186152246,-1.127069101,-1.101719211,-1.055551875,-1.016603774,-0.955001885,-0.898937204,-0.881044525,-0.822039512,-0.787961627,-0.7511835,-0.724380026,-0.674706056,-0.636128649,-0.581531322,-0.550325711,-0.499436966,-0.488477587,-0.466418575,-0.416860194,-0.432406714,-0.474668783,-0.378905806,-0.452954241,-0.41216561,-0.154783476
1967,-1.572205645,-2.750312572,-3.00656377,-3.096910013,-3.247183569,-3.215382707,-3.287350298,-3.339134522,-3.282329497,-3.412289035,-3.386158178,-3.386158178,-3.476253533,-3.416801226,-3.448550002,-3.21395879,-3.004364805,-2.993533958,-2.837734386,-2.910094889,-2.869666232,-2.870310108,-2.917573699,-2.976336082,-2.972650392,-2.978397284,-2.873868593,-2.925915311,-2.889073758,-2.861697302,-2.885055584,-2.817015033,-2.820161072,-2.767257937,-2.732828272,-2.742321425,-2.739928612,-2.615288257,-2.665747358,-2.63432486,-2.567993313,-2.533577278,-2.53521248,-2.517126416,-2.449894001,-2.43628166,-2.394910538,-2.306624849,-2.288192771,-2.290475644,-2.330776126,-2.233289793,-2.135666945,-2.128660619,-2.069152808,-2.029420694,-1.970007825,-1.962852496,-1.896230477,-1.852880424,-1.824662171,-1.768504924,-1.710991088,-1.637838087,-1.630227711,-1.576786904,-1.533176849,-1.484682621,-1.455683858,-1.420147836,-1.367562955,-1.323718022,-1.283821304,-1.251284935,-1.205177473,-1.160415121,-1.12615066,-1.082830713,-1.03618385,-0.993102018,-0.924708581,-0.895823698,-0.85558771,-0.814863149,-0.772784529,-0.732675708,-0.695423311,-0.661451876,-0.597277908,-0.585200405,-0.543375896,-0.499450682,-0.507352738,-0.411600545,-0.416901023,-0.376445777,-0.357876916,-0.346348588,-0.196048098,-0.189864301,-0.229142836
1968,-1.588026942,-2.780153614,-2.965772739,-3.142064735,-3.22184875,-3.258848401,-3.215382707,-3.280668713,-3.339134522,-3.296708622,-3.453457337,-3.424812155,-3.406713933,-3.441291429,-3.536107011,-3.279014256,-3.099632871,-3.056505484,-2.924453039,-2.887060024,-2.911155437,-2.891096872,-2.91150953,-2.887060024,-2.923723745,-2.978397284,-2.97674754,-2.972242795,-2.929223537,-2.948461609,-2.868702203,-2.872571222,-2.847405922,-2.747389659,-2.703773713,-2.727926212,-2.771086594,-2.675306086,-2.641113796,-2.653060537,-2.577574324,-2.534617149,-2.505706231,-2.497709472,-2.478338985,-2.413187731,-2.367947833,-2.350373113,-2.337053386,-2.29030613,-2.265360161,-2.169411331,-2.169732199,-2.126737541,-2.102208018,-2.019860222,-2.00274471,-1.938020053,-1.915602481,-1.859649111,-1.816132523,-1.762079434,-1.69544485,-1.654312671,-1.622384169,-1.588026942,-1.536330932,-1.495189447,-1.449294797,-1.402535183,-1.389723207,-1.324560797,-1.277777536,-1.248182212,-1.201024963,-1.17994311,-1.1168498,-1.084378589,-1.034887708,-0.984728286,-0.933472817,-0.897079444,-0.847384529,-0.818416495,-0.780992122,-0.735356874,-0.707440472,-0.652459232,-0.60895192,-0.588801326,-0.554482976,-0.50134766,-0.440847764,-0.47085208,-0.392006999,-0.346612838,-0.420313559,-0.249567208,-0.363870319,-0.23081549,-0.079530212
1969,-1.595285987,-2.73072061,-3.005682847,-3.118045029,-3.258848401,-3.233587153,-3.2644011,-3.249491605,-3.353596274,-3.397940009,-3.42365865,-3.4225082,-3.385102784,-3.387216143,-3.294136288,-3.260427656,-3.057495894,-3.044793462,-2.910094889,-2.852323676,-2.933674075,-2.927750102,-2.869344651,-2.993533958,-2.971835581,-2.934420285,-2.940436582,-2.925915311,-2.979224512,-2.894149326,-2.835052627,-2.973466735,-2.81417464,-2.785421046,-2.823619308,-2.714442691,-2.703773713,-2.576590272,-2.674689628,-2.572676214,-2.586197483,-2.545917729,-2.504039605,-2.527097348,-2.473014931,-2.399462706,-2.385735713,-2.329846955,-2.255785275,-2.243516036,-2.180061431,-2.15701653,-2.199076818,-2.120961495,-2.069000058,-2.040576978,-2.008596697,-1.947190672,-1.895717793,-1.866940357,-1.784283145,-1.768504924,-1.699556698,-1.669789215,-1.613447531,-1.577000023,-1.508568264,-1.464832515,-1.428745494,-1.385324204,-1.34110183,-1.28905378,-1.263125638,-1.235099402,-1.178630605,-1.148882361,-1.124834518,-1.083293445,-1.016134759,-0.985315687,-0.954774846,-0.917440809,-0.863999627,-0.816582094,-0.772622412,-0.740069423,-0.698692145,-0.66368639,-0.628998673,-0.584996587,-0.531723581,-0.518644813,-0.461906568,-0.440793836,-0.384611845,-0.377311518,-0.388694198,-0.244036771,-0.241891614,-0.222540552,-0.230164986
1970,-1.59359609,-2.796423225,-3.024568191,-3.161150909,-3.079354999,-3.241845378,-3.294992041,-3.344861565,-3.301029996,-3.361510743,-3.339134522,-3.548213564,-3.4225082,-3.324221658,-3.315154638,-3.220403509,-3.128427064,-2.913640169,-2.85886391,-2.849857838,-2.845880474,-2.853871964,-2.906928694,-3.018634491,-2.869666232,-2.932557157,-2.961777362,-2.957030927,-2.930331903,-2.922632095,-2.892111975,-2.880744111,-2.953504836,-2.851705903,-2.75276345,-2.765735876,-2.723078868,-2.671824339,-2.580539927,-2.559405738,-2.56320149,-2.485717952,-2.527097348,-2.471211808,-2.425505732,-2.405828521,-2.353008463,-2.3341377,-2.298777516,-2.284330858,-2.217097594,-2.194975156,-2.1397219,-2.082074578,-2.090979146,-2.038104526,-2.009261671,-1.947652401,-1.906368223,-1.876475019,-1.812648518,-1.756168538,-1.696458373,-1.652494351,-1.629857153,-1.586633169,-1.539869236,-1.495760279,-1.437005692,-1.385640715,-1.346681338,-1.317764643,-1.270632695,-1.225943119,-1.195751496,-1.15130604,-1.107855289,-1.074858152,-1.034426743,-0.98845493,-0.937320264,-0.905553329,-0.868022245,-0.836889335,-0.766032259,-0.739039458,-0.688933079,-0.660167104,-0.609531215,-0.577802614,-0.541804979,-0.490417132,-0.476193724,-0.450512414,-0.442455506,-0.412045584,-0.340364234,-0.293685983,-0.282342809,-0.323010257,-0.148338128
1971,-1.582080127,-2.806597097,-3.105130343,-3.15490196,-3.271646218,-3.278189385,-3.306273051,-3.32330639,-3.417936637,-3.46470588,-3.515700161,-3.524328812,-3.320572103,-3.316952962,-3.20481541,-3.318758763,-2.986741335,-2.931072388,-2.805763251,-2.795880017,-2.857297754,-2.815876646,-2.901356274,-2.917933066,-2.872247484,-2.878440156,-2.916855857,-2.825068406,-2.929962133,-2.936291441,-2.855425792,-2.875821945,-2.825068406,-2.76700389,-2.793984123,-2.786216701,-2.679853714,-2.66594856,-2.614751318,-2.577246059,-2.536853863,-2.538951908,-2.474955193,-2.451856363,-2.46470588,-2.453457337,-2.390832626,-2.335264031,-2.303556237,-2.225702062,-2.248259126,-2.168194191,-2.188290973,-2.092051478,-2.081969663,-2.061530312,-2.030444316,-1.980717504,-1.927345783,-1.905458999,-1.83064891,-1.777673789,-1.741027669,-1.697712373,-1.654293079,-1.610798464,-1.543770654,-1.503513171,-1.467946661,-1.414437759,-1.384670813,-1.319483191,-1.296510869,-1.252518276,-1.204975516,-1.176499688,-1.122311977,-1.083382893,-1.039338993,-1.004913503,-0.944224257,-0.909385767,-0.854464871,-0.811870566,-0.781719265,-0.728418584,-0.680542065,-0.672704426,-0.587924356,-0.585686947,-0.514697458,-0.489232538,-0.474613078,-0.452124422,-0.402935877,-0.372868767,-0.389366449,-0.315419423,-0.335136234,-0.134336484,-0.124938737
1972,-1.599652002,-2.801893001,-3.078313525,-3.165579296,-3.226945307,-3.391473966,-3.342944147,-3.406713933,-3.284832642,-3.377785977,-3.394694954,-3.494850022,-3.469800302,-3.271646218,-3.26760624,-3.227678293,-3.025488307,-2.981715692,-2.826231177,-2.747146969,-2.888065724,-2.8569852,-2.821886748,-2.904481958,-2.97510404,-2.932557157,-2.943857738,-2.883392256,-2.927015255,-2.874193542,-2.873543887,-2.903089987,-2.848017605,-2.864231485,-2.769040444,-2.712422191,-2.73095429,-2.68655463,-2.659952682,-2.609594844,-2.551757587,-2.544698228,-2.510182092,-2.482804102,-2.427476902,-2.402304814,-2.346884007,-2.322484295,-2.327809749,-2.26897562,-2.20495463,-2.232844134,-2.125054564,-2.14014148,-2.084705717,-2.058936012,-2.016373713,-1.956794961,-1.921724478,-1.913675769,-1.865567875,-1.788025599,-1.761652757,-1.709364474,-1.659238708,-1.615145008,-1.563376259,-1.519260264,-1.467729855,-1.444506523,-1.40644812,-1.332621771,-1.288420519,-1.267140026,-1.228434565,-1.180278435,-1.141703475,-1.084837693,-1.046428753,-1.008827106,-0.96105017,-0.919579166,-0.881424466,-0.834435192,-0.798750397,-0.754391107,-0.722115858,-0.696132494,-0.615539056,-0.586437056,-0.581524694,-0.522240801,-0.480946817,-0.476379679,-0.433573115,-0.409591785,-0.347474214,-0.432791245,-0.316187764,-0.430290257,-0.238417931
1973,-1.628913658,-2.86774031,-3.109578981,-3.128427064,-3.345823458,-3.271646218,-3.307153081,-3.336299075,-3.442492798,-3.455931956,-3.4867824,-3.388276692,-3.581698709,-3.554395797,-3.349692477,-3.15490196,-2.985479461,-2.941573976,-2.81417464,-2.830913643,-2.931072388,-2.893469146,-2.932929144,-2.891096872,-2.967784297,-2.938170693,-2.904133547,-3.054531415,-2.8569852,-2.86518563,-2.901010361,-2.853561865,-2.888065724,-2.829444941,-2.804931004,-2.824198367,-2.761702932,-2.709075441,-2.684869683,-2.604149624,-2.595850751,-2.565910362,-2.491066474,-2.438421632,-2.466609292,-2.415103656,-2.39501837,-2.334231449,-2.324588306,-2.307329301,-2.271402757,-2.169989064,-2.170374647,-2.138047625,-2.079407138,-2.043543417,-2.033764376,-2.017050711,-1.959635044,-1.912183102,-1.856454373,-1.830501905,-1.77314243,-1.741410602,-1.675635222,-1.639330866,-1.579499661,-1.558634834,-1.506737181,-1.445644117,-1.425193485,-1.370386555,-1.321026624,-1.278939953,-1.228405171,-1.200790448,-1.147263897,-1.125234157,-1.066831717,-1.031013002,-0.974923634,-0.934368009,-0.890863734,-0.84045386,-0.808289157,-0.753481724,-0.728144459,-0.669630876,-0.66659908,-0.614300801,-0.573742558,-0.523333545,-0.496864656,-0.449944176,-0.451890783,-0.417918447,-0.335604383,-0.386460493,-0.317377552,-0.388469991,-0.167387635
1974,-1.622183971,-2.869023308,-3.030118356,-3.126098402,-3.395773947,-3.415668776,-3.348721986,-3.359518563,-3.392544977,-3.452225295,-3.465973894,-3.518557371,-3.522878745,-3.510041521,-3.424812155,-3.237321436,-2.931814138,-2.935542011,-2.8569852,-2.873219423,-2.895854449,-2.932185489,-2.894830572,-2.949620244,-3.027334408,-2.93330145,-2.993962045,-2.982132281,-2.874518734,-2.951946827,-2.940815382,-2.835052627,-2.881074247,-2.836242476,-2.854182286,-2.825649403,-2.758204569,-2.7044329,-2.696803943,-2.615646586,-2.579714115,-2.568958055,-2.507798549,-2.460798401,-2.433916216,-2.456677099,-2.372736583,-2.334512819,-2.320935682,-2.247106845,-2.248797905,-2.189297139,-2.173083353,-2.132296867,-2.077118909,-2.059583135,-2.005858889,-1.987669044,-1.937380416,-1.907595193,-1.870213465,-1.81276138,-1.797184859,-1.748215823,-1.685227187,-1.632196967,-1.589273367,-1.55107736,-1.503610098,-1.463694128,-1.408134358,-1.376223672,-1.32896608,-1.273142441,-1.213660359,-1.192187707,-1.142317796,-1.114282669,-1.075896535,-1.020679303,-0.981324462,-0.92530787,-0.87157165,-0.856638527,-0.796744037,-0.762350717,-0.712361721,-0.687562399,-0.666820842,-0.618073069,-0.566687896,-0.511347772,-0.472290207,-0.504289192,-0.430994988,-0.379070027,-0.358059125,-0.340204507,-0.387328439,-0.350486007,-0.474431762
1975,-1.689795411,-2.841336019,-3.051098239,-3.216811309,-3.301899454,-3.341988603,-3.259637311,-3.379863945,-3.530177984,-3.519993057,-3.559090918,-3.494850022,-3.404503778,-3.366531544,-3.386158178,-3.169411331,-3.000869459,-3.024108864,-2.901356274,-2.795880017,-2.909036923,-2.857923539,-2.917933066,-2.891434976,-3.015022874,-2.97674754,-3.038104526,-2.957030927,-2.981715692,-2.873868593,-2.9476909,-2.838332588,-2.864549301,-2.784098187,-2.778325003,-2.78968148,-2.809108283,-2.72514968,-2.604324215,-2.656591406,-2.649558143,-2.530030791,-2.474048659,-2.471983659,-2.422968014,-2.410832609,-2.368962303,-2.342179544,-2.321117585,-2.240709967,-2.277695213,-2.193006486,-2.173601218,-2.159204101,-2.093880542,-2.033576654,-2.012512494,-1.990846668,-1.944392348,-1.885589198,-1.862867524,-1.810144886,-1.795473057,-1.735441887,-1.693039137,-1.635317704,-1.598375476,-1.545856673,-1.522748476,-1.458433236,-1.411862805,-1.354381262,-1.329577867,-1.288100019,-1.23856083,-1.184880694,-1.144420277,-1.08893832,-1.061065192,-1.012892601,-0.95131742,-0.926802382,-0.892698431,-0.839882768,-0.782911049,-0.751536282,-0.707245662,-0.658369642,-0.62438759,-0.591554811,-0.53648177,-0.507861474,-0.457590401,-0.437065092,-0.420887793,-0.429450055,-0.346425725,-0.308034897,-0.372186764,-0.159974873,-0.138994592
1976,-1.746129148,-2.894149326,-3.086716098,-3.282329497,-3.424812155,-3.390405591,-3.500312917,-3.482804102,-3.431798276,-3.607303047,-3.508638306,-3.536107011,-3.600326279,-3.565431096,-3.366531544,-3.290730039,-2.989276135,-3.020451625,-2.86774031,-2.91150953,-2.876801925,-2.91829273,-2.970616222,-2.992679047,-2.943095149,-3.021363052,-2.962573502,-2.957030927,-2.950394387,-2.925549281,-2.940815382,-2.906228219,-2.821886748,-2.800793521,-2.750068243,-2.838931615,-2.761953897,-2.826231177,-2.725611204,-2.674074044,-2.590912631,-2.598082749,-2.506123889,-2.456428576,-2.416347891,-2.421704695,-2.336393292,-2.330125498,-2.331987028,-2.281664421,-2.208590084,-2.227531597,-2.13667714,-2.144723196,-2.107126593,-2.076600534,-2.02691835,-1.970697406,-1.930813075,-1.911084653,-1.894523879,-1.836421235,-1.819329447,-1.74865384,-1.715591827,-1.652240782,-1.600793699,-1.557410495,-1.529618914,-1.475071885,-1.431551854,-1.371171888,-1.340311936,-1.278214108,-1.235144179,-1.201715449,-1.142305742,-1.103639155,-1.058975807,-1.013380519,-0.968397661,-0.943449586,-0.881123789,-0.84638328,-0.777751883,-0.744614111,-0.699719809,-0.659585632,-0.606610837,-0.583775683,-0.57955244,-0.519931225,-0.462760351,-0.429967539,-0.394202745,-0.364210746,-0.318937946,-0.275107542,-0.342717493,-0.235560082,-0.144833511
1977,-1.771959135,-2.93330145,-3.14327111,-3.442492798,-3.347753659,-3.485452247,-3.42136079,-3.512861625,-3.607303047,-3.472370099,-3.59345982,-3.488116639,-3.625251654,-3.539102157,-3.431798276,-3.259637311,-2.929592678,-2.924818145,-2.900664722,-2.833273944,-2.911155437,-2.894149326,-2.966576245,-2.963371105,-2.945386945,-3.012333735,-3.029653124,-2.921180817,-2.945386945,-2.966978555,-2.914709422,-2.912573543,-2.862645889,-2.810229044,-2.819587367,-2.793174124,-2.819014419,-2.737074531,-2.682981899,-2.62378815,-2.662540739,-2.523458191,-2.545307551,-2.496345481,-2.462306806,-2.391794992,-2.353890478,-2.301725423,-2.284330858,-2.250031916,-2.203981031,-2.219322726,-2.17450897,-2.157952711,-2.10204319,-2.068491278,-2.031563752,-1.995034113,-1.939415469,-1.897223385,-1.878768545,-1.865058289,-1.8224635,-1.766953098,-1.724734727,-1.682709896,-1.638706676,-1.577640006,-1.533384433,-1.486396236,-1.450138812,-1.389127,-1.351035326,-1.296210114,-1.269597292,-1.200749076,-1.167356988,-1.114051071,-1.089492988,-1.033628269,-0.976669333,-0.943228505,-0.898356015,-0.872736421,-0.824560672,-0.786020304,-0.735222304,-0.696382816,-0.667357571,-0.597645749,-0.587018947,-0.526200742,-0.524881109,-0.444052318,-0.436514168,-0.436250826,-0.348294688,-0.366015747,-0.348454512,-0.176091042,-0.253256852
1978,-1.81869962,-2.945004138,-3.076238039,-3.253365801,-3.350665141,-3.368556231,-3.63638802,-3.690369833,-3.694648631,-3.517126416,-3.752026734,-3.607303047,-3.57024772,-3.503070352,-3.476253533,-3.254144805,-3.035269079,-2.964570262,-2.819300799,-2.828273546,-2.849857838,-2.855425792,-2.901702464,-2.990124366,-2.951169913,-2.936666641,-3.010995384,-2.953114809,-2.926648298,-3.015922966,-2.868381336,-2.919734373,-2.841637508,-2.8224635,-2.845576027,-2.844663963,-2.761953897,-2.768785352,-2.691008971,-2.670195478,-2.63601217,-2.57741016,-2.539102157,-2.463946845,-2.447940466,-2.404393565,-2.369165482,-2.383629528,-2.27067319,-2.242072817,-2.201211286,-2.216954428,-2.162348442,-2.144299169,-2.11429962,-2.0736061,-2.034046111,-2.032732908,-1.955773923,-1.906018296,-1.862582585,-1.848017605,-1.803989713,-1.77255038,-1.738808528,-1.683170309,-1.634175193,-1.569280112,-1.541830686,-1.488023109,-1.455324369,-1.399255741,-1.357387113,-1.301647132,-1.262902817,-1.199090555,-1.155361314,-1.107871991,-1.081518818,-1.018929258,-0.974915435,-0.939317266,-0.875910052,-0.843478106,-0.808660787,-0.761745586,-0.707950046,-0.671277989,-0.62380276,-0.613435048,-0.555084364,-0.49951241,-0.486120805,-0.448325593,-0.416635704,-0.421274856,-0.44446664,-0.285083752,-0.388327664,-0.255775101,-0.271067004
1979,-1.824923279,-2.93516778,-3.185752404,-3.400116928,-3.424812155,-3.37161107,-3.356547324,-3.484126156,-3.557520231,-3.756961951,-3.540607512,-3.527243551,-3.568636236,-3.448550002,-3.560667306,-3.349692477,-3.052566278,-2.907279355,-2.859806321,-2.876148359,-2.885055584,-2.860435734,-2.951169913,-2.953895213,-2.935916564,-2.968187729,-2.997833938,-2.921180817,-2.995248844,-2.977159389,-2.962573502,-2.988852639,-2.910801633,-2.879097182,-2.823908741,-2.715343717,-2.763210901,-2.730253627,-2.715794932,-2.701365217,-2.620694482,-2.594141601,-2.590574131,-2.510744832,-2.465085896,-2.430977414,-2.393081474,-2.336016545,-2.225118234,-2.220403509,-2.220981028,-2.232176502,-2.171533453,-2.137212902,-2.123378084,-2.054974799,-2.021089423,-1.99366234,-1.955538639,-1.941877784,-1.874453676,-1.820017575,-1.842422359,-1.785712617,-1.735796288,-1.712556599,-1.661503665,-1.59934115,-1.57719684,-1.503070352,-1.464237652,-1.406846901,-1.364797832,-1.319084606,-1.270543618,-1.231835664,-1.181569548,-1.144329443,-1.086981316,-1.04557416,-0.994695053,-0.941889181,-0.906487263,-0.858330783,-0.833578768,-0.799957034,-0.746390645,-0.695072382,-0.689757143,-0.631692656,-0.568526872,-0.514485835,-0.510730754,-0.46958513,-0.42616334,-0.397005111,-0.356327271,-0.345674225,-0.363821134,-0.197754589,-0.393575638
1980,-1.828829565,-2.998266287,-3.222573178,-3.254144805,-3.246416941,-3.412289035,-3.380906669,-3.444905551,-3.472370099,-3.673664139,-3.554395797,-3.723538196,-3.665546249,-3.447331784,-3.412289035,-3.243363892,-3.085128182,-3.01278077,-2.862329463,-2.877784122,-2.91829273,-2.954677021,-2.915066425,-2.938924676,-2.994819487,-3.013228266,-2.940436582,-2.932929144,-2.94577009,-2.968995719,-2.975925013,-2.932557157,-2.897223385,-2.919012953,-2.823330067,-2.83209219,-2.86998805,-2.709965389,-2.668572703,-2.713094647,-2.644740094,-2.630042393,-2.554084586,-2.565590792,-2.455931956,-2.415555693,-2.371406744,-2.31461659,-2.286509457,-2.253287977,-2.189700259,-2.205581669,-2.145754703,-2.145329668,-2.136617652,-2.089215565,-2.013362604,-1.984305011,-1.975473286,-1.934868628,-1.883657961,-1.850565334,-1.814486176,-1.753920159,-1.769040444,-1.70555582,-1.670317431,-1.597171395,-1.577000023,-1.518758082,-1.484377802,-1.41644985,-1.389680594,-1.327828226,-1.283362382,-1.23287383,-1.187494403,-1.137522755,-1.087427247,-1.051132437,-0.996074401,-0.95685394,-0.916257366,-0.852070282,-0.817905051,-0.779243571,-0.752920779,-0.717128755,-0.645789725,-0.614259706,-0.58553474,-0.537178397,-0.470460572,-0.482776382,-0.4268614,-0.402706393,-0.42967543,-0.368468975,-0.318344571,-0.382216747,-0.203365314
1981,-1.895035154,-3.002613616,-3.187755303,-3.366531544,-3.450996738,-3.742321425,-3.492144128,-3.630784143,-3.559090918,-3.571865206,-3.657577319,-3.598599459,-3.57024772,-3.519993057,-3.571865206,-3.390405591,-3.007888512,-3.004803708,-2.85917782,-2.925915311,-2.922995673,-2.950394387,-2.924818145,-2.932557157,-2.960585881,-3.036684489,-3.018634491,-2.944621669,-3.018634491,-2.927382523,-2.985479461,-2.967784297,-2.942333896,-2.919012953,-2.893129456,-2.830913643,-2.755722879,-2.729321164,-2.6712128,-2.660747366,-2.659754238,-2.598771833,-2.569280112,-2.490394295,-2.441171475,-2.47469599,-2.409938769,-2.352323687,-2.303032359,-2.221776373,-2.284247283,-2.186018924,-2.161528721,-2.134659094,-2.069050969,-2.067272633,-2.039386542,-2.027056992,-1.969359805,-1.941687879,-1.909177837,-1.860498725,-1.844481779,-1.78220032,-1.728925473,-1.723423318,-1.666855124,-1.617154804,-1.567239092,-1.526469238,-1.484669364,-1.432938327,-1.372593174,-1.341845453,-1.291630096,-1.239298632,-1.185419484,-1.149727578,-1.09688287,-1.054629906,-1.009918779,-0.944094413,-0.918688705,-0.851563939,-0.819776606,-0.784291073,-0.716567598,-0.69874423,-0.66425133,-0.60940752,-0.582070173,-0.559867362,-0.501504738,-0.489827785,-0.396833967,-0.409292998,-0.395948996,-0.342423115,-0.327359152,-0.233894391,-0.217252983
1982,-1.889544976,-3.043351421,-3.269217724,-3.46470588,-3.459670525,-3.480172006,-3.623423043,-3.424812155,-3.540607512,-3.913640169,-3.514278574,-3.785156152,-3.632644079,-3.500312917,-3.498940738,-3.432973634,-3.015022874,-2.986741335,-2.891096872,-2.896880746,-2.900319359,-2.924088239,-3.032452024,-2.95939766,-2.94195377,-2.996108834,-2.931814138,-2.961379838,-2.932929144,-2.971022295,-2.880744111,-2.85823677,-2.887060024,-2.829444941,-2.868381336,-2.76700389,-2.74860515,-2.743763467,-2.708187313,-2.68655463,-2.636952405,-2.584025589,-2.601365675,-2.494850022,-2.462684727,-2.44721015,-2.404063094,-2.352128235,-2.3650192,-2.300422409,-2.232250633,-2.189901959,-2.183692401,-2.114017189,-2.072886388,-2.061180175,-2.042680103,-2.000043432,-1.982257336,-1.939415469,-1.911757566,-1.862772524,-1.832623582,-1.791478027,-1.742297432,-1.735182177,-1.659952682,-1.648049167,-1.584092254,-1.553680345,-1.49356262,-1.451880948,-1.406569931,-1.351600953,-1.295429125,-1.24902131,-1.210073964,-1.144729257,-1.11322172,-1.068282851,-1.004759798,-0.964026234,-0.925735918,-0.879485295,-0.838188944,-0.795920734,-0.735109014,-0.71819423,-0.67180802,-0.638876821,-0.590134476,-0.552555119,-0.533945404,-0.523001813,-0.413566863,-0.430040013,-0.408629268,-0.358103699,-0.384711884,-0.280654624,-0.192723461
1983,-1.933338698,-3.016824928,-3.435333936,-3.508638306,-3.645891561,-3.458420756,-3.54515514,-3.528708289,-3.645891561,-3.692503962,-3.669586227,-3.815308569,-3.609064893,-3.484126156,-3.477555766,-3.324221658,-3.105683937,-3.067019178,-2.887730232,-2.831797253,-3.002176919,-2.940436582,-2.925915311,-2.913640169,-3.025028006,-2.984640245,-2.997833938,-2.960982678,-3.042392713,-2.989276135,-2.960982678,-2.923723745,-2.891773344,-2.881074247,-2.879426069,-2.863596552,-2.720333056,-2.737311656,-2.689944262,-2.629301907,-2.603626272,-2.600672468,-2.580870692,-2.522300072,-2.478469659,-2.427012292,-2.412625828,-2.39739748,-2.314079208,-2.272214826,-2.250340968,-2.189431471,-2.162664132,-2.122340756,-2.046192002,-2.049391775,-2.017955021,-2.030537492,-1.975473286,-1.922886568,-1.901633204,-1.841486737,-1.828536835,-1.786455681,-1.749311696,-1.719057594,-1.697149787,-1.61969829,-1.589138446,-1.572075922,-1.513626203,-1.438135692,-1.389318548,-1.351483866,-1.283270655,-1.266088863,-1.208646253,-1.140507444,-1.108880871,-1.05051241,-1.013913828,-0.953555565,-0.919193196,-0.866799718,-0.827607262,-0.789194744,-0.738534904,-0.682226988,-0.651031544,-0.63221745,-0.582812393,-0.553698994,-0.509248147,-0.493749395,-0.448518285,-0.369883464,-0.358942536,-0.277306037,-0.356358841,-0.388180075,-0.260979378
1984,-1.941725853,-3.149966742,-3.215382707,-3.342944147,-3.370590401,-3.434152181,-3.522878745,-3.603800653,-3.76700389,-3.853871964,-3.610833916,-3.576754126,-3.677780705,-3.698970004,-3.420216403,-3.468521083,-3.116338565,-3.111259039,-2.94195377,-2.905878404,-2.890759031,-2.94195377,-2.940436582,-2.964170175,-3.001304842,-3.027797162,-2.998699067,-3.036212173,-2.985899678,-2.915781313,-3.051587034,-2.948461609,-2.985899678,-2.880414225,-2.836540448,-2.804653942,-2.752517739,-2.700492701,-2.770574152,-2.72010502,-2.628193541,-2.631527162,-2.570409198,-2.543482142,-2.486649201,-2.469160221,-2.399789694,-2.383734595,-2.345534666,-2.291069464,-2.225118234,-2.248566918,-2.16774663,-2.130006,-2.098705183,-2.092588639,-2.052419251,-2.014573526,-1.969805215,-1.92962961,-1.923833061,-1.895512889,-1.828507573,-1.806485825,-1.746977166,-1.734875447,-1.686765708,-1.65035343,-1.629375899,-1.559500229,-1.550136075,-1.48644948,-1.404779433,-1.379010775,-1.332491013,-1.282762343,-1.241542311,-1.192512327,-1.128094466,-1.089818652,-1.039201128,-0.988641046,-0.935235118,-0.913768341,-0.863996452,-0.805532836,-0.76653683,-0.713525566,-0.689844314,-0.654877311,-0.62209846,-0.587983214,-0.546923342,-0.508477227,-0.467067355,-0.450574917,-0.404580944,-0.389494209,-0.389300454,-0.298399207,-0.400732797
1985,-1.956087833,-3.193820026,-3.131355562,-3.318758763,-3.568636236,-3.616184634,-3.645891561,-3.806875402,-3.721246399,-3.866461092,-3.645891561,-3.651695137,-3.649751982,-3.659555885,-3.42945706,-3.325138859,-3.101823517,-3.159893906,-2.987162775,-3.00656377,-2.950781977,-2.980468315,-3.019088062,-2.985899678,-2.964170175,-3.077274542,-3.012333735,-3.083546051,-3.000434512,-3.004803708,-3.050609993,-2.992679047,-2.996539468,-2.897223385,-2.879755204,-2.862962545,-2.85917782,-2.782252927,-2.724919102,-2.70619564,-2.64168436,-2.611188587,-2.597738618,-2.491335637,-2.505288975,-2.47469599,-2.460046158,-2.410608977,-2.344765493,-2.351054818,-2.269056307,-2.217670731,-2.205790884,-2.175743962,-2.104025268,-2.080712659,-2.046868775,-1.982090604,-2.016103209,-1.948307358,-1.89289183,-1.865567875,-1.88645772,-1.813750179,-1.784362437,-1.738546797,-1.715005613,-1.665666903,-1.59475612,-1.570167004,-1.533206498,-1.484536812,-1.430286748,-1.389946996,-1.355561411,-1.276552538,-1.23342358,-1.179404503,-1.126976006,-1.084858813,-1.03716205,-0.983560045,-0.933935103,-0.889289108,-0.843332751,-0.793519539,-0.754040929,-0.724727814,-0.669531436,-0.64177572,-0.595003881,-0.549090712,-0.518696425,-0.474170283,-0.466070415,-0.413473456,-0.371153514,-0.40941115,-0.371335253,-0.260028352,-0.247510564
1986,-1.987669044,-3.095825632,-3.327902142,-3.503070352,-3.649751982,-3.790484985,-3.707743929,-3.511449283,-3.524328812,-3.647817482,-3.665546249,-3.88941029,-3.744727495,-3.630784143,-3.679853714,-3.441291429,-3.174573882,-3.15490196,-3.026410377,-2.991825816,-2.987584625,-3.034798299,-2.996970529,-3.029653124,-3.140861703,-3.089375595,-3.022276395,-3.019088062,-2.993962045,-3.096367484,-2.970210529,-3.002176919,-2.967784297,-2.886725308,-2.903785415,-2.811634074,-2.8467951,-2.858550227,-2.699839463,-2.701146924,-2.672845488,-2.584025589,-2.604848408,-2.58286059,-2.49376564,-2.494578672,-2.449038248,-2.426316307,-2.395126229,-2.321754848,-2.316592701,-2.278519145,-2.216739767,-2.181708109,-2.138943755,-2.095988116,-2.053646003,-2.000217202,-1.970616222,-1.975678558,-1.922305134,-1.901633204,-1.877948037,-1.851089007,-1.788479003,-1.756490687,-1.719922677,-1.657182685,-1.612984113,-1.587909222,-1.544880935,-1.50689064,-1.452803919,-1.402842531,-1.35660655,-1.315998923,-1.240649495,-1.193047127,-1.159793502,-1.105052896,-1.045506637,-0.998673088,-0.960581915,-0.911459939,-0.869402518,-0.82123306,-0.762509044,-0.711332783,-0.691446257,-0.677621493,-0.598127507,-0.580386207,-0.547275398,-0.504484801,-0.477618372,-0.435048839,-0.337088304,-0.373951314,-0.268708655,-0.386741856,-0.202825285
1987,-2.005638848,-3.154281982,-3.392544977,-3.573488739,-3.643974143,-3.527243551,-3.665546249,-3.93930216,-3.812479279,-3.580044252,-3.812479279,-3.798602876,-3.588380294,-3.829738285,-3.614393726,-3.379863945,-3.336299075,-3.071604148,-3.019088062,-2.982132281,-3.044793462,-3.066512712,-3.003926346,-3.036684489,-3.054039296,-3.073143291,-3.13667714,-3.101823517,-3.045757491,-3.012333735,-3.026872146,-2.925183559,-2.954677021,-2.936666641,-2.943476276,-2.917573699,-2.852942329,-2.817015033,-2.777283529,-2.722161667,-2.657774771,-2.606424797,-2.639595945,-2.621602099,-2.543026986,-2.501276029,-2.462180905,-2.458295977,-2.430743167,-2.35261703,-2.337147767,-2.288783476,-2.250418265,-2.194771086,-2.152921138,-2.090230085,-2.071041159,-2.021499931,-2.01430414,-1.983677146,-1.961062081,-1.904307717,-1.885555828,-1.819702048,-1.801975574,-1.747802545,-1.724596497,-1.680331909,-1.643228638,-1.609913125,-1.552764423,-1.504941567,-1.459820739,-1.445765313,-1.37139653,-1.320653882,-1.262624451,-1.230585746,-1.173691908,-1.11701466,-1.061915788,-1.022573645,-0.979029972,-0.931031629,-0.880351575,-0.831434755,-0.806633266,-0.733980091,-0.707287716,-0.661501673,-0.638119244,-0.58573881,-0.548940042,-0.492184592,-0.461784556,-0.425468713,-0.401530136,-0.388180075,-0.297485026,-0.395437013,-0.327359152
1988,-2.086557045,-3.212539525,-3.397940009,-3.649751982,-3.841637508,-3.665546249,-3.718966633,-3.71219827,-3.735182177,-3.647817482,-3.669586227,-3.782516056,-3.798602876,-3.692503962,-3.675717545,-3.404503778,-3.20481541,-3.142064735,-2.992252222,-2.984640245,-3.049635146,-3.072629637,-3.036684489,-3.060480747,-3.062482108,-3.129596095,-3.126679398,-3.037630664,-3.097453221,-3.029653124,-2.955068454,-2.996108834,-2.981299501,-2.966174306,-2.937042166,-2.932185489,-2.853251986,-2.813608784,-2.855114582,-2.75325529,-2.741123371,-2.623240605,-2.631341288,-2.569602409,-2.546528766,-2.492144128,-2.493630283,-2.428524096,-2.442011852,-2.385946894,-2.363512104,-2.308211476,-2.285418791,-2.213106675,-2.18124641,-2.151872489,-2.086716098,-2.045034269,-2.01407978,-2.008773924,-1.912609055,-1.894353587,-1.889679703,-1.84417831,-1.804432419,-1.811015301,-1.731585855,-1.700885116,-1.64498932,-1.603783212,-1.566374155,-1.515628971,-1.473415209,-1.43947169,-1.402809591,-1.346941929,-1.292549058,-1.259242677,-1.202670125,-1.134943427,-1.079704452,-1.028979421,-1.000364961,-0.929736728,-0.889464159,-0.836671621,-0.788497682,-0.760677993,-0.725087412,-0.670120291,-0.647441256,-0.59725729,-0.569028887,-0.543978806,-0.46171036,-0.421207267,-0.43740383,-0.359779019,-0.333461428,-0.29730242,-0.311835668
1989,-2.078886026,-3.189095719,-3.349692477,-3.389339837,-3.555955204,-3.557520231,-3.605548319,-3.696803943,-3.66756154,-3.709965389,-3.725842151,-4.148741651,-3.701146924,-3.692503962,-3.694648631,-3.657577319,-3.274088368,-3.18243463,-2.999132278,-2.919012953,-3.073143291,-3.027797162,-3.046240308,-3.095825632,-3.104025268,-3.093126465,-3.103473783,-3.007888512,-2.998266287,-3.087246696,-3.04769199,-3.029653124,-3.005243055,-2.951169913,-2.964970718,-2.893469146,-2.937794191,-2.827105302,-2.773657913,-2.781989957,-2.753747688,-2.660747366,-2.614751318,-2.592439151,-2.57626275,-2.524910197,-2.460422117,-2.497436331,-2.449649328,-2.378408324,-2.375821074,-2.261933285,-2.286425462,-2.220908796,-2.153848523,-2.142667504,-2.123782159,-2.046143702,-2.019178833,-1.984346901,-1.925220118,-1.907981529,-1.895273956,-1.853251986,-1.811802983,-1.770984057,-1.763739929,-1.695875847,-1.657814272,-1.613447531,-1.577804257,-1.527667816,-1.465656543,-1.444095785,-1.396433451,-1.351074311,-1.317340576,-1.239569977,-1.214784093,-1.15126297,-1.090171285,-1.057376925,-0.99291398,-0.948168579,-0.898479753,-0.867913294,-0.805274806,-0.759079015,-0.706438577,-0.663616324,-0.621718411,-0.600193069,-0.566747148,-0.523306012,-0.473748624,-0.44675311,-0.438116636,-0.374385089,-0.358909785,-0.296779147,-0.301029996
1990,-2.100781582,-3.203425667,-3.394694954,-3.402304814,-3.503070352,-3.595166283,-3.754487332,-3.690369833,-3.899629455,-4.017728767,-3.829738285,-3.89279003,-3.785156152,-3.655607726,-3.838631998,-3.655607726,-3.393618635,-3.171984936,-2.995678626,-3.025028006,-3.01278077,-3.109578981,-3.049148541,-3.104577454,-3.071604148,-3.127843727,-3.11577123,-3.118045029,-3.122628654,-3.068542129,-3.036212173,-3.048176965,-2.981715692,-2.959793372,-2.92226882,-2.961777362,-2.862329463,-2.878768545,-2.844967771,-2.802443787,-2.711750774,-2.68655463,-2.596879479,-2.570570736,-2.559405738,-2.526805091,-2.440691989,-2.450628848,-2.388489113,-2.420673796,-2.352323687,-2.34804393,-2.306448914,-2.227898431,-2.195383583,-2.154964006,-2.097561944,-2.071552937,-2.005067263,-2.010772726,-1.968389585,-1.898734215,-1.863437963,-1.863501392,-1.819988881,-1.773864278,-1.741219093,-1.711460149,-1.66288032,-1.61731671,-1.580424219,-1.56082526,-1.530060225,-1.456614955,-1.399931465,-1.370855544,-1.30792016,-1.259250566,-1.211746759,-1.165999169,-1.091777782,-1.052316361,-1.001239506,-0.954860951,-0.917246934,-0.84863015,-0.818082131,-0.770364226,-0.710622896,-0.692542473,-0.64151121,-0.629100344,-0.577236215,-0.531778249,-0.501339394,-0.43569738,-0.427113302,-0.461255397,-0.431908624,-0.354650447,-0.283701103
1991,-2.116054805,-3.233587153,-3.295849483,-3.511449283,-3.838631998,-3.508638306,-3.705533774,-3.847711656,-3.826813732,-3.903089987,-3.896196279,-3.946921557,-3.684029655,-3.8569852,-3.899629455,-3.511449283,-3.360513511,-3.227678293,-3.010995384,-2.987584625,-3.005243055,-3.028260409,-3.105130343,-3.073143291,-3.024108864,-3.092051478,-3.04383157,-3.095284455,-3.042871802,-3.073143291,-3.062983893,-3.057000407,-2.984221244,-2.940436582,-2.938924676,-2.937418016,-2.872895202,-2.837137007,-2.86998805,-2.785421046,-2.745693668,-2.700710666,-2.597910649,-2.58236226,-2.524038411,-2.494578672,-2.523893283,-2.468521083,-2.385946894,-2.369979149,-2.328827157,-2.340273905,-2.306273051,-2.200659451,-2.220981028,-2.16513442,-2.136320332,-2.045709238,-2.029560137,-1.984430694,-1.968955283,-1.923833061,-1.864040908,-1.877554744,-1.82716364,-1.775544636,-1.719535453,-1.706019044,-1.681602721,-1.613091012,-1.594431682,-1.532377098,-1.516127546,-1.472524772,-1.403358927,-1.353596274,-1.312524549,-1.274946375,-1.219812347,-1.176675778,-1.117492538,-1.064669108,-1.013210357,-0.975863386,-0.898218569,-0.865373525,-0.808990771,-0.780470484,-0.73984033,-0.680623242,-0.629325953,-0.611465431,-0.556522657,-0.530295775,-0.499851381,-0.462605336,-0.438052329,-0.427119108,-0.330294567,-0.337584074,-0.288142176
1992,-2.119186408,-3.274905479,-3.53313238,-3.374687549,-3.549750892,-3.812479279,-4.119186408,-3.821023053,-3.88941029,-3.747146969,-3.906578315,-3.903089987,-3.841637508,-3.739928612,-3.68613278,-3.53165267,-3.232844134,-3.258060922,-3.063989204,-2.986320303,-3.063486258,-2.971022295,-3.154281982,-3.066006836,-3.078313525,-3.185086819,-3.168130226,-3.102372909,-3.106238238,-3.022733788,-3.07109231,-3.083546051,-3.015472687,-2.957424488,-2.978397284,-2.946921557,-2.863913903,-2.90868484,-2.874193542,-2.725611204,-2.79128998,-2.668775219,-2.688458042,-2.609418121,-2.590743348,-2.503485481,-2.476643793,-2.445147566,-2.423428316,-2.356942316,-2.338755391,-2.307417438,-2.274006741,-2.271646218,-2.191789027,-2.1716624,-2.109243748,-2.071245798,-2.042344833,-2.055467979,-1.959951758,-1.921797017,-1.889309303,-1.840162209,-1.810397407,-1.775389253,-1.741027669,-1.716744013,-1.683840872,-1.622093002,-1.584225617,-1.548843211,-1.494375272,-1.466532995,-1.436637591,-1.360822408,-1.327514222,-1.283379061,-1.243858554,-1.183718919,-1.126394613,-1.058419006,-1.029281296,-0.9774273,-0.923935114,-0.874131783,-0.825806405,-0.769993262,-0.725198117,-0.68748203,-0.643888058,-0.593754559,-0.553740957,-0.542951173,-0.533835527,-0.487834773,-0.424415003,-0.415951612,-0.439523065,-0.357842265,-0.232427856
1993,-2.187956102,-3.187755303,-3.801342913,-3.627087997,-3.669586227,-3.66756154,-3.661543506,-3.818156412,-3.739928612,-3.716698771,-3.804100348,-3.71219827,-3.623423043,-3.543633967,-3.694648631,-3.53165267,-3.236572006,-3.131943638,-3.017728767,-2.95939766,-2.974694135,-3.036212173,-3.052566278,-3.059981845,-3.043351421,-3.095284455,-3.136082623,-3.100726813,-3.023191663,-3.084072788,-3.074172425,-3.029188389,-3.014573526,-2.975925013,-2.997402019,-2.942714356,-2.95939766,-2.906928694,-2.795337488,-2.779891912,-2.791021483,-2.733298033,-2.63339029,-2.663740448,-2.575608446,-2.507658747,-2.511026475,-2.44721015,-2.428291168,-2.410944469,-2.349789645,-2.347463581,-2.28777133,-2.233587153,-2.221197796,-2.179601477,-2.129069642,-2.096204857,-2.025258095,-2.043591429,-1.969764704,-1.916175004,-1.880249376,-1.873122131,-1.798029658,-1.758528232,-1.760900818,-1.754684784,-1.67033776,-1.630338941,-1.607162407,-1.55229944,-1.533503096,-1.47600655,-1.436186794,-1.383115066,-1.328743825,-1.305622975,-1.223872929,-1.195601568,-1.138387937,-1.099501783,-1.040491158,-0.990527857,-0.929891913,-0.8810082,-0.828212135,-0.780588388,-0.756624574,-0.693088406,-0.646984436,-0.620205157,-0.566854463,-0.526142396,-0.488155393,-0.430007281,-0.412680862,-0.426199259,-0.335073288,-0.358099736,-0.265974272
1994,-2.207538269,-3.240332155,-3.402304814,-3.548213564,-3.739928612,-3.76700389,-3.853871964,-3.787812396,-3.787812396,-3.823908741,-3.769551079,-3.869666232,-3.844663963,-3.809668302,-3.455931956,-3.537602002,-3.233587153,-3.148741651,-3.004803708,-2.957424488,-3.013228266,-2.998266287,-3.052566278,-3.067526235,-3.07109231,-3.053547735,-3.053056729,-3.155522824,-3.109578981,-3.053547735,-3.111259039,-2.969805215,-3.029188389,-2.976336082,-3.037157319,-2.946921557,-2.874518734,-2.873543887,-2.834755674,-2.818728228,-2.749336081,-2.758702613,-2.658169943,-2.583692413,-2.60502328,-2.56193255,-2.540155358,-2.441531437,-2.392223396,-2.377371574,-2.359419194,-2.333950262,-2.292429824,-2.295849483,-2.274088368,-2.190036478,-2.136617652,-2.124765054,-2.08772479,-2.047062332,-2.006872515,-1.928228421,-1.909918382,-1.85933486,-1.817499753,-1.775570538,-1.760750587,-1.744799883,-1.696674322,-1.666190125,-1.606793445,-1.570086302,-1.536584848,-1.493265028,-1.434222996,-1.383010149,-1.341139934,-1.292668326,-1.247467564,-1.207307211,-1.157421961,-1.111680071,-1.058255085,-1.002059086,-0.949198916,-0.916601308,-0.856441891,-0.816141055,-0.754546558,-0.713503112,-0.656244897,-0.612624413,-0.590308594,-0.550867323,-0.533691542,-0.470805851,-0.449860962,-0.453326574,-0.380698968,-0.30474779,-0.262747706
1995,-2.271889816,-3.338187314,-3.450996738,-3.640164518,-3.640164518,-3.826813732,-3.8569852,-3.853871964,-4.008773924,-3.924453039,-3.931814138,-4.022276395,-3.809668302,-3.690369833,-3.643974143,-3.514278574,-3.282329497,-3.15864053,-3.007004902,-3.040481623,-3.032452024,-3.119186408,-3.047207557,-3.088842391,-3.200659451,-3.161780778,-3.133122186,-3.074172425,-3.149966742,-3.052566278,-3.042871802,-3.044793462,-3.00656377,-2.995248844,-3.005682847,-2.966576245,-2.931072388,-2.875495775,-2.838332588,-2.833273944,-2.749579998,-2.725380381,-2.68655463,-2.650916831,-2.572513891,-2.524764777,-2.548060131,-2.451979305,-2.431446288,-2.403952992,-2.354577731,-2.315603522,-2.274905479,-2.230327336,-2.236497135,-2.178683029,-2.19293876,-2.164119268,-2.100562546,-2.045034269,-1.980468315,-1.951674749,-1.907279355,-1.861160688,-1.83698779,-1.833333117,-1.748921736,-1.718466686,-1.676912984,-1.679251522,-1.618307448,-1.573635155,-1.545978794,-1.490313704,-1.457199462,-1.393973525,-1.349556478,-1.308971582,-1.264377151,-1.215967866,-1.145651442,-1.116827066,-1.052130242,-1.006224403,-0.959014163,-0.911392647,-0.85608318,-0.807103745,-0.740191177,-0.704584655,-0.661665046,-0.628904418,-0.579253994,-0.544903779,-0.51155505,-0.476271738,-0.467560312,-0.375452869,-0.384307657,-0.36114549,-0.368888167
1996,-2.2915791,-3.364516253,-3.525783736,-3.621602099,-3.705533774,-3.728158393,-3.769551079,-3.826813732,-3.739928612,-4.008773924,-4.065501549,-3.860120914,-4.070581074,-3.705533774,-3.612610174,-3.645891561,-3.329754147,-3.292429824,-3.131943638,-3.033389013,-3.057495894,-3.062983893,-3.206209615,-3.148741651,-3.149353765,-3.17327748,-3.181774106,-3.159266765,-3.124360063,-3.220403509,-3.111820506,-3.138465589,-3.033858267,-3.04769199,-3.022733788,-2.958607315,-2.907981529,-2.844663963,-2.840733669,-2.855114582,-2.807432547,-2.778585762,-2.672641066,-2.663740448,-2.655804284,-2.505428016,-2.543937776,-2.477947199,-2.450261269,-2.397289055,-2.327348077,-2.343710099,-2.253910957,-2.244277555,-2.217742426,-2.198047765,-2.179470151,-2.124244421,-2.110306209,-2.089055594,-2.012467797,-1.967905287,-1.887060024,-1.885956437,-1.868413412,-1.805374671,-1.771137871,-1.702042624,-1.694885192,-1.660946264,-1.627677271,-1.584676017,-1.544576466,-1.508932605,-1.461501671,-1.425991895,-1.368566378,-1.302822985,-1.258659276,-1.213973006,-1.164467959,-1.10326991,-1.069468663,-1.015562705,-0.978343569,-0.91294301,-0.855067919,-0.814259582,-0.738080831,-0.71507772,-0.670457719,-0.627386217,-0.589170486,-0.529064968,-0.519758716,-0.446388796,-0.443350203,-0.408540253,-0.375772581,-0.309265374,-0.2890842
1997,-2.341893164,-3.32330639,-3.46470588,-3.716698771,-3.752026734,-3.906578315,-3.835647144,-3.860120914,-3.931814138,-3.928117993,-3.850780887,-3.88941029,-3.896196279,-3.863279433,-3.707743929,-3.612610174,-3.2644011,-3.310691141,-3.037157319,-3.044793462,-3.084072788,-3.028260409,-3.146301788,-3.116338565,-3.107348966,-3.177178355,-3.201349355,-3.26760624,-3.15490196,-3.211831629,-3.246416941,-3.091514981,-3.191114133,-3.120330794,-3.089375595,-3.038578906,-2.948847478,-2.961777362,-2.940815382,-2.844663963,-2.826522357,-2.767257937,-2.704652852,-2.695078838,-2.676335464,-2.575771929,-2.531209738,-2.517841305,-2.423313195,-2.433680378,-2.393188853,-2.351054818,-2.32330639,-2.288530218,-2.226872076,-2.199489123,-2.213816654,-2.161654731,-2.1329452,-2.078781879,-2.012423105,-1.982215647,-1.954012394,-1.897531991,-1.854772507,-1.809584253,-1.767562991,-1.740692879,-1.678525849,-1.669647113,-1.645929996,-1.585210431,-1.559783824,-1.526206577,-1.480145766,-1.405397536,-1.385735713,-1.332444323,-1.274047552,-1.217068957,-1.173154523,-1.134659094,-1.06071543,-1.014425343,-0.975391204,-0.922613924,-0.872105116,-0.826423334,-0.768321468,-0.727800886,-0.679386423,-0.640257455,-0.580766474,-0.550589489,-0.527015496,-0.493986364,-0.419579144,-0.392557845,-0.328334804,-0.285702101,-0.371587568
1998,-2.314437389,-3.42365865,-3.469800302,-3.725842151,-3.718966633,-3.838631998,-3.730487056,-4.080921908,-3.931814138,-3.860120914,-4.017728767,-4.008773924,-3.764471553,-3.896196279,-3.829738285,-3.68613278,-3.322393047,-3.345823458,-3.15864053,-3.100726813,-3.177178355,-3.183096161,-3.160521953,-3.186419011,-3.112945622,-3.238824187,-3.195860568,-3.231361899,-3.147520006,-3.246416941,-3.177178355,-3.241088108,-3.140261434,-3.129011186,-3.029188389,-3.019996628,-2.986320303,-2.968591536,-2.875169851,-2.872571222,-2.812479279,-2.804100348,-2.728158393,-2.741362717,-2.685711339,-2.642255675,-2.550675907,-2.522300072,-2.471983659,-2.442372512,-2.359916269,-2.33003263,-2.305131672,-2.297741837,-2.244964066,-2.181510178,-2.206000199,-2.166343003,-2.126388803,-2.086822166,-2.045371622,-2.061530312,-1.984221244,-1.948770277,-1.886959582,-1.856360765,-1.770958427,-1.76017518,-1.714802877,-1.656827821,-1.634044277,-1.603573972,-1.574563605,-1.531608356,-1.487302266,-1.445147566,-1.392394876,-1.342925016,-1.287106287,-1.264560797,-1.181919336,-1.141601173,-1.086366258,-1.022651421,-0.976611716,-0.926850086,-0.881028013,-0.819169041,-0.788260243,-0.741293293,-0.676193265,-0.634476449,-0.610725799,-0.562482497,-0.513610615,-0.46917941,-0.448341444,-0.385499311,-0.310620096,-0.326399498,-0.267397186
1999,-2.37069236,-3.305394801,-3.76700389,-3.586700236,-3.679853714,-3.931814138,-3.982966661,-4.142667504,-3.943095149,-3.896196279,-4.022276395,-4.017728767,-3.735182177,-3.714442691,-3.696803943,-3.515700161,-3.396855627,-3.232844134,-3.178486472,-3.038104526,-3.134896025,-3.151810883,-3.131943638,-3.219682688,-3.146301788,-3.241088108,-3.159266765,-3.26760624,-3.214670165,-3.232844134,-3.169411331,-3.137272472,-3.090979146,-3.131355562,-3.141462802,-2.997833938,-3.007004902,-2.92628165,-2.888401475,-2.843148099,-2.825358807,-2.798056937,-2.741123371,-2.70158362,-2.634886568,-2.579549141,-2.626536278,-2.531357332,-2.537302592,-2.476773958,-2.394371778,-2.348915911,-2.349012906,-2.292770581,-2.244506272,-2.218963061,-2.236422276,-2.153415497,-2.129947418,-2.12199553,-2.025212068,-2.040100412,-1.984640245,-1.939566593,-1.874681422,-1.846825621,-1.796831077,-1.768887371,-1.729274593,-1.697409352,-1.660807026,-1.608218315,-1.570667687,-1.526264933,-1.484258583,-1.447526469,-1.412872976,-1.354577731,-1.314993154,-1.261409685,-1.191930888,-1.14379693,-1.077321243,-1.045752665,-0.979245213,-0.946737117,-0.886678468,-0.831962393,-0.781837508,-0.721372134,-0.683901693,-0.648022131,-0.587247221,-0.553125904,-0.50031704,-0.458332159,-0.431364198,-0.389085508,-0.407691086,-0.334086146,-0.269957785
2000,-2.31930197,-3.427128398,-3.596879479,-3.798602876,-3.869666232,-4.113509275,-3.860120914,-3.754487332,-3.946921557,-3.869666232,-3.721246399,-3.801342913,-3.896196279,-3.966576245,-3.795880017,-3.562249437,-3.377785977,-3.355561411,-3.015472687,-3.112945622,-3.200659451,-3.138465589,-3.081445469,-3.129596095,-3.216811309,-3.155522824,-3.083019953,-3.191789027,-3.181774106,-3.171984936,-3.251811973,-3.225483034,-3.108462542,-3.144480844,-3.080398976,-3.125518182,-3.025949097,-2.971022295,-2.953504836,-2.895854449,-2.835647144,-2.74860515,-2.688458042,-2.722849386,-2.693360559,-2.659357622,-2.569280112,-2.577902837,-2.523168371,-2.452717692,-2.39968067,-2.360314339,-2.299642472,-2.286173576,-2.235823868,-2.25469094,-2.197499932,-2.15701653,-2.133299244,-2.114130139,-2.073709013,-2.044986097,-2.025810809,-1.966455624,-1.913213204,-1.880546149,-1.854399642,-1.80468164,-1.761702932,-1.701714715,-1.678111722,-1.60747891,-1.5873211,-1.565463031,-1.507896437,-1.43926864,-1.424385001,-1.354911932,-1.320190673,-1.284899591,-1.202240953,-1.176154236,-1.106943221,-1.054245918,-1.001322266,-0.935984018,-0.909413969,-0.840589229,-0.805136143,-0.743063479,-0.696100135,-0.648261654,-0.597509921,-0.554852123,-0.521865128,-0.508519242,-0.419613381,-0.41388888,-0.40081476,-0.386615961,-0.310505562
2001,-2.320844759,-3.484126156,-3.563837353,-3.690369833,-3.906578315,-4.050609993,-4.004364805,-3.935542011,-4.080921908,-4.036212173,-4.080921908,-3.832682665,-4.13076828,-3.772113295,-3.8569852,-3.441291429,-3.517126416,-3.226213555,-3.099632871,-3.181774106,-3.205511953,-3.169411331,-3.177178355,-3.20481541,-3.274905479,-3.229147988,-3.232102384,-3.193820026,-3.260427656,-3.184422252,-3.207608311,-3.181774106,-3.171984936,-3.139063379,-3.066512712,-3.031984286,-3.072629637,-3.004364805,-2.983384452,-2.918652692,-2.876148359,-2.8224635,-2.78968148,-2.702677286,-2.673459331,-2.65915945,-2.560667306,-2.555330769,-2.478731124,-2.50962008,-2.444542783,-2.386898483,-2.353596274,-2.316592701,-2.250186415,-2.219610672,-2.223371447,-2.150457748,-2.127319393,-2.146301788,-2.080921908,-2.074223946,-2.043351421,-2.014528617,-1.93203691,-1.914959293,-1.855363532,-1.820706794,-1.77983959,-1.712758289,-1.700122412,-1.646468441,-1.598392702,-1.550459894,-1.540517044,-1.505052707,-1.441651491,-1.384092013,-1.337865734,-1.291137381,-1.243896628,-1.176962894,-1.133139888,-1.079709669,-1.01342531,-0.952584935,-0.905176129,-0.872487027,-0.819610301,-0.776026675,-0.709513512,-0.669708009,-0.62127877,-0.564047392,-0.528888793,-0.466647445,-0.455925751,-0.44755568,-0.363050973,-0.349285577,-0.366497206
2002,-2.376234,-3.387216143,-3.903089987,-3.910094889,-3.882728704,-3.910094889,-4.050609993,-4.180456064,-3.935542011,-3.946921557,-3.876148359,-4.142667504,-3.866461092,-3.93930216,-3.801342913,-3.557520231,-3.384049948,-3.258848401,-3.186419011,-3.171984936,-3.222573178,-3.19859629,-3.170696227,-3.199970641,-3.236572006,-3.156144577,-3.258848401,-3.172630727,-3.186419011,-3.244125144,-3.229147988,-3.292429824,-3.22184875,-3.124938737,-3.100179498,-3.060980224,-3.147520006,-3.053056729,-2.913996294,-2.906228219,-2.821886748,-2.823619308,-2.81417464,-2.762707662,-2.677780705,-2.685711339,-2.63339029,-2.544546031,-2.53253989,-2.51812759,-2.460547508,-2.39051231,-2.350957366,-2.310158591,-2.275478373,-2.25735341,-2.20697834,-2.193616498,-2.127610612,-2.114525697,-2.145876218,-2.062482108,-2.045178817,-2.01331782,-1.946691019,-1.905493934,-1.868349262,-1.827367883,-1.761351825,-1.775881489,-1.666855124,-1.657636545,-1.609241471,-1.55723811,-1.524198107,-1.485385847,-1.423981323,-1.37985353,-1.342819807,-1.281025246,-1.22964882,-1.187755303,-1.128619738,-1.071599026,-1.025981371,-0.971522285,-0.910716763,-0.861356317,-0.819983142,-0.742079152,-0.718437162,-0.654516484,-0.61245713,-0.554517229,-0.519337796,-0.464671695,-0.433200845,-0.425906198,-0.357084602,-0.36124326,-0.322324624
2003,-2.352323687,-3.324221658,-3.617982957,-3.524328812,-3.913640169,-3.974694135,-3.838631998,-4.113509275,-4.26760624,-4.200659451,-4.142667504,-4.148741651,-4.036212173,-3.661543506,-3.681936665,-3.638272164,-3.313363731,-3.187755303,-3.181114585,-3.222573178,-3.227678293,-3.061980903,-3.175223538,-3.208309351,-3.247183569,-3.237321436,-3.184422252,-3.325138859,-3.273272791,-3.328827157,-3.290730039,-3.148741651,-3.197226275,-3.090443971,-3.15739076,-3.121478204,-3.01188716,-3.095284455,-2.972650392,-2.948076084,-2.926648298,-2.90868484,-2.813043665,-2.753009301,-2.718512112,-2.67592342,-2.610479534,-2.583525921,-2.529589509,-2.501000636,-2.453087357,-2.433209088,-2.382475465,-2.343135508,-2.282246307,-2.276134036,-2.22562904,-2.162727297,-2.106071873,-2.135607595,-2.052174316,-2.024614151,-2.036920839,-1.983677146,-1.971022295,-1.92245042,-1.889747083,-1.834488589,-1.797375476,-1.754487332,-1.711236724,-1.657261583,-1.607127255,-1.550506173,-1.520972041,-1.479949012,-1.424973891,-1.38844662,-1.337497155,-1.310247304,-1.234420846,-1.176741015,-1.122053048,-1.07478592,-1.034459653,-0.941228651,-0.900768385,-0.850519157,-0.805119507,-0.75304865,-0.701266971,-0.657729349,-0.6187477,-0.586209207,-0.512481253,-0.461398621,-0.414116462,-0.409357643,-0.412364229,-0.350647614,-0.242520461
2004,-2.340464093,-3.669586227,-3.818156412,-3.946921557,-3.829738285,-3.769551079,-3.931814138,-4.050609993,-3.91721463,-3.853871964,-3.93930216,-4.040958608,-3.954677021,-3.879426069,-3.754487332,-3.555955204,-3.428291168,-3.232844134,-3.055517328,-3.126679398,-3.238824187,-3.202040356,-3.219682688,-3.253365801,-3.073657553,-3.241088108,-3.230622674,-3.206209615,-3.227678293,-3.287350298,-3.30980392,-3.195179321,-3.184422252,-3.284832642,-3.164309429,-3.066006836,-3.084072788,-3.074687909,-2.997402019,-3.006123085,-2.938547521,-2.924818145,-2.877784122,-2.841939206,-2.759201229,-2.715118285,-2.622875958,-2.619426997,-2.555018888,-2.530177984,-2.491201035,-2.450996738,-2.407823243,-2.356942316,-2.268733651,-2.253833036,-2.189901959,-2.201902068,-2.145511775,-2.136439235,-2.073863429,-2.06469431,-2.02668738,-1.991570173,-1.979224512,-1.937756559,-1.86989148,-1.851613312,-1.83386603,-1.783385514,-1.747195496,-1.701539931,-1.62613213,-1.585678583,-1.554785124,-1.504011882,-1.447368281,-1.416211983,-1.367846516,-1.343049385,-1.250688914,-1.219301137,-1.143337558,-1.106648876,-1.036146089,-0.995004059,-0.918325114,-0.890080765,-0.824737586,-0.790919497,-0.727214191,-0.682638785,-0.645516999,-0.560616773,-0.566462172,-0.515667412,-0.460013591,-0.449050461,-0.388785614,-0.399329801,-0.324678182
2005,-2.380489279,-3.452225295,-3.603800653,-3.754487332,-4.124938737,-3.832682665,-3.920818754,-3.756961951,-3.958607315,-4.008773924,-3.88941029,-4.080921908,-4.148741651,-3.91721463,-3.764471553,-3.573488739,-3.377785977,-3.273272791,-3.200659451,-3.222573178,-3.102372909,-3.255707017,-3.19859629,-3.271646218,-3.308918508,-3.288192771,-3.257274869,-3.202732459,-3.257274869,-3.279014256,-3.189767482,-3.261219442,-3.277366077,-3.204119983,-3.131943638,-3.147520006,-3.075720714,-2.994819487,-3.079354999,-2.928117993,-3.004364805,-2.931443105,-2.850780887,-2.829444941,-2.762707662,-2.708853238,-2.653255945,-2.627640417,-2.595679533,-2.554707231,-2.484391051,-2.427593132,-2.40329297,-2.386898483,-2.303294219,-2.252588192,-2.219178824,-2.163549286,-2.155647104,-2.128076968,-2.054531415,-2.076445142,-2.038199361,-2.003181978,-1.999739501,-1.940739596,-1.90490042,-1.872668391,-1.83698779,-1.787466164,-1.733063089,-1.696156225,-1.660349842,-1.620748886,-1.53832143,-1.511181457,-1.45963298,-1.407268234,-1.377195572,-1.325543042,-1.264832416,-1.200783552,-1.154715874,-1.09336332,-1.055783909,-1.000373654,-0.937572208,-0.880318605,-0.82882078,-0.786362729,-0.726991779,-0.675343101,-0.636124891,-0.5882019,-0.568739192,-0.500834109,-0.492026804,-0.449072445,-0.384877262,-0.37188604,-0.286307057
2006,-2.441771578,-3.348721986,-3.725842151,-3.950781977,-3.903089987,-4.004364805,-3.958607315,-4.017728767,-4.15490196,-3.958607315,-4.060480747,-4.017728767,-4.031517051,-3.718966633,-4,-3.718966633,-3.368556231,-3.302770657,-3.148130399,-3.19314197,-3.174573882,-3.296708622,-3.218963061,-3.290730039,-3.263603498,-3.316052869,-3.337242168,-3.287350298,-3.290730039,-3.294136288,-3.26760624,-3.296708622,-3.243363892,-3.172630727,-3.152427341,-3.232844134,-3.096910013,-3.080398976,-3.093664958,-2.929592678,-3.034328029,-2.93516778,-2.919373513,-2.83209219,-2.740406121,-2.746177561,-2.682354457,-2.707965564,-2.636764196,-2.556893543,-2.562725203,-2.431329022,-2.419873675,-2.424465782,-2.33856595,-2.320935682,-2.248951965,-2.220403509,-2.165070904,-2.119987162,-2.106737714,-2.06459351,-2.026410377,-2.020679303,-2.002264223,-1.957385115,-1.914174466,-1.891063076,-1.823590375,-1.792958379,-1.763765137,-1.728111947,-1.678070331,-1.629080008,-1.559342756,-1.536062241,-1.470749355,-1.412031004,-1.379707752,-1.355403872,-1.286039296,-1.230032199,-1.161957305,-1.123961227,-1.065481349,-1.003090115,-0.935515804,-0.884492666,-0.853013531,-0.794589909,-0.733862418,-0.685448146,-0.650953769,-0.59349729,-0.547758024,-0.526437126,-0.475256062,-0.435281871,-0.405464918,-0.338316013,-0.343753224
2007,-2.437231457,-3.484126156,-4.060480747,-3.823908741,-3.906578315,-4.124938737,-4.004364805,-4.214670165,-4.017728767,-4.091514981,-4.119186408,-4.060480747,-4.017728767,-4.031517051,-3.795880017,-3.603800653,-3.522878745,-3.370590401,-3.315154638,-3.101274818,-3.228412519,-3.187755303,-3.278189385,-3.245651664,-3.258848401,-3.27572413,-3.363512104,-3.332547047,-3.391473966,-3.310691141,-3.227678293,-3.353596274,-3.233587153,-3.211831629,-3.163043263,-3.148130399,-3.143875556,-3.101274818,-3.128427064,-3.001740662,-2.973058372,-2.952725133,-2.89997427,-2.836838625,-2.809668302,-2.736363931,-2.7044329,-2.650528201,-2.606600305,-2.539703673,-2.532836034,-2.482540173,-2.408267761,-2.3650192,-2.35398859,-2.301116863,-2.265360161,-2.220259249,-2.182038195,-2.128719027,-2.115601174,-2.05507339,-2.039196375,-2.01291497,-2.013721044,-1.947844933,-1.901148693,-1.873901077,-1.863818673,-1.841969387,-1.753624536,-1.750068243,-1.684134569,-1.642789581,-1.60732063,-1.527843496,-1.494632929,-1.42773265,-1.384586576,-1.341521153,-1.275535704,-1.241951501,-1.193989705,-1.134374948,-1.067602345,-0.987268199,-0.953614106,-0.894074454,-0.882718759,-0.80656093,-0.756919765,-0.712650709,-0.632146696,-0.632636623,-0.563996464,-0.525639481,-0.490388922,-0.416608501,-0.367083348,-0.361445853,-0.336388581
2008,-2.425621436,-3.432973634,-3.787812396,-3.906578315,-3.950781977,-4.004364805,-4.124938737,-4.13076828,-4.22184875,-4.148741651,-4.161150909,-4.119186408,-4.187086643,-3.974694135,-3.876148359,-3.508638306,-3.4225082,-3.540607512,-3.197910742,-3.262012674,-3.299296283,-3.148741651,-3.315154638,-3.301029996,-3.231361899,-3.294136288,-3.232102384,-3.324221658,-3.392544977,-3.437707136,-3.314258261,-3.266802735,-3.346787486,-3.262807357,-3.200659451,-3.303643611,-3.196542884,-3.081969663,-3.097453221,-3.014573526,-2.98088371,-2.958607315,-2.960585881,-2.852014679,-2.887060024,-2.803271277,-2.67840157,-2.679645967,-2.623423043,-2.575281663,-2.526367073,-2.463315327,-2.461677667,-2.409715596,-2.320027306,-2.372634143,-2.294906389,-2.219106891,-2.184355851,-2.140321423,-2.113452877,-2.093341782,-2.020451625,-2.01188716,-1.991314681,-1.950665664,-1.918148828,-1.897360516,-1.863057587,-1.837286274,-1.799176851,-1.764244365,-1.709943118,-1.680644059,-1.586281235,-1.566822426,-1.492697464,-1.444724129,-1.391046301,-1.347048141,-1.27942728,-1.241413572,-1.179575209,-1.140987865,-1.085699164,-1.027315908,-0.95306803,-0.911970282,-0.850386813,-0.809553439,-0.728132847,-0.669271781,-0.650070064,-0.608218315,-0.554300854,-0.524610686,-0.473159505,-0.456811361,-0.392313415,-0.407170625,-0.316479281
2009,-2.42136079,-3.462180905,-3.595166283,-3.903089987,-3.954677021,-4.004364805,-4.214670165,-4.060480747,-4.008773924,-3.876148359,-3.970616222,-4.337242168,-4.008773924,-3.928117993,-3.578396073,-3.575118363,-3.524328812,-3.436518915,-3.26520017,-3.263603498,-3.232102384,-3.289036881,-3.359518563,-3.227678293,-3.358525889,-3.372634143,-3.282329497,-3.43062609,-3.266000713,-3.214670165,-3.255707017,-3.306273051,-3.26760624,-3.209011525,-3.262807357,-3.274088368,-3.127261173,-3.119758224,-3.009217308,-3.050609993,-3.020907099,-2.941194513,-2.850165303,-2.860435734,-2.843148099,-2.768785352,-2.684869683,-2.662940274,-2.576918042,-2.548520595,-2.522444668,-2.479909672,-2.446238302,-2.347173697,-2.343422709,-2.309095446,-2.290390879,-2.225118234,-2.183692401,-2.157515576,-2.107849722,-2.043399412,-2.027426919,-1.972079864,-1.977076988,-1.938095366,-1.904760888,-1.868477571,-1.851891142,-1.837435593,-1.784785571,-1.756416324,-1.705247278,-1.632979715,-1.589712151,-1.550892028,-1.480605205,-1.448842884,-1.398005158,-1.361630565,-1.28238774,-1.246876755,-1.183010105,-1.128362859,-1.081728455,-1.017882607,-0.968038415,-0.905382151,-0.866684683,-0.799850189,-0.755275205,-0.712316934,-0.640113316,-0.609753955,-0.569460569,-0.512003786,-0.479079118,-0.444777339,-0.367191567,-0.378509021,-0.343697641
2010,-2.398591939,-3.460923901,-3.749579998,-3.752026734,-4.207608311,-4.008773924,-4.431798276,-4.214670165,-3.866461092,-4.13076828,-4.22184875,-4.229147988,-4.161150909,-4.060480747,-3.764471553,-3.528708289,-3.560667306,-3.447331784,-3.476253533,-3.2644011,-3.191114133,-3.159266765,-3.180456064,-3.277366077,-3.380906669,-3.318758763,-3.322393047,-3.278189385,-3.366531544,-3.327902142,-3.330683119,-3.304518324,-3.244125144,-3.276544328,-3.131355562,-3.145086978,-3.159893906,-3.066512712,-3.031050319,-3.053056729,-3.084072788,-2.940436582,-2.937794191,-2.847405922,-2.866461092,-2.760700521,-2.705093089,-2.650139918,-2.649170726,-2.552221991,-2.525055665,-2.509479691,-2.422163659,-2.387746094,-2.358426747,-2.37934352,-2.256803919,-2.266883019,-2.18032448,-2.176395372,-2.092373695,-2.067830754,-2.040005162,-1.984849897,-1.952647239,-1.959674621,-1.90815725,-1.897634909,-1.831561448,-1.819329447,-1.78214772,-1.753846234,-1.723492241,-1.669870438,-1.617964937,-1.580308541,-1.515130967,-1.483438186,-1.417107495,-1.37945796,-1.315118748,-1.252673661,-1.191937645,-1.138770359,-1.084510466,-1.025690995,-0.976368984,-0.935040615,-0.850500688,-0.818082131,-0.745031607,-0.732002723,-0.671618358,-0.613238932,-0.557813518,-0.495485642,-0.509486709,-0.46075072,-0.450546728,-0.385758938,-0.286097199
2011,-2.444663672,-3.616184634,-3.747146969,-3.896196279,-3.785156152,-4,-4.065501549,-4.004364805,-4.13076828,-4.065501549,-4.30980392,-4.017728767,-4.086186148,-4.040958608,-4.065501549,-3.88941029,-3.472370099,-3.413412695,-3.372634143,-3.333482019,-3.248720896,-3.239577517,-3.251811973,-3.402304814,-3.316052869,-3.358525889,-3.290730039,-3.294136288,-3.288192771,-3.351639989,-3.347753659,-3.283162277,-3.266802735,-3.245651664,-3.15490196,-3.244887734,-3.236572006,-3.189767482,-3.112945622,-3.019996628,-3.097997109,-2.969805215,-2.954285941,-2.892111975,-2.832682665,-2.78968148,-2.713992878,-2.656591406,-2.646853454,-2.630784143,-2.541815564,-2.480040819,-2.444905551,-2.441291429,-2.377268035,-2.325138859,-2.300509155,-2.242831808,-2.215810795,-2.190171039,-2.167108055,-2.062933688,-2.054383721,-2.007667441,-1.955264303,-1.927456014,-1.895512889,-1.897737851,-1.85667287,-1.821829115,-1.794038177,-1.771163512,-1.732851748,-1.693381996,-1.652923804,-1.579978204,-1.534304926,-1.467602373,-1.44934368,-1.39146327,-1.332724537,-1.263101759,-1.202213279,-1.162626237,-1.088150204,-1.055477848,-1.00726538,-0.933215791,-0.893367211,-0.81764242,-0.779256632,-0.69860318,-0.690416671,-0.61057696,-0.613108831,-0.529854224,-0.492152221,-0.471114138,-0.426390492,-0.416131591,-0.347566053
2012,-2.488250289,-3.625251654,-3.943095149,-3.995678626,-3.899629455,-4.200659451,-4.004364805,-4.30980392,-4.13076828,-3.872895202,-4.214670165,-4.013228266,-3.747146969,-4.086186148,-3.739928612,-3.690369833,-3.649751982,-3.549750892,-3.364516253,-3.37161107,-3.454692884,-3.338187314,-3.36251027,-3.368556231,-3.465973894,-3.307153081,-3.236572006,-3.304518324,-3.393618635,-3.223298816,-3.307153081,-3.273272791,-3.335358024,-3.36251027,-3.241088108,-3.175223538,-3.112945622,-3.199970641,-3.130181792,-3.095284455,-3.040005162,-3.027797162,-2.949620244,-2.88941029,-2.883060353,-2.783306401,-2.785951321,-2.707743929,-2.690582774,-2.584692708,-2.532687937,-2.525346747,-2.528855035,-2.392866796,-2.380697924,-2.365724305,-2.31930197,-2.271808601,-2.255785275,-2.163739197,-2.134244776,-2.05774385,-2.048274025,-2.031750606,-1.972528073,-1.942524084,-1.890961704,-1.884422769,-1.844906992,-1.819501377,-1.78299009,-1.730253627,-1.718058067,-1.668856252,-1.615503219,-1.596022036,-1.542845058,-1.496413579,-1.439579226,-1.378014067,-1.325148041,-1.271654336,-1.211725544,-1.152834683,-1.093261026,-1.026932213,-0.993713703,-0.918494272,-0.874297577,-0.829644393,-0.74735082,-0.711216621,-0.638272164,-0.635803714,-0.536656569,-0.526729136,-0.459784433,-0.416552967,-0.399730818,-0.363007893,-0.374271978
2013,-2.502932064,-3.580044252,-3.730487056,-3.860120914,-4.055517328,-4.200659451,-3.946921557,-4.207608311,-4.008773924,-3.958607315,-4.13667714,-3.832682665,-4.214670165,-3.812479279,-3.89279003,-3.801342913,-3.609064893,-3.595166283,-3.494850022,-3.503070352,-3.402304814,-3.542118103,-3.356547324,-3.337242168,-3.360513511,-3.452225295,-3.299296283,-3.511449283,-3.388276692,-3.304518324,-3.407823243,-3.37675071,-3.2915791,-3.226213555,-3.297569464,-3.210419288,-3.217527376,-3.100179498,-3.099632871,-3.111820506,-3.101823517,-3.015472687,-2.937794191,-2.968187729,-2.90274269,-2.806875402,-2.802995272,-2.728390699,-2.654234307,-2.567832731,-2.568314655,-2.559090918,-2.447696891,-2.460296761,-2.392866796,-2.371508895,-2.307593765,-2.280006174,-2.226725652,-2.191856574,-2.15490196,-2.104466961,-2.055862927,-2.027288159,-1.97179488,-1.942333896,-1.918616683,-1.869119686,-1.867196182,-1.788906169,-1.776867638,-1.760075187,-1.745693668,-1.688076691,-1.651286353,-1.600914965,-1.540637673,-1.495556324,-1.462571316,-1.375821074,-1.330311292,-1.270543618,-1.205944372,-1.167350603,-1.112973787,-1.046723663,-1.003589033,-0.939736671,-0.874779064,-0.825332663,-0.762137193,-0.705769724,-0.673631363,-0.603924506,-0.599140941,-0.494177386,-0.48537124,-0.40426355,-0.398938948,-0.357135994,-0.395760983
2014,-2.504316932,-3.730487056,-3.793174124,-3.795880017,-4.124938737,-4.055517328,-4.060480747,-3.950781977,-3.954677021,-4.13667714,-4.070581074,-3.91721463,-4.13667714,-4.017728767,-3.886056648,-3.8569852,-3.534617149,-3.482804102,-3.638272164,-3.266000713,-3.417936637,-3.490797478,-3.4867824,-3.395773947,-3.434152181,-3.408935393,-3.534617149,-3.425968732,-3.379863945,-3.219682688,-3.378823718,-3.281498311,-3.260427656,-3.241845378,-3.199282922,-3.171340103,-3.257274869,-3.257274869,-3.199970641,-3.057495894,-3.018634491,-2.942714356,-2.938170693,-2.913996294,-2.890084137,-2.829151796,-2.788612447,-2.754734161,-2.677987561,-2.639974911,-2.590066877,-2.574139855,-2.522589312,-2.43628166,-2.41499072,-2.355167671,-2.315962963,-2.316862869,-2.244430019,-2.199764211,-2.154096161,-2.110810388,-2.078209514,-2.021408673,-2.001174181,-1.963371105,-1.90018129,-1.864072665,-1.840162209,-1.825969282,-1.785209118,-1.746468156,-1.735182177,-1.697734025,-1.65989314,-1.62178385,-1.578840465,-1.524096475,-1.471314642,-1.437385995,-1.349042008,-1.296837639,-1.237854318,-1.180298168,-1.140123489,-1.058170665,-1.00681516,-0.967514207,-0.908241622,-0.832582228,-0.795595105,-0.756644412,-0.67436326,-0.639249481,-0.579870899,-0.554859915,-0.482395081,-0.468547908,-0.396021414,-0.355953536,-0.360313343
2015,-2.501138311,-3.714442691,-3.73754891,-4.30980392,-3.962573502,-4.008773924,-4.207608311,-4.431798276,-4.30980392,-4.214670165,-4.22184875,-3.804100348,-3.924453039,-3.966576245,-4.022276395,-3.821023053,-3.375717904,-3.63638802,-3.539102157,-3.567030709,-3.307153081,-3.380906669,-3.469800302,-3.367542708,-3.381951903,-3.459670525,-3.442492798,-3.452225295,-3.35261703,-3.400116928,-3.387216143,-3.343901798,-3.304518324,-3.301899454,-3.282329497,-3.073143291,-3.221125528,-3.104577454,-3.13076828,-3.104577454,-3.061980903,-3.018634491,-2.930701988,-2.89245087,-2.879097182,-2.870310108,-2.779891912,-2.777543663,-2.701802133,-2.643782866,-2.627824714,-2.563996464,-2.539102157,-2.476773958,-2.405496956,-2.340464093,-2.35971737,-2.287013766,-2.260348556,-2.205372555,-2.153786636,-2.128602219,-2.091407761,-2.033952179,-1.975842846,-1.925732257,-1.934270941,-1.873901077,-1.844724707,-1.780389281,-1.77926447,-1.726998728,-1.720949352,-1.66416113,-1.640638897,-1.617658709,-1.552717902,-1.501069468,-1.440404551,-1.416393204,-1.340150327,-1.284422808,-1.223197154,-1.162196993,-1.115663521,-1.042641773,-0.979622142,-0.921224285,-0.866007874,-0.813860499,-0.766526682,-0.714444941,-0.674369416,-0.586348248,-0.595742876,-0.530718612,-0.475239198,-0.449285021,-0.360702809,-0.358922687,-0.312382762
2016,-2.498393078,-3.55129368,-3.844663963,-3.920818754,-4.318758763,-3.924453039,-4.619788758,-3.958607315,-4.214670165,-4.013228266,-4.142667504,-4.080921908,-4.022276395,-4.148741651,-4.148741651,-3.756961951,-3.643974143,-3.610833916,-3.392544977,-3.37161107,-3.308034897,-3.425968732,-3.413412695,-3.571865206,-3.565431096,-3.442492798,-3.374687549,-3.557520231,-3.311580178,-3.444905551,-3.389339837,-3.243363892,-3.303643611,-3.254925208,-3.266000713,-3.247183569,-3.158015195,-3.18243463,-3.169411331,-3.163043263,-3.060980224,-3.004803708,-3.062482108,-2.993106292,-2.84103474,-2.878768545,-2.811634074,-2.79832982,-2.701802133,-2.657774771,-2.632644079,-2.630598586,-2.566230166,-2.497846107,-2.433091345,-2.436044535,-2.330497166,-2.273272791,-2.266401539,-2.214100972,-2.191856574,-2.143391932,-2.075358953,-2.035881857,-2.029374223,-1.976994603,-1.930220939,-1.889679703,-1.840523044,-1.803105653,-1.775829648,-1.750385898,-1.718966633,-1.664742744,-1.643247738,-1.610143139,-1.568266439,-1.518342427,-1.480185127,-1.433303305,-1.372511247,-1.319392571,-1.248212976,-1.192167427,-1.139703927,-1.077554822,-1.012114856,-0.957645038,-0.896634214,-0.858829394,-0.79671956,-0.736363931,-0.684126175,-0.624607104,-0.606668772,-0.548972324,-0.500432502,-0.468549185,-0.418628421,-0.415116081,-0.415128506
2017,-2.531800414,-3.638272164,-3.787812396,-4.148741651,-3.66756154,-4.075720714,-4.229147988,-4.22184875,-4.214670165,-4.318758763,-4.142667504,-4.229147988,-3.931814138,-3.974694135,-3.931814138,-3.818156412,-3.614393726,-3.627087997,-3.457174573,-3.40560745,-3.511449283,-3.480172006,-3.530177984,-3.536107011,-3.447331784,-3.424812155,-3.326058001,-3.573488739,-3.262012674,-3.427128398,-3.42945706,-3.412289035,-3.37161107,-3.307153081,-3.209011525,-3.282329497,-3.138465589,-3.145086978,-3.17327748,-3.138465589,-3.062482108,-3.081969663,-2.974284616,-2.931814138,-2.934793872,-2.895854449,-2.867420152,-2.763210901,-2.741123371,-2.691862621,-2.692717953,-2.582030358,-2.547600154,-2.472498989,-2.455931956,-2.418847108,-2.343710099,-2.309006968,-2.267525823,-2.251579378,-2.190574971,-2.153106457,-2.098868749,-2.04735283,-2.049343117,-1.981008405,-1.970332197,-1.912680088,-1.837017629,-1.846886668,-1.770318158,-1.730603817,-1.705820459,-1.659397268,-1.650858514,-1.617208766,-1.582046947,-1.521361368,-1.487142241,-1.424662026,-1.371028995,-1.300734776,-1.254339774,-1.179548942,-1.131790662,-1.055098041,-0.989903667,-0.933200896,-0.894823754,-0.834278005,-0.777460403,-0.726852829,-0.675435654,-0.621120826,-0.572976671,-0.521313765,-0.456146674,-0.445281942,-0.419357807,-0.376504679,-0.327359152
2018,-2.568958055,-3.747146969,-3.863279433,-4.036212173,-4.086186148,-4.148741651,-4.443697499,-4.229147988,-4.017728767,-3.966576245,-4.443697499,-4.22184875,-4.148741651,-3.931814138,-3.974694135,-3.759450752,-3.653647026,-3.492144128,-3.410050399,-3.610833916,-3.563837353,-3.325138859,-3.416801226,-3.42945706,-3.583359493,-3.473660723,-3.419075024,-3.322393047,-3.490797478,-3.321481621,-3.392544977,-3.320572103,-3.353596274,-3.282329497,-3.166215625,-3.13667714,-3.238824187,-3.19859629,-3.268411235,-3.033389013,-2.998266287,-2.94195377,-2.934793872,-2.972650392,-2.915066425,-2.841939206,-2.845880474,-2.795880017,-2.722849386,-2.687822644,-2.659357622,-2.624885315,-2.572513891,-2.500725418,-2.449894001,-2.408045445,-2.324588306,-2.30390584,-2.287434472,-2.210701389,-2.195724233,-2.166088285,-2.117988038,-2.066057397,-2.040576978,-1.988979644,-1.94195377,-1.896880746,-1.867068251,-1.828595365,-1.773090915,-1.751364755,-1.69456264,-1.685353436,-1.625966904,-1.597824625,-1.580754896,-1.527360548,-1.484550065,-1.449123747,-1.372572691,-1.31968262,-1.254308573,-1.187033195,-1.143458398,-1.072706646,-1.002897704,-0.965792809,-0.895806615,-0.8387668,-0.773402672,-0.717418668,-0.671930426,-0.617406683,-0.566673485,-0.538765672,-0.500532869,-0.430149915,-0.423922532,-0.380190049,-0.354847037
2019,-2.523748204,-3.54668166,-3.673664139,-3.798602876,-4.091514981,-4.026872146,-4.229147988,-4.148741651,-4.455931956,-3.970616222,-3.920818754,-4.080921908,-4.229147988,-3.88941029,-4.031517051,-3.701146924,-3.614393726,-3.655607726,-3.400116928,-3.585026652,-3.476253533,-3.35753548,-3.416801226,-3.638272164,-3.41453927,-3.341988603,-3.488116639,-3.344861565,-3.390405591,-3.441291429,-3.346787486,-3.279840697,-3.272458743,-3.211124884,-3.277366077,-3.249491605,-3.201349355,-3.223298816,-3.1837587,-3.075720714,-3.048176965,-2.962573502,-3.035269079,-2.993106292,-2.960585881,-2.799970733,-2.789146635,-2.784362437,-2.714667772,-2.735654493,-2.67223251,-2.648590248,-2.563837353,-2.549750892,-2.499214827,-2.433091345,-2.391473966,-2.332640454,-2.334043971,-2.265280158,-2.216811309,-2.15864053,-2.131590697,-2.081812339,-2.071041159,-1.98889497,-1.959912157,-1.89588862,-1.873706209,-1.838691905,-1.808632834,-1.743282254,-1.708409174,-1.668269107,-1.646622405,-1.585026652,-1.577623585,-1.541120524,-1.501193393,-1.457162129,-1.406558855,-1.356330231,-1.270843313,-1.213916144,-1.13547112,-1.075519124,-1.026032091,-0.962625302,-0.901373577,-0.851702816,-0.793298226,-0.724407655,-0.677210293,-0.623649373,-0.569979799,-0.555518005,-0.498152326,-0.44529405,-0.420382153,-0.384695034,-0.300526506
