Äê·Ý,0,0.01,0.02,0.03,0.04,0.05,0.06,0.07,0.08,0.09,0.1,0.11,0.12,0.13,0.14,0.15,0.16,0.17,0.18,0.19,0.2,0.21,0.22,0.23,0.24,0.25,0.26,0.27,0.28,0.29,0.3,0.31,0.32,0.33,0.34,0.35,0.36,0.37,0.38,0.39,0.4,0.41,0.42,0.43,0.44,0.45,0.46,0.47,0.48,0.49,0.5,0.51,0.52,0.53,0.54,0.55,0.56,0.57,0.58,0.59,0.6,0.61,0.62,0.63,0.64,0.65,0.66,0.67,0.68,0.69,0.7,0.71,0.72,0.73,0.74,0.75,0.76,0.77,0.78,0.79,0.8,0.81,0.82,0.83,0.84,0.85,0.86,0.87,0.88,0.89,0.9,0.91,0.92,0.93,0.94,0.95,0.96,0.97,0.98,0.99,1
0,-1.232176502,-1.836928118,-2.00656377,-2.146727776,-2.331800516,-2.479909672,-2.617442678,-2.711303739,-2.804100348,-2.864549301,-2.921543182,-2.942333896,-2.943857738,-2.938547521,-2.89245087,-2.804653942,-2.709075441,-2.600845666,-2.516270101,-2.458795309,-2.410273744,-2.35398859,-2.316232739,-2.295592073,-2.270187493,-2.270592203,-2.256568635,-2.271646218,-2.269137008,-2.265920593,-2.284414448,-2.29981567,-2.289374985,-2.287687091,-2.278354234,-2.265520211,-2.261219442,-2.253677235,-2.24328784,-2.215454026,-2.212610379,-2.195519811,-2.172630727,-2.172307711,-2.142607189,-2.109690783,-2.106404666,-2.073451775,-2.042536384,-2.010060987,-1.986909862,-1.963530801,-1.905528871,-1.901806374,-1.849335646,-1.824517179,-1.785103192,-1.747559623,-1.702217611,-1.691649051,-1.644184645,-1.608623761,-1.586851175,-1.513640374,-1.484563319,-1.443480406,-1.401559695,-1.368728765,-1.329485116,-1.28121607,-1.2626006,-1.211690188,-1.177505015,-1.136153922,-1.094080053,-1.063340512,-1.024485477,-0.995339063,-0.956543406,-0.931368936,-0.864231485,-0.831537874,-0.782621352,-0.753666404,-0.719339695,-0.680685696,-0.629019005,-0.6116643,-0.571264416,-0.538894827,-0.492086136,-0.467640614,-0.411400035,-0.441967391,-0.357979894,-0.394272719,-0.341772941,-0.30982076,-0.299969008,-0.213031485,-0.251491799
0.015151515,-1.252518276,-1.888300722,-2.029885678,-2.156767222,-2.326979093,-2.522589312,-2.657972312,-2.771086594,-2.857610534,-2.94195377,-2.970616222,-3.029653124,-3.007446482,-2.992252222,-2.947306058,-2.89997427,-2.793443956,-2.732828272,-2.642827742,-2.553307534,-2.530619864,-2.497982785,-2.455188088,-2.415329616,-2.393726147,-2.39761441,-2.378927629,-2.371713269,-2.379135525,-2.372224625,-2.359617955,-2.385524634,-2.377682339,-2.369267107,-2.373249146,-2.35753548,-2.341606974,-2.327440372,-2.312738654,-2.284665316,-2.278849156,-2.252899069,-2.236497135,-2.215382707,-2.1919917,-2.169603824,-2.136142038,-2.0970186,-2.067627718,-2.043543417,-2.025350166,-2.000825944,-1.959635044,-1.909847799,-1.896914998,-1.84481584,-1.817243069,-1.773168189,-1.726720868,-1.71942163,-1.675635222,-1.626922408,-1.589104722,-1.563471618,-1.494592236,-1.463694128,-1.427546637,-1.387184367,-1.345092225,-1.299054114,-1.263723045,-1.231310112,-1.189969214,-1.161087973,-1.116582747,-1.063943915,-1.038811541,-1.008547973,-0.974452472,-0.938747373,-0.895591424,-0.854511468,-0.813990656,-0.760940889,-0.726718554,-0.704679253,-0.65426761,-0.625097754,-0.60797699,-0.578552381,-0.541032967,-0.48435793,-0.456082123,-0.434259588,-0.380078542,-0.382444034,-0.416721858,-0.33628306,-0.228250148,-0.179050831,-0.529267656
0.03030303,-1.305772231,-2.052125345,-2.127494101,-2.243972787,-2.405717971,-2.564952359,-2.746661995,-2.830031826,-2.924088239,-2.995248844,-3.037157319,-3.063989204,-3.068033885,-3.069050969,-3.019542108,-2.978397284,-2.888401475,-2.799423073,-2.722390786,-2.650722473,-2.594995335,-2.581367313,-2.552841969,-2.511731385,-2.497982785,-2.492548939,-2.482672118,-2.481749349,-2.462558717,-2.46130062,-2.462180905,-2.442853858,-2.454816632,-2.449404793,-2.422163659,-2.42934033,-2.410497204,-2.37923951,-2.389446295,-2.363010898,-2.320935682,-2.304080747,-2.289882635,-2.265040239,-2.241012453,-2.219106891,-2.188290973,-2.141703475,-2.112495226,-2.075875847,-2.04416799,-2.01416951,-1.985815602,-1.947960493,-1.90315948,-1.886892633,-1.84296655,-1.800080348,-1.739499302,-1.713880497,-1.696285691,-1.664802955,-1.615843793,-1.563471618,-1.541603913,-1.4711604,-1.447368281,-1.405331269,-1.358426747,-1.321709298,-1.290111271,-1.237193942,-1.224120249,-1.166782743,-1.134724238,-1.089311576,-1.053808193,-1.030141631,-0.975198373,-0.952662817,-0.893911142,-0.875959009,-0.824621569,-0.79583659,-0.752729043,-0.710533684,-0.676974906,-0.652576304,-0.594319039,-0.59156329,-0.544317835,-0.523190101,-0.450917002,-0.437684529,-0.403316054,-0.397663234,-0.465600713,-0.390674574,-0.389874518,-0.202212587,-0.274134085
0.045454545,-1.3130868,-2.072886388,-2.192803339,-2.297138829,-2.439615077,-2.607830851,-2.739451627,-2.893129456,-2.971428747,-3.032920266,-3.094743951,-3.113509275,-3.123782159,-3.109020403,-3.069560405,-3.019088062,-2.934420285,-2.859491957,-2.746177561,-2.697020063,-2.631899148,-2.588380294,-2.57024772,-2.558619115,-2.541815564,-2.535063571,-2.530030791,-2.531062194,-2.51243744,-2.492009275,-2.505011026,-2.502932064,-2.502103257,-2.478600372,-2.466482138,-2.475993554,-2.449527043,-2.438898616,-2.413862975,-2.37923951,-2.378927629,-2.344189506,-2.314795866,-2.305131672,-2.260269471,-2.223734782,-2.205302873,-2.173536451,-2.11850122,-2.095988116,-2.054826954,-2.019632974,-1.987542422,-1.960070586,-1.91421011,-1.862392729,-1.858738409,-1.801837961,-1.74997055,-1.714217726,-1.689179285,-1.654214718,-1.620658217,-1.566166186,-1.51778407,-1.49172622,-1.425945571,-1.397961724,-1.354469662,-1.308777009,-1.267164128,-1.220627206,-1.177701129,-1.152439679,-1.101389988,-1.071036044,-1.019206068,-0.980406041,-0.945885099,-0.904732987,-0.859778019,-0.814259582,-0.794216602,-0.754993481,-0.718237358,-0.66087664,-0.624504651,-0.59578568,-0.54841311,-0.50950215,-0.506981345,-0.458692899,-0.446330534,-0.375740599,-0.388295806,-0.380342245,-0.301630606,-0.273169322,-0.283848854,-0.252106773,-0.285334169
0.060606061,-1.347115744,-2.158390288,-2.253365801,-2.337431033,-2.464326197,-2.622693749,-2.767512134,-2.902048929,-3.001740662,-3.092588639,-3.128427064,-3.156144577,-3.163043263,-3.139661993,-3.105683937,-3.080921908,-2.953504836,-2.850165303,-2.786482243,-2.705093089,-2.644165504,-2.597394758,-2.588548658,-2.55642412,-2.541211118,-2.547906751,-2.530767257,-2.532096053,-2.529883647,-2.516270101,-2.511731385,-2.51484665,-2.494714326,-2.504594437,-2.494850022,-2.483200296,-2.466863712,-2.458670422,-2.426200418,-2.409604053,-2.396206296,-2.380802284,-2.341797747,-2.310336035,-2.277530614,-2.25352149,-2.220187137,-2.193006486,-2.142607189,-2.104577454,-2.064240896,-2.036589984,-2.005462896,-1.965973476,-1.94210578,-1.916891721,-1.853716887,-1.835795901,-1.764092973,-1.749628798,-1.708276044,-1.670724188,-1.639444452,-1.6112773,-1.552857479,-1.515358555,-1.482223671,-1.412491079,-1.38844662,-1.343710099,-1.303084719,-1.266072835,-1.225753184,-1.184501946,-1.159862527,-1.108284178,-1.084157126,-1.039762368,-0.992350355,-0.960447087,-0.932564594,-0.880701211,-0.834684435,-0.81368796,-0.773356281,-0.737299796,-0.686964216,-0.65378203,-0.628160334,-0.585608328,-0.526546607,-0.506452729,-0.462891463,-0.473341582,-0.379489176,-0.399305839,-0.359193709,-0.407119612,-0.283735323,-0.371032056,-0.273412146
0.075757576,-1.394888975,-2.242679903,-2.356349962,-2.448550002,-2.563996464,-2.694218849,-2.819014419,-2.940058112,-3.020907099,-3.110698297,-3.158015195,-3.146301788,-3.187086643,-3.173925197,-3.127261173,-3.095825632,-3.021819483,-2.901702464,-2.81276138,-2.736837535,-2.692076296,-2.652084813,-2.619426997,-2.608006928,-2.596022036,-2.606424797,-2.582528307,-2.580044252,-2.602407566,-2.572027286,-2.573326112,-2.565750548,-2.563042669,-2.54668166,-2.536256279,-2.518987579,-2.501551597,-2.490259984,-2.472112434,-2.451856363,-2.42573717,-2.411056357,-2.38341947,-2.340654364,-2.309449538,-2.281664421,-2.243059764,-2.203564441,-2.168514161,-2.127960332,-2.092857469,-2.065148197,-2.027149444,-1.991144436,-1.952530425,-1.930961235,-1.901183283,-1.851675037,-1.806235567,-1.760375235,-1.717196686,-1.693875329,-1.644146364,-1.603975103,-1.575853694,-1.527053497,-1.484218851,-1.447076392,-1.387385657,-1.36057328,-1.313658722,-1.27338688,-1.236841652,-1.196795613,-1.146612109,-1.128386205,-1.076320868,-1.050054062,-0.998950277,-0.964282162,-0.923967922,-0.88458921,-0.859812611,-0.798818711,-0.790415289,-0.736359198,-0.704659452,-0.673295555,-0.623091062,-0.593139752,-0.570992633,-0.525753132,-0.504332191,-0.440916083,-0.430327689,-0.372787813,-0.415719672,-0.385952175,-0.27240019,-0.259336567,-0.276011843
0.090909091,-1.387555237,-2.272946989,-2.376234,-2.483596852,-2.587707491,-2.724688645,-2.839531469,-2.966978555,-3.062482108,-3.11463878,-3.153662888,-3.233587153,-3.226213555,-3.212539525,-3.177831921,-3.11463878,-3.010550182,-2.938547521,-2.84924356,-2.74836178,-2.719877104,-2.661942125,-2.655214877,-2.626352528,-2.614572485,-2.629671992,-2.628562683,-2.635449005,-2.612432221,-2.596022036,-2.602059991,-2.611366031,-2.568797115,-2.568636236,-2.545460015,-2.538201442,-2.511449283,-2.505428016,-2.496617937,-2.453087357,-2.448794056,-2.401100113,-2.391260081,-2.362210171,-2.324221658,-2.278354234,-2.243059764,-2.207398219,-2.182368533,-2.148130399,-2.090497459,-2.05724808,-2.023787623,-1.974899039,-1.948693089,-1.914780799,-1.885455733,-1.844998164,-1.767868259,-1.76130169,-1.714802877,-1.678567283,-1.637159531,-1.59254111,-1.553680345,-1.52334224,-1.466355021,-1.427837317,-1.401680143,-1.327265028,-1.298121299,-1.250147785,-1.209468548,-1.174521952,-1.126667771,-1.084579057,-1.053400375,-1.00707111,-0.973331933,-0.929396994,-0.883777581,-0.849016497,-0.814633525,-0.770029065,-0.722184573,-0.715503845,-0.666039131,-0.630350065,-0.575593735,-0.539169786,-0.5225517,-0.480341296,-0.418226643,-0.431364198,-0.41213532,-0.371935123,-0.278220701,-0.26103245,-0.293038262,-0.265073819,-0.193244289
0.106060606,-1.402206122,-2.276708554,-2.418050342,-2.522011024,-2.633017024,-2.730020323,-2.872895202,-2.979224512,-3.063989204,-3.119758224,-3.169411331,-3.246416941,-3.194499142,-3.179142011,-3.156144577,-3.110138279,-2.972242795,-2.925549281,-2.840132153,-2.755228239,-2.717377887,-2.711974465,-2.652279783,-2.631899148,-2.614751318,-2.627272059,-2.643782866,-2.632085261,-2.629301907,-2.605898698,-2.602755419,-2.607654845,-2.58236226,-2.570893992,-2.540456742,-2.540155358,-2.521145032,-2.503901008,-2.490125715,-2.46941614,-2.446359664,-2.414764937,-2.374996399,-2.364114315,-2.327532687,-2.27876663,-2.245498771,-2.216239304,-2.173925197,-2.126156467,-2.097398869,-2.056604423,-2.017095882,-1.982590991,-1.942942791,-1.898115513,-1.863057587,-1.838961588,-1.770190217,-1.739952475,-1.714780357,-1.664481924,-1.620857713,-1.580572992,-1.541180918,-1.501317353,-1.466494852,-1.411571415,-1.362020215,-1.332173621,-1.257549826,-1.234614611,-1.184614871,-1.149966742,-1.108535024,-1.05910019,-1.018580094,-0.993979177,-0.934876104,-0.910989113,-0.858816843,-0.819512841,-0.791072484,-0.751443159,-0.707879113,-0.656343309,-0.634785407,-0.596764483,-0.557902955,-0.529524825,-0.490559555,-0.45104336,-0.434685936,-0.37715831,-0.3690395,-0.327452372,-0.306113956,-0.2698066,-0.240122989,-0.254563707,-0.220623597
0.121212121,-1.438493146,-2.366430557,-2.498666821,-2.608359297,-2.702677286,-2.802995272,-2.911155437,-3.026872146,-3.110698297,-3.189767482,-3.217527376,-3.234331445,-3.303643611,-3.235077015,-3.219682688,-3.133122186,-3.050609993,-2.955068454,-2.86998805,-2.809108283,-2.743282254,-2.714667772,-2.700492701,-2.672641066,-2.667965723,-2.660349842,-2.656394492,-2.671824339,-2.682563503,-2.653060537,-2.659357622,-2.653451441,-2.628193541,-2.617082865,-2.600672468,-2.584859648,-2.566070234,-2.557990841,-2.537452271,-2.498119506,-2.478077755,-2.465339424,-2.440931666,-2.400007822,-2.366632555,-2.317854924,-2.286593468,-2.246034134,-2.203842123,-2.163865851,-2.12182302,-2.094365999,-2.048565334,-2.014438812,-1.986867724,-1.93711731,-1.90018129,-1.867324151,-1.817414175,-1.791719921,-1.746153354,-1.717287277,-1.661942125,-1.627400949,-1.586784085,-1.548505238,-1.508190233,-1.476487647,-1.420513654,-1.367552831,-1.340188347,-1.275838865,-1.243409529,-1.199090555,-1.157334605,-1.124562511,-1.075736225,-1.034375033,-1.009736643,-0.959247384,-0.91800857,-0.878233398,-0.842945375,-0.815109918,-0.776880628,-0.746659571,-0.689565855,-0.678252481,-0.636290268,-0.582277601,-0.553790697,-0.522608119,-0.498472446,-0.465763147,-0.396390175,-0.425316044,-0.362757508,-0.319205048,-0.344816409,-0.427824523,-0.311930068
0.136363636,-1.470877765,-2.368657714,-2.531209738,-2.637894681,-2.732828272,-2.826231177,-2.930701988,-3.021819483,-3.104577454,-3.14327111,-3.190440285,-3.244887734,-3.245651664,-3.272458743,-3.230622674,-3.141462802,-3.064996849,-2.985899678,-2.893129456,-2.8224635,-2.800793521,-2.755475488,-2.723308471,-2.727230413,-2.683610249,-2.699839463,-2.698319051,-2.676954265,-2.693574972,-2.6712128,-2.671009145,-2.649751982,-2.652084813,-2.630598586,-2.606424797,-2.600845666,-2.581367313,-2.567030709,-2.561299467,-2.513994814,-2.50962008,-2.470569646,-2.4529641,-2.400662867,-2.370386555,-2.341035157,-2.311224345,-2.268089058,-2.22519117,-2.183559832,-2.150457748,-2.107682739,-2.078833949,-2.018136109,-1.978025545,-1.950898322,-1.912112151,-1.864867349,-1.814514508,-1.796640698,-1.767334181,-1.712803122,-1.688013165,-1.636068527,-1.590388069,-1.559295525,-1.505928932,-1.462117968,-1.435914171,-1.376564623,-1.333266798,-1.297828049,-1.234227167,-1.203862956,-1.164214338,-1.120863963,-1.083461833,-1.04468755,-0.988467617,-0.967647215,-0.908575752,-0.877882464,-0.833362706,-0.793122875,-0.770008606,-0.735593063,-0.693287683,-0.64244628,-0.635038354,-0.593856827,-0.561465562,-0.506886454,-0.478115624,-0.428539241,-0.439423905,-0.387381418,-0.351065539,-0.368402023,-0.328938292,-0.299677972,-0.170581074
0.151515152,-1.503430108,-2.442372512,-2.583692413,-2.702239489,-2.785156152,-2.87484417,-2.987162775,-3.087246696,-3.134896025,-3.210419288,-3.271646218,-3.295849483,-3.289882635,-3.298432015,-3.277366077,-3.190440285,-3.074172425,-2.968995719,-2.906928694,-2.831502516,-2.803271277,-2.787812396,-2.739451627,-2.732828272,-2.725380381,-2.71489297,-2.722390786,-2.708853238,-2.701802133,-2.722161667,-2.711303739,-2.697236292,-2.677780705,-2.66735959,-2.64054398,-2.62178385,-2.604848408,-2.594141601,-2.576918042,-2.515842576,-2.505984625,-2.481881053,-2.46967221,-2.432150549,-2.387852162,-2.356843534,-2.304693478,-2.274415028,-2.235226283,-2.187889159,-2.149292515,-2.119357874,-2.074481642,-2.033248336,-1.988979644,-1.95012328,-1.920023276,-1.874551267,-1.823416819,-1.796097219,-1.753747688,-1.722918218,-1.66758174,-1.640297292,-1.577328102,-1.543026986,-1.505233371,-1.449038248,-1.414099558,-1.380280734,-1.327394222,-1.269936762,-1.242960968,-1.17782538,-1.150353363,-1.097241289,-1.058851459,-1.01884761,-0.972923696,-0.930224637,-0.901955356,-0.842543232,-0.823093034,-0.770197892,-0.732997327,-0.707947829,-0.673651848,-0.633072993,-0.580882274,-0.57208565,-0.51417498,-0.486634552,-0.454945367,-0.444990241,-0.370581226,-0.377800488,-0.321220394,-0.284657788,-0.270180212,-0.287763748,-0.139809379
0.166666667,-1.53521248,-2.503208684,-2.657972312,-2.750557039,-2.835944708,-2.930701988,-3.053547735,-3.096910013,-3.175874166,-3.224025669,-3.2915791,-3.311580178,-3.344861565,-3.300162274,-3.27083521,-3.187755303,-3.084600165,-2.991399828,-2.926648298,-2.871600731,-2.825649403,-2.804931004,-2.798056937,-2.770318158,-2.750557039,-2.756465898,-2.751291264,-2.755970411,-2.746661995,-2.731188096,-2.741123371,-2.719877104,-2.694218849,-2.69079582,-2.6413039,-2.634699251,-2.634137785,-2.61960784,-2.583193128,-2.557677044,-2.541815564,-2.501689446,-2.478861916,-2.439256699,-2.399027104,-2.375821074,-2.337714484,-2.292174432,-2.257824957,-2.207888591,-2.16774663,-2.13288622,-2.087618501,-2.056456023,-2.02489001,-1.961022378,-1.926135077,-1.891265891,-1.834488589,-1.79734824,-1.774096555,-1.729134911,-1.698362417,-1.638272164,-1.614018572,-1.552144556,-1.520957628,-1.471327498,-1.422094783,-1.39303853,-1.352069616,-1.294350068,-1.246026481,-1.21348992,-1.148014359,-1.116827066,-1.068547215,-1.026082818,-0.981978096,-0.942219823,-0.898541635,-0.863679041,-0.80957865,-0.768318921,-0.744623759,-0.697762175,-0.66705684,-0.636521525,-0.59376308,-0.554153033,-0.535932433,-0.489122694,-0.455820294,-0.401903606,-0.393317743,-0.378143718,-0.359546391,-0.346959308,-0.220339307,-0.296698302,-0.211471752
0.181818182,-1.567704308,-2.525638024,-2.731656086,-2.835944708,-2.898940645,-2.990124366,-3.103473783,-3.177831921,-3.229147988,-3.299296283,-3.341035157,-3.338187314,-3.349692477,-3.334419009,-3.292429824,-3.237321436,-3.181774106,-3.056011125,-2.990974258,-2.941194513,-2.89279003,-2.856048884,-2.818442226,-2.818442226,-2.803271277,-2.786216701,-2.804931004,-2.770318158,-2.786747948,-2.74860515,-2.751046385,-2.745451923,-2.716698771,-2.706416487,-2.669789215,-2.667763585,-2.653060537,-2.621057301,-2.594312213,-2.570732334,-2.552686891,-2.500175504,-2.498393078,-2.44551084,-2.416914634,-2.373762315,-2.344861565,-2.304781081,-2.2644011,-2.226432951,-2.185552621,-2.13745123,-2.093126465,-2.056406567,-2.009838807,-1.993448391,-1.939566593,-1.885589198,-1.841486737,-1.807181743,-1.766267991,-1.736103669,-1.694885192,-1.648126423,-1.593425759,-1.565159747,-1.509732424,-1.467041894,-1.422335895,-1.376368285,-1.329763427,-1.300032265,-1.23735144,-1.185346276,-1.159385852,-1.089605074,-1.052732969,-1.002093997,-0.967276505,-0.92146706,-0.879399749,-0.836406335,-0.803555746,-0.750024279,-0.72637842,-0.682176846,-0.650390321,-0.611580835,-0.572265654,-0.534475877,-0.498354767,-0.492215617,-0.438699412,-0.418201615,-0.373783881,-0.359036833,-0.28907237,-0.314694566,-0.216670383,-0.195339318,-0.28914251
0.196969697,-1.623934278,-2.603626272,-2.796151536,-2.886056648,-2.963371105,-3.020451625,-3.136082623,-3.212539525,-3.280668713,-3.329754147,-3.380906669,-3.403402904,-3.408935393,-3.390405591,-3.353596274,-3.276544328,-3.177178355,-3.100179498,-3.046240308,-2.968995719,-2.920818754,-2.915066425,-2.868702203,-2.860435734,-2.841336019,-2.828566099,-2.838631998,-2.826522357,-2.82131076,-2.774949304,-2.791827473,-2.769040444,-2.760200182,-2.731656086,-2.70289635,-2.681936665,-2.67943832,-2.610125442,-2.613144471,-2.585360853,-2.565750548,-2.534914712,-2.491739694,-2.490394295,-2.422278475,-2.397722916,-2.373351732,-2.315513708,-2.282579163,-2.235599677,-2.212539525,-2.164119268,-2.130474937,-2.082336976,-2.041627268,-2.002307882,-1.976829879,-1.921688213,-1.857078942,-1.832623582,-1.796124377,-1.752394936,-1.711750774,-1.676232417,-1.629080008,-1.571670789,-1.548996921,-1.49063616,-1.452619168,-1.408034332,-1.366188284,-1.323910251,-1.289882635,-1.227685629,-1.179299487,-1.149598852,-1.083898895,-1.055838232,-1.003435795,-0.962481872,-0.922992036,-0.881513718,-0.842896977,-0.814537176,-0.762300467,-0.729458576,-0.684510372,-0.658156106,-0.614004287,-0.593032548,-0.548789425,-0.511742672,-0.496919199,-0.479836247,-0.428614972,-0.42008385,-0.387765184,-0.385449726,-0.287719943,-0.292482624,-0.287511926
0.212121212,-1.672416313,-2.639595945,-2.829738285,-2.938924676,-3.019542108,-3.087777943,-3.142064735,-3.200659451,-3.271646218,-3.341035157,-3.377785977,-3.390405591,-3.408935393,-3.382999659,-3.379863945,-3.287350298,-3.158015195,-3.104577454,-3.062482108,-2.993533958,-2.959793372,-2.942714356,-2.90274269,-2.879426069,-2.8569852,-2.856360765,-2.851705903,-2.843148099,-2.842543232,-2.81389162,-2.813043665,-2.788345599,-2.775985189,-2.756713854,-2.742561433,-2.714442691,-2.67840157,-2.647046088,-2.613679426,-2.591590422,-2.571703186,-2.535361441,-2.523313257,-2.483332441,-2.440093375,-2.424581209,-2.368150538,-2.341130408,-2.293282218,-2.253988892,-2.233141189,-2.178355482,-2.133122186,-2.097290187,-2.051635944,-2.015697768,-1.975678558,-1.941004906,-1.875985121,-1.842392147,-1.81171852,-1.765508026,-1.71733258,-1.68432348,-1.639861186,-1.597738618,-1.543330371,-1.518027368,-1.454470226,-1.416529169,-1.366430557,-1.321946209,-1.273525456,-1.247206589,-1.189189704,-1.138095372,-1.110104701,-1.039743331,-1.01153023,-0.963446953,-0.924500485,-0.886949539,-0.843796241,-0.803807229,-0.775897042,-0.727575854,-0.692296492,-0.657320766,-0.640342824,-0.589253126,-0.555963015,-0.525383146,-0.467890537,-0.465926911,-0.421465079,-0.418362045,-0.343222606,-0.313255617,-0.325299569,-0.211496489,-0.152469292
0.227272727,-1.705842519,-2.669992299,-2.856360765,-2.964970718,-3.025028006,-3.118045029,-3.185086819,-3.215382707,-3.316052869,-3.397940009,-3.41453927,-3.447331784,-3.443697499,-3.406713933,-3.343901798,-3.314258261,-3.187086643,-3.131943638,-3.103473783,-3.049148541,-3.003050752,-2.956244873,-2.932185489,-2.928117993,-2.890759031,-2.885389016,-2.883724412,-2.89279003,-2.856048884,-2.844360366,-2.839831707,-2.800793521,-2.791558644,-2.755228239,-2.738261453,-2.712646227,-2.688246139,-2.671009145,-2.647624505,-2.597910649,-2.587539453,-2.558776326,-2.541815564,-2.49757288,-2.445874418,-2.418847108,-2.383524486,-2.33856595,-2.287687091,-2.256647049,-2.227898431,-2.1856858,-2.152550738,-2.106904334,-2.054088483,-2.019860222,-1.977324238,-1.941004906,-1.893911142,-1.848844745,-1.804128011,-1.756664251,-1.716585688,-1.671600008,-1.625471606,-1.589881032,-1.548981548,-1.486888988,-1.460472269,-1.397408324,-1.361271198,-1.309042357,-1.268580473,-1.219906014,-1.184734472,-1.128707345,-1.079130871,-1.042028958,-0.980422646,-0.948068377,-0.895922794,-0.859561098,-0.81825071,-0.773101217,-0.740728737,-0.714123276,-0.655562531,-0.627940861,-0.588333164,-0.558279734,-0.520411735,-0.485326094,-0.451981764,-0.422079862,-0.410386577,-0.385283075,-0.331440773,-0.345106646,-0.305567676,-0.189909357,-0.300870205
0.242424242,-1.767435859,-2.698102283,-2.894830572,-3.004364805,-3.064492734,-3.133712661,-3.195860568,-3.245651664,-3.298432015,-3.381951903,-3.378823718,-3.428291168,-3.42945706,-3.406713933,-3.40560745,-3.316952962,-3.191789027,-3.132532512,-3.073657553,-3.033858267,-3.015022874,-2.959793372,-2.943857738,-2.923723745,-2.907279355,-2.888065724,-2.900319359,-2.885055584,-2.890421453,-2.857297754,-2.859491957,-2.833273944,-2.794254459,-2.780153614,-2.745451923,-2.716246617,-2.700492701,-2.681102285,-2.645699438,-2.606600305,-2.585360853,-2.570893992,-2.525201181,-2.514988785,-2.47820835,-2.423773863,-2.392437757,-2.373659633,-2.336676066,-2.284330858,-2.245040412,-2.210842508,-2.16488041,-2.128193636,-2.081812339,-2.041675068,-1.998179783,-1.958015499,-1.902187593,-1.879228707,-1.826580616,-1.786535371,-1.737050825,-1.688818514,-1.646218365,-1.608976631,-1.576655806,-1.527726368,-1.463201752,-1.440284842,-1.381512599,-1.340625818,-1.292157411,-1.249854311,-1.205749033,-1.176949839,-1.115295241,-1.066811456,-1.033722131,-0.97675989,-0.955989712,-0.893384199,-0.860943074,-0.816812751,-0.776472909,-0.738596752,-0.711006716,-0.665900263,-0.629781228,-0.584856308,-0.575464631,-0.524738607,-0.494794381,-0.460686736,-0.417154021,-0.405720182,-0.353801215,-0.355311345,-0.331206075,-0.239860352,-0.285453985
0.257575758,-1.766318702,-2.736127323,-2.932929144,-3.052566278,-3.1123827,-3.221125528,-3.241088108,-3.294992041,-3.373659633,-3.385102784,-3.427128398,-3.465973894,-3.4225082,-3.40560745,-3.391473966,-3.329754147,-3.20481541,-3.148741651,-3.100726813,-3.073143291,-3.015022874,-3.00656377,-2.957424488,-2.937418016,-2.938170693,-2.919734373,-2.919012953,-2.915066425,-2.893809103,-2.858550227,-2.875821945,-2.876148359,-2.81276138,-2.799970733,-2.77314243,-2.739213331,-2.71942163,-2.685079944,-2.657972312,-2.622147581,-2.60153915,-2.578396073,-2.555955204,-2.51812759,-2.486116814,-2.451119437,-2.420330706,-2.376234,-2.348721986,-2.30565809,-2.256568635,-2.229368872,-2.185020316,-2.145572494,-2.107348966,-2.062883489,-2.022779553,-1.971550757,-1.914495361,-1.878571482,-1.856017708,-1.78994915,-1.747074188,-1.709787253,-1.660886585,-1.619987856,-1.583908948,-1.540667835,-1.494280384,-1.433538938,-1.406381692,-1.342666823,-1.307452697,-1.259961178,-1.217957583,-1.169700102,-1.131814193,-1.075912052,-1.031629142,-0.998660099,-0.934203752,-0.916916827,-0.862462334,-0.820095057,-0.788564402,-0.743650334,-0.701939853,-0.674275039,-0.625710012,-0.581728547,-0.560329478,-0.53199847,-0.474232403,-0.475673994,-0.43220694,-0.393214628,-0.382486991,-0.335421951,-0.322978279,-0.273852509,-0.26068087
0.272727273,-1.807739281,-2.740406121,-2.958607315,-3.05207638,-3.139063379,-3.189095719,-3.242603971,-3.308034897,-3.353596274,-3.443697499,-3.477555766,-3.517126416,-3.494850022,-3.441291429,-3.413412695,-3.377785977,-3.22475374,-3.150580586,-3.102372909,-3.056505484,-3.038578906,-3.026410377,-2.997833938,-2.95546024,-2.946921557,-2.927750102,-2.928117993,-2.92628165,-2.920456993,-2.905528871,-2.891096872,-2.878112015,-2.864231485,-2.820735536,-2.79290446,-2.763210901,-2.71942163,-2.7000571,-2.682354457,-2.64054398,-2.604498876,-2.58686795,-2.551602897,-2.537302592,-2.479254528,-2.468265691,-2.417141538,-2.384365531,-2.363512104,-2.316052869,-2.273598838,-2.229074385,-2.187956102,-2.150273556,-2.114356128,-2.084125497,-2.028863371,-1.976294957,-1.90104494,-1.896367295,-1.848568856,-1.810144886,-1.76459782,-1.705886644,-1.671253542,-1.623350058,-1.583858969,-1.54619259,-1.507868466,-1.453025724,-1.396011686,-1.366996387,-1.304185725,-1.264425051,-1.21917163,-1.168546171,-1.129695608,-1.091429203,-1.029848461,-0.986412895,-0.950572636,-0.895700714,-0.874395132,-0.817528282,-0.774026859,-0.742076754,-0.700810966,-0.651395324,-0.630800847,-0.589069315,-0.549407596,-0.523711942,-0.482193351,-0.449406015,-0.442484377,-0.4165779,-0.339296702,-0.362901712,-0.34247949,-0.272726396,-0.311425355
0.287878788,-1.843208632,-2.764471553,-2.98505965,-3.087246696,-3.130181792,-3.189767482,-3.235823868,-3.308034897,-3.387216143,-3.442492798,-3.4867824,-3.534617149,-3.478861916,-3.431798276,-3.4225082,-3.363512104,-3.180456064,-3.102922997,-3.095825632,-3.037157319,-3.019542108,-3.000869459,-2.988429556,-2.969805215,-2.945386945,-2.948847478,-2.927750102,-2.946921557,-2.91721463,-2.924453039,-2.893469146,-2.877129077,-2.840432807,-2.820161072,-2.796151536,-2.769806621,-2.72399801,-2.692076296,-2.662940274,-2.624702262,-2.612610174,-2.581864502,-2.560983272,-2.514278574,-2.491335637,-2.450138812,-2.440213032,-2.399135964,-2.354577731,-2.320662969,-2.281664421,-2.23852322,-2.20439802,-2.16481693,-2.123205024,-2.078365539,-2.032124554,-2.001174181,-1.935429708,-1.902152923,-1.86315265,-1.810341279,-1.779970406,-1.723308471,-1.67188554,-1.642503478,-1.576934437,-1.537227772,-1.505720147,-1.46484518,-1.413187731,-1.350256357,-1.324918554,-1.26334061,-1.224680878,-1.170516113,-1.132349876,-1.088458889,-1.063019039,-0.999852365,-0.95554648,-0.917681478,-0.865567875,-0.855600168,-0.788708552,-0.753612223,-0.715413625,-0.675443881,-0.628160334,-0.60762845,-0.564520352,-0.530191234,-0.508994293,-0.474301003,-0.445998105,-0.424184268,-0.386092669,-0.356472315,-0.406306419,-0.371965803,-0.334976539
0.303030303,-1.865249314,-2.774690718,-2.97674754,-3.099086932,-3.148741651,-3.197910742,-3.250263684,-3.346787486,-3.41453927,-3.467245621,-3.515700161,-3.508638306,-3.452225295,-3.458420756,-3.438898616,-3.350665141,-3.163043263,-3.067019178,-3.069560405,-3.045275209,-3.008330993,-2.996108834,-2.991399828,-3.005243055,-3.01278077,-2.955068454,-2.964970718,-2.931443105,-2.938547521,-2.916139199,-2.894830572,-2.920818754,-2.866461092,-2.827981191,-2.809108283,-2.763462739,-2.741602196,-2.695294102,-2.680269506,-2.640923774,-2.616184634,-2.570893992,-2.560193789,-2.525492361,-2.482804102,-2.462306806,-2.43568909,-2.407712184,-2.360613131,-2.320753855,-2.279344643,-2.243363892,-2.210842508,-2.17088929,-2.128719027,-2.080921908,-2.040195683,-1.996022758,-1.955107617,-1.916031802,-1.873251858,-1.8102571,-1.767207116,-1.738047567,-1.684953775,-1.629727532,-1.588969853,-1.54307248,-1.490219699,-1.458657936,-1.414155907,-1.363060993,-1.303704784,-1.272930705,-1.212008495,-1.167644395,-1.130574652,-1.080937605,-1.040462555,-1.011111212,-0.956429468,-0.91256289,-0.871345529,-0.825274571,-0.810203795,-0.743789949,-0.695789614,-0.670293037,-0.640090561,-0.592462939,-0.55849653,-0.521488336,-0.49292305,-0.451805966,-0.438606401,-0.40040619,-0.384202451,-0.366275083,-0.319000406,-0.322727108,-0.260672163
0.318181818,-1.888972849,-2.786482243,-3.01188716,-3.117475462,-3.211124884,-3.248720896,-3.273272791,-3.354577731,-3.4225082,-3.500312917,-3.507239611,-3.591760035,-3.53165267,-3.508638306,-3.467245621,-3.355561411,-3.126098402,-3.056505484,-3.074687909,-3.057991947,-3.04383157,-3.049148541,-3.010105436,-3.007004902,-3.01188716,-2.996970529,-2.985479461,-2.973875483,-2.958212681,-2.97510404,-2.937042166,-2.915066425,-2.893129456,-2.858550227,-2.82131076,-2.803823815,-2.767257937,-2.732593581,-2.690582774,-2.660747366,-2.624702262,-2.610479534,-2.572676214,-2.532096053,-2.508358207,-2.483729117,-2.451856363,-2.425158805,-2.399027104,-2.363712748,-2.310779963,-2.276216063,-2.229663559,-2.192871044,-2.157640427,-2.123089689,-2.072989131,-2.024752059,-1.99520589,-1.944163149,-1.904551673,-1.851459039,-1.808828544,-1.76130169,-1.72646632,-1.67362317,-1.62391601,-1.576508369,-1.525769163,-1.486955619,-1.451352662,-1.414099558,-1.355482634,-1.292779103,-1.260301104,-1.208899101,-1.162392625,-1.117606396,-1.073122733,-1.028292855,-0.98929732,-0.931042745,-0.900253771,-0.857250857,-0.809620672,-0.785487295,-0.734677367,-0.694620682,-0.663130182,-0.627419365,-0.591522595,-0.560593088,-0.503846967,-0.502303407,-0.471048609,-0.436680322,-0.397847731,-0.402483614,-0.365531799,-0.320419491,-0.378287934
0.333333333,-1.924416545,-2.805763251,-3.003926346,-3.106238238,-3.166215625,-3.250263684,-3.297569464,-3.35261703,-3.432973634,-3.498940738,-3.567030709,-3.555955204,-3.54668166,-3.505845406,-3.459670525,-3.413412695,-3.150580586,-3.090443971,-3.093126465,-3.058985756,-3.041914151,-3.03574037,-3.031517051,-3.012333735,-3.017728767,-2.998699067,-2.989700043,-2.982132281,-2.967784297,-2.963371105,-2.946153573,-2.925183559,-2.912218582,-2.89279003,-2.862013267,-2.80631897,-2.792634963,-2.762959209,-2.733063089,-2.668572703,-2.637517525,-2.608888386,-2.574955125,-2.536405598,-2.520856752,-2.486116814,-2.455683858,-2.412513535,-2.386369565,-2.369673845,-2.321663753,-2.293367549,-2.255237763,-2.211124884,-2.170246081,-2.140621496,-2.094689938,-2.04416799,-2.003225729,-1.960863601,-1.934009711,-1.876671133,-1.832269248,-1.775337471,-1.734215532,-1.693103402,-1.653431888,-1.595439941,-1.552779931,-1.509128916,-1.458820291,-1.41713019,-1.372890289,-1.328133211,-1.268161527,-1.240604147,-1.171565686,-1.132638594,-1.086233817,-1.037464935,-0.996862724,-0.965997571,-0.919633302,-0.865281159,-0.829855677,-0.780900331,-0.763248667,-0.708728855,-0.659696707,-0.636735971,-0.59823942,-0.559790128,-0.527733688,-0.487267589,-0.476764845,-0.439384487,-0.416026311,-0.400960146,-0.374629921,-0.351514111,-0.37243855
0.348484848,-1.940058112,-2.798056937,-3.018181393,-3.106238238,-3.211831629,-3.255707017,-3.305394801,-3.380906669,-3.440093375,-3.524328812,-3.576754126,-3.559090918,-3.585026652,-3.512861625,-3.507239611,-3.377785977,-3.177831921,-3.072629637,-3.116338565,-3.086186148,-3.05207638,-3.046723663,-3.048662481,-3.033389013,-3.023650021,-3.042392713,-3.040958608,-3.039529222,-2.991399828,-2.985899678,-2.981299501,-2.950781977,-2.92885471,-2.907279355,-2.878112015,-2.838332588,-2.815308569,-2.762456262,-2.736837535,-2.691008971,-2.648203693,-2.613857891,-2.585695312,-2.558147824,-2.522589312,-2.478469659,-2.468265691,-2.431329022,-2.404834585,-2.365321248,-2.322575562,-2.294735138,-2.25305459,-2.223952929,-2.192735645,-2.153601027,-2.101768615,-2.062682752,-2.021226216,-1.981424317,-1.945233782,-1.891671806,-1.851212316,-1.797048755,-1.743667182,-1.701190573,-1.659377445,-1.615198721,-1.562312842,-1.51792717,-1.461024328,-1.420204975,-1.38315704,-1.335057319,-1.280039277,-1.219531467,-1.186926318,-1.128176133,-1.080430334,-1.035778095,-0.988163226,-0.937365377,-0.907644344,-0.84929881,-0.80929021,-0.779494427,-0.72064566,-0.710437802,-0.647522262,-0.604525081,-0.573451329,-0.53137357,-0.497121066,-0.478729817,-0.419872533,-0.418902936,-0.354313501,-0.374871803,-0.280833677,-0.28247928,-0.2332192
0.363636364,-1.968753164,-2.84103474,-3.042871802,-3.158015195,-3.237321436,-3.308918508,-3.363512104,-3.454692884,-3.530177984,-3.571865206,-3.628932138,-3.616184634,-3.609064893,-3.567030709,-3.54668166,-3.395773947,-3.179798541,-3.163043263,-3.156144577,-3.123782159,-3.109020403,-3.081969663,-3.090979146,-3.07109231,-3.057991947,-3.061480275,-3.063486258,-3.048662481,-3.058488567,-3.020907099,-2.990974258,-2.993106292,-2.971835581,-2.91721463,-2.903089987,-2.861697302,-2.82131076,-2.787013815,-2.765989182,-2.70863115,-2.68006156,-2.627456199,-2.583193128,-2.563360368,-2.529736553,-2.51698358,-2.472885888,-2.440811811,-2.403622856,-2.381115515,-2.336581788,-2.309360988,-2.285167488,-2.238824187,-2.207328211,-2.170631892,-2.125634164,-2.082704599,-2.034516076,-1.996065794,-1.950975902,-1.915102142,-1.857673117,-1.819902811,-1.765533337,-1.716133652,-1.6712128,-1.628267345,-1.576049993,-1.524735699,-1.480723425,-1.427535013,-1.386411855,-1.34139722,-1.297113005,-1.243896628,-1.184037268,-1.150771054,-1.08786832,-1.041579472,-0.995313285,-0.959916117,-0.901349353,-0.867666653,-0.81457968,-0.770139051,-0.739415875,-0.688110575,-0.667290948,-0.608793103,-0.56261573,-0.538195444,-0.496973749,-0.463461758,-0.434604413,-0.403150098,-0.358865129,-0.341728105,-0.306114835,-0.326321234,-0.266592462
0.378787879,-2.009794385,-2.86998805,-3.070581074,-3.185086819,-3.274088368,-3.334419009,-3.350665141,-3.484126156,-3.521433504,-3.617982957,-3.590066877,-3.673664139,-3.603800653,-3.600326279,-3.53165267,-3.46470588,-3.229147988,-3.184422252,-3.177178355,-3.123205024,-3.098541679,-3.111259039,-3.094743951,-3.089375595,-3.086716098,-3.062983893,-3.094743951,-3.088309841,-3.069050969,-3.052566278,-3.013676223,-2.997402019,-2.997402019,-2.954285941,-2.913284336,-2.887730232,-2.890084137,-2.80631897,-2.776244546,-2.743041847,-2.693574972,-2.668775219,-2.603277721,-2.569763647,-2.549596914,-2.505288975,-2.488250289,-2.441891698,-2.417368561,-2.383314479,-2.355364496,-2.319664487,-2.278354234,-2.254925208,-2.225775095,-2.183162369,-2.131238042,-2.093664958,-2.050073556,-2.015652742,-1.981715692,-1.929777367,-1.888300722,-1.844572861,-1.792715794,-1.74916542,-1.694197371,-1.6371972,-1.601834217,-1.554286848,-1.495257364,-1.455547465,-1.396866458,-1.356705278,-1.307814275,-1.266056807,-1.2205406,-1.151386037,-1.126051956,-1.058687375,-1.010937482,-0.965748657,-0.917685071,-0.872639238,-0.833546203,-0.794671106,-0.741848997,-0.711638973,-0.666359301,-0.64030488,-0.586025006,-0.54934297,-0.508967654,-0.482955934,-0.437027075,-0.423032427,-0.380443391,-0.344069604,-0.336748675,-0.304782833,-0.257472034
0.393939394,-2.034892414,-2.905878404,-3.11407366,-3.227678293,-3.295849483,-3.372634143,-3.425968732,-3.462180905,-3.554395797,-3.59345982,-3.663540266,-3.621602099,-3.661543506,-3.581698709,-3.621602099,-3.494850022,-3.271646218,-3.220403509,-3.164309429,-3.156144577,-3.133712661,-3.145086978,-3.104577454,-3.11407366,-3.119758224,-3.122628654,-3.104025268,-3.109020403,-3.086186148,-3.077274542,-3.07211659,-3.025028006,-3.015022874,-2.972650392,-2.963770456,-2.910448117,-2.884056823,-2.859806321,-2.81079051,-2.755722879,-2.72010502,-2.669992299,-2.65130581,-2.577574324,-2.557833914,-2.509900995,-2.48598382,-2.459670525,-2.428291168,-2.39837452,-2.371406744,-2.32707131,-2.292514988,-2.264161666,-2.23485321,-2.192262078,-2.154653863,-2.118159032,-2.071245798,-2.029513651,-1.991911064,-1.949504241,-1.908473727,-1.863279433,-1.807962497,-1.759026648,-1.719831535,-1.665063967,-1.611011215,-1.573488739,-1.516855067,-1.467092817,-1.419554038,-1.363522134,-1.321636429,-1.281448491,-1.228927217,-1.175457652,-1.112236459,-1.084299482,-1.014658866,-0.974403337,-0.930876037,-0.883312576,-0.842903026,-0.794857915,-0.741355535,-0.708933218,-0.673299649,-0.624213887,-0.601832481,-0.542267938,-0.504863786,-0.491264293,-0.463479434,-0.387355987,-0.386376965,-0.350488927,-0.349702193,-0.269446233,-0.292894171
0.409090909,-2.052811434,-2.914709422,-3.151810883,-3.258060922,-3.322393047,-3.364516253,-3.401209493,-3.508638306,-3.590066877,-3.655607726,-3.709965389,-3.714442691,-3.673664139,-3.632644079,-3.628932138,-3.519993057,-3.295849483,-3.252588192,-3.211124884,-3.190440285,-3.170053304,-3.156767222,-3.161150909,-3.128427064,-3.150580586,-3.144480844,-3.122053048,-3.116338565,-3.116906641,-3.096910013,-3.076755981,-3.088842391,-3.023650021,-3.004364805,-2.970210529,-2.942714356,-2.883392256,-2.852942329,-2.841939206,-2.793713956,-2.740884156,-2.716020716,-2.655214877,-2.630784143,-2.572513891,-2.523603173,-2.504733256,-2.453333975,-2.434860848,-2.388914267,-2.366329594,-2.329568591,-2.309449538,-2.273435784,-2.257431966,-2.218172847,-2.168834366,-2.144723196,-2.093557206,-2.061480275,-2.009616741,-1.968470354,-1.915745541,-1.882231705,-1.830501905,-1.792500277,-1.73776255,-1.692482569,-1.630802703,-1.584609262,-1.542133236,-1.495338878,-1.443142922,-1.394953668,-1.34029292,-1.291027022,-1.246577821,-1.203162118,-1.159686849,-1.093024227,-1.064225791,-0.994257671,-0.957912999,-0.916386312,-0.867589807,-0.818453663,-0.786561937,-0.732940968,-0.694659381,-0.659633232,-0.619577091,-0.597068344,-0.538944397,-0.512063088,-0.481746715,-0.464584345,-0.420176404,-0.384815106,-0.377105528,-0.330999423,-0.291030417
0.424242424,-2.078833949,-2.937418016,-3.177178355,-3.254144805,-3.332547047,-3.42945706,-3.440093375,-3.522878745,-3.59345982,-3.638272164,-3.677780705,-3.785156152,-3.679853714,-3.661543506,-3.612610174,-3.525783736,-3.268411235,-3.215382707,-3.188424994,-3.15739076,-3.165579296,-3.185752404,-3.184422252,-3.165579296,-3.161780778,-3.133712661,-3.145086978,-3.15739076,-3.131943638,-3.107348966,-3.093126465,-3.063486258,-3.060480747,-2.999565923,-2.98088371,-2.951946827,-2.924453039,-2.890421453,-2.840733669,-2.805763251,-2.765229705,-2.729787145,-2.680685696,-2.620513186,-2.587875594,-2.56082526,-2.511449283,-2.474048659,-2.438421632,-2.413187731,-2.383314479,-2.351347305,-2.312203589,-2.288361462,-2.251811973,-2.222645687,-2.188223978,-2.150826367,-2.107237765,-2.066613958,-2.023695883,-1.986152004,-1.944124961,-1.896401506,-1.858142777,-1.79666789,-1.750972947,-1.705776341,-1.658150176,-1.608782517,-1.548520595,-1.510927879,-1.451168527,-1.40752345,-1.357911569,-1.303110901,-1.249005899,-1.214955042,-1.162108671,-1.116690685,-1.062321659,-1.025014204,-0.961765431,-0.922730231,-0.876599214,-0.837334051,-0.791075169,-0.749148358,-0.706770075,-0.661840442,-0.622415117,-0.572742784,-0.571091296,-0.510177874,-0.477442317,-0.456277047,-0.422913961,-0.420454188,-0.378157203,-0.381566965,-0.285455661
0.439393939,-2.107293362,-2.965772739,-3.195860568,-3.307153081,-3.374687549,-3.436518915,-3.480172006,-3.543633967,-3.675717545,-3.70333481,-3.772113295,-3.728158393,-3.742321425,-3.68613278,-3.649751982,-3.53165267,-3.2915791,-3.218963061,-3.2069084,-3.196542884,-3.187086643,-3.181774106,-3.192464972,-3.2069084,-3.177178355,-3.168770306,-3.15490196,-3.153044675,-3.168770306,-3.127261173,-3.127261173,-3.106238238,-3.065501549,-3.025028006,-2.98254927,-2.966174306,-2.951169913,-2.901702464,-2.852632892,-2.840432807,-2.786482243,-2.74641971,-2.710857164,-2.65678841,-2.601712695,-2.568475416,-2.511590311,-2.463062977,-2.436518915,-2.41240127,-2.384997385,-2.354479485,-2.320299619,-2.289713352,-2.265440178,-2.227458267,-2.204745817,-2.16653414,-2.125576169,-2.080242219,-2.048322563,-1.99774752,-1.959160405,-1.918796761,-1.875104695,-1.823358983,-1.783728507,-1.731117941,-1.679666737,-1.632066646,-1.5731798,-1.520338329,-1.478992748,-1.434837207,-1.374029402,-1.334409629,-1.273908809,-1.22897872,-1.18330144,-1.1350501,-1.097627191,-1.037256679,-0.995786138,-0.93476771,-0.895048797,-0.856744686,-0.818722507,-0.767229985,-0.73691099,-0.685987336,-0.656843587,-0.612017873,-0.566057442,-0.550199278,-0.501018532,-0.486651865,-0.438045184,-0.411439233,-0.386776775,-0.343492623,-0.338732654
0.454545455,-2.1316495,-2.98088371,-3.199282922,-3.2915791,-3.379863945,-3.448550002,-3.492144128,-3.54668166,-3.632644079,-3.701146924,-3.754487332,-3.772113295,-3.756961951,-3.73754891,-3.669586227,-3.536107011,-3.294136288,-3.269217724,-3.244125144,-3.215382707,-3.191789027,-3.2069084,-3.20481541,-3.219682688,-3.209714836,-3.191789027,-3.17327748,-3.161150909,-3.143875556,-3.148130399,-3.132532512,-3.093664958,-3.075204004,-3.059981845,-3.020451625,-2.969805215,-2.941573976,-2.917573699,-2.864549301,-2.839831707,-2.794524963,-2.760950907,-2.728623128,-2.664943481,-2.633203617,-2.580044252,-2.532836034,-2.479516467,-2.437588167,-2.420216403,-2.383839687,-2.346884007,-2.321299565,-2.288867928,-2.256568635,-2.231954186,-2.189901959,-2.162600976,-2.136617652,-2.089962876,-2.043303435,-1.996841166,-1.958488887,-1.920927341,-1.869216085,-1.821685065,-1.78220032,-1.736150978,-1.681894908,-1.6266098,-1.576704963,-1.524764777,-1.469595373,-1.431727856,-1.377444066,-1.314966246,-1.279072056,-1.217068957,-1.16930229,-1.13269754,-1.071747571,-1.038095044,-0.971180766,-0.943121817,-0.884139965,-0.839207445,-0.797179414,-0.757257372,-0.705071067,-0.670445518,-0.617527277,-0.578174047,-0.543576267,-0.510345211,-0.499811569,-0.445382448,-0.405954582,-0.389980041,-0.373653472,-0.282344473,-0.332175487
0.46969697,-2.150703459,-2.980468315,-3.239577517,-3.306273051,-3.473660723,-3.473660723,-3.53313238,-3.559090918,-3.653647026,-3.744727495,-3.728158393,-3.801342913,-3.756961951,-3.671620397,-3.675717545,-3.54668166,-3.321481621,-3.241845378,-3.214670165,-3.238824187,-3.234331445,-3.226945307,-3.231361899,-3.222573178,-3.202732459,-3.2069084,-3.203425667,-3.181774106,-3.180456064,-3.153044675,-3.135488919,-3.126679398,-3.093664958,-3.066512712,-3.032920266,-3.008330993,-2.970210529,-2.925183559,-2.874193542,-2.855737226,-2.804931004,-2.775985189,-2.738975166,-2.695940534,-2.643782866,-2.604498876,-2.547293773,-2.512578789,-2.457423524,-2.424581209,-2.390619056,-2.352030542,-2.32339783,-2.286929674,-2.270592203,-2.228559513,-2.198459094,-2.171082438,-2.136974704,-2.112326448,-2.066867176,-2.019678414,-1.978934803,-1.930183957,-1.886257138,-1.8436326,-1.792338709,-1.753969449,-1.707588851,-1.650664182,-1.598134393,-1.55047532,-1.500656641,-1.438958276,-1.399986005,-1.344535006,-1.290390879,-1.24813607,-1.188927941,-1.13755256,-1.092239409,-1.045063175,-1.008751767,-0.948978751,-0.910253806,-0.84473382,-0.80710653,-0.769998377,-0.736470447,-0.682511232,-0.649283042,-0.601488836,-0.566599834,-0.53561181,-0.478948261,-0.477107358,-0.436116844,-0.392950508,-0.344671363,-0.313463827,-0.318683672
0.484848485,-2.179404503,-3.014573526,-3.258060922,-3.384049948,-3.458420756,-3.496209317,-3.534617149,-3.642065153,-3.71219827,-3.714442691,-3.756961951,-3.759450752,-3.795880017,-3.752026734,-3.663540266,-3.576754126,-3.319664487,-3.261219442,-3.233587153,-3.211831629,-3.219682688,-3.219682688,-3.241845378,-3.20481541,-3.241845378,-3.226945307,-3.206209615,-3.208309351,-3.18243463,-3.163043263,-3.134896025,-3.125518182,-3.104025268,-3.069560405,-3.045275209,-3.029188389,-2.988429556,-2.940058112,-2.901010361,-2.866780543,-2.816445466,-2.78968148,-2.744004273,-2.727694156,-2.660946264,-2.606600305,-2.571865206,-2.512720184,-2.476643793,-2.428757149,-2.383839687,-2.367643954,-2.328456915,-2.298863934,-2.277530614,-2.240030142,-2.205651396,-2.176134691,-2.150150804,-2.1125515,-2.084072788,-2.037157319,-2.004803708,-1.944086776,-1.908086953,-1.864517509,-1.817813683,-1.769755501,-1.726998728,-1.67869161,-1.631025484,-1.56968302,-1.527609272,-1.473234393,-1.417993486,-1.373803395,-1.317854924,-1.262076195,-1.217685069,-1.165299607,-1.115555837,-1.067328413,-1.019919326,-0.992952435,-0.923144828,-0.893771694,-0.832827454,-0.80169764,-0.753757541,-0.715458733,-0.678086887,-0.649327589,-0.595359536,-0.550476862,-0.532502887,-0.49080689,-0.478450055,-0.440079018,-0.397039781,-0.390248761,-0.363912481
0.5,-2.204606665,-3.039053804,-3.303643611,-3.410050399,-3.485452247,-3.508638306,-3.585026652,-3.586700236,-3.690369833,-3.718966633,-3.801342913,-3.804100348,-3.815308569,-3.764471553,-3.649751982,-3.54515514,-3.298432015,-3.283162277,-3.217527376,-3.197910742,-3.229884705,-3.197226275,-3.197910742,-3.199282922,-3.206209615,-3.189095719,-3.190440285,-3.177831921,-3.187086643,-3.167491087,-3.109578981,-3.130181792,-3.120330794,-3.08249449,-3.032452024,-3.007004902,-2.97674754,-2.968187729,-2.883724412,-2.850780887,-2.806597097,-2.780153614,-2.731422028,-2.717377887,-2.660548559,-2.625434939,-2.571865206,-2.530177984,-2.475863623,-2.441051554,-2.390619056,-2.340368988,-2.318035541,-2.296450702,-2.264720552,-2.220259249,-2.200935281,-2.167554959,-2.138405855,-2.112889297,-2.082127045,-2.046917156,-1.996324097,-1.960427263,-1.919265314,-1.877423725,-1.821742679,-1.783781299,-1.73189027,-1.690987651,-1.635411486,-1.585110178,-1.53387413,-1.48165718,-1.422025919,-1.367573079,-1.330859849,-1.277802236,-1.218790528,-1.170143256,-1.116662277,-1.067505942,-1.018267445,-0.973389117,-0.935134115,-0.875877418,-0.844657889,-0.783311675,-0.748994827,-0.702088551,-0.663492236,-0.614232906,-0.58183797,-0.553138321,-0.514392129,-0.474109467,-0.442055115,-0.430613214,-0.383345974,-0.346294601,-0.293917486
0.515151515,-2.221631657,-3.071604148,-3.27572413,-3.416801226,-3.501689446,-3.571865206,-3.605548319,-3.681936665,-3.772113295,-3.756961951,-3.823908741,-3.809668302,-3.769551079,-3.759450752,-3.723538196,-3.586700236,-3.348721986,-3.286509457,-3.279014256,-3.199970641,-3.203425667,-3.233587153,-3.206209615,-3.209011525,-3.259637311,-3.223298816,-3.188424994,-3.224025669,-3.195179321,-3.170696227,-3.186419011,-3.116338565,-3.124938737,-3.093664958,-3.068033885,-3.012333735,-2.987162775,-2.949233689,-2.913640169,-2.868381336,-2.813608784,-2.778325003,-2.74860515,-2.702458332,-2.667157733,-2.628562683,-2.59722293,-2.536554968,-2.510885631,-2.454198243,-2.411056357,-2.364717362,-2.324771746,-2.29981567,-2.264081883,-2.232102384,-2.206349282,-2.185086819,-2.144480844,-2.11463878,-2.080503512,-2.050902875,-2.023558311,-1.97988743,-1.928817844,-1.882728704,-1.844481779,-1.794633212,-1.750483684,-1.705005006,-1.660091647,-1.608923682,-1.556721363,-1.503277867,-1.446845452,-1.398765953,-1.337043949,-1.297431614,-1.244376651,-1.184588298,-1.137439311,-1.084130768,-1.038593145,-0.98714591,-0.941073155,-0.908034238,-0.851045857,-0.814486176,-0.757669807,-0.723788734,-0.682429702,-0.637947509,-0.6025345,-0.566529396,-0.518644813,-0.495742599,-0.487609145,-0.438618324,-0.433216153,-0.39355629,-0.350496714
0.53030303,-2.263284866,-3.074172425,-3.316952962,-3.432973634,-3.568636236,-3.573488739,-3.634512015,-3.661543506,-3.754487332,-3.782516056,-3.826813732,-3.832682665,-3.815308569,-3.742321425,-3.698970004,-3.590066877,-3.327902142,-3.279840697,-3.280668713,-3.212539525,-3.20481541,-3.241845378,-3.239577517,-3.259637311,-3.229147988,-3.247183569,-3.226213555,-3.214670165,-3.202732459,-3.191789027,-3.183096161,-3.19859629,-3.133712661,-3.100179498,-3.074172425,-3.035269079,-2.997402019,-2.972242795,-2.943476276,-2.909389292,-2.827981191,-2.810229044,-2.76674999,-2.728158393,-2.678608722,-2.660946264,-2.605548319,-2.556580538,-2.518844129,-2.474436942,-2.429223631,-2.375305469,-2.333107789,-2.303556237,-2.275069086,-2.24848995,-2.20259395,-2.185486048,-2.160333443,-2.114751892,-2.088576035,-2.051000546,-2.026548856,-1.985101613,-1.945118945,-1.90284685,-1.852942329,-1.812902499,-1.761878592,-1.712579004,-1.666089457,-1.622365966,-1.573456208,-1.514917712,-1.459432792,-1.408112128,-1.353537457,-1.293068962,-1.257392686,-1.20200578,-1.143410058,-1.096931728,-1.044754946,-1.003737944,-0.953419,-0.909925441,-0.868577037,-0.813444824,-0.777481217,-0.715228732,-0.679195498,-0.656046172,-0.603680323,-0.563330177,-0.536378717,-0.484222824,-0.466136467,-0.433773519,-0.404628353,-0.394358856,-0.318498264
0.545454545,-2.284498055,-3.073657553,-3.321481621,-3.469800302,-3.568636236,-3.632644079,-3.669586227,-3.71219827,-3.785156152,-3.838631998,-3.860120914,-3.841637508,-3.812479279,-3.756961951,-3.709965389,-3.621602099,-3.37675071,-3.296708622,-3.241845378,-3.234331445,-3.20481541,-3.218244625,-3.245651664,-3.259637311,-3.263603498,-3.238824187,-3.220403509,-3.234331445,-3.219682688,-3.2069084,-3.19859629,-3.211124884,-3.161780778,-3.107905397,-3.093126465,-3.060980224,-3.010105436,-2.970210529,-2.956637722,-2.90517962,-2.858550227,-2.815308569,-2.776244546,-2.737786295,-2.694863681,-2.647431614,-2.623605558,-2.575281663,-2.539402811,-2.480040819,-2.451610582,-2.387428046,-2.358129455,-2.316862869,-2.268491816,-2.254378779,-2.221993539,-2.184090349,-2.165325026,-2.133476374,-2.096313268,-2.068084683,-2.029932203,-1.998309546,-1.967179851,-1.916604892,-1.872279847,-1.828185819,-1.7824371,-1.736932318,-1.689604106,-1.637800361,-1.589425203,-1.541392364,-1.487235581,-1.433656802,-1.382454511,-1.328929029,-1.270770395,-1.226696373,-1.162051903,-1.114870692,-1.065117923,-1.016504517,-0.970068626,-0.924161174,-0.875955745,-0.843614421,-0.783667804,-0.751874635,-0.692290077,-0.66537337,-0.622879603,-0.582767525,-0.549296814,-0.518772422,-0.487890865,-0.422161363,-0.428605651,-0.376768289,-0.40456551
0.560606061,-2.306888885,-3.095825632,-3.354577731,-3.452225295,-3.581698709,-3.609064893,-3.655607726,-3.684029655,-3.801342913,-3.863279433,-3.946921557,-3.850780887,-3.806875402,-3.798602876,-3.754487332,-3.640164518,-3.412289035,-3.331614083,-3.261219442,-3.218244625,-3.262807357,-3.250263684,-3.255707017,-3.246416941,-3.283162277,-3.244125144,-3.247951552,-3.200659451,-3.244125144,-3.20481541,-3.205511953,-3.20481541,-3.179798541,-3.126679398,-3.107905397,-3.088842391,-3.053056729,-3.005243055,-2.964970718,-2.91150953,-2.876801925,-2.850780887,-2.80106813,-2.750557039,-2.732593581,-2.675306086,-2.638461029,-2.600672468,-2.566390157,-2.51970554,-2.478338985,-2.430977414,-2.375099398,-2.338376591,-2.286425462,-2.243820483,-2.230327336,-2.191249028,-2.15864053,-2.137093786,-2.098541679,-2.068542129,-2.034939479,-1.997099931,-1.964570262,-1.938057708,-1.895649481,-1.855363532,-1.799915936,-1.752444053,-1.704784876,-1.661802567,-1.61122407,-1.562233587,-1.513059719,-1.455857512,-1.40263395,-1.34883833,-1.293521188,-1.238636058,-1.190204686,-1.131367315,-1.085233863,-1.03491124,-0.989466842,-0.937053437,-0.897175399,-0.852738076,-0.814469177,-0.755683287,-0.727170163,-0.660024144,-0.64923269,-0.601216542,-0.566920146,-0.523329197,-0.50048612,-0.472981377,-0.415522904,-0.418012816,-0.412193658
0.575757576,-2.321117585,-3.102372909,-3.369572125,-3.463441557,-3.576754126,-3.640164518,-3.663540266,-3.707743929,-3.809668302,-3.850780887,-3.872895202,-3.8569852,-3.866461092,-3.774690718,-3.777283529,-3.603800653,-3.395773947,-3.295849483,-3.253365801,-3.233587153,-3.199970641,-3.255707017,-3.2915791,-3.218963061,-3.256490235,-3.246416941,-3.235077015,-3.237321436,-3.251037139,-3.22184875,-3.234331445,-3.211831629,-3.177831921,-3.161150909,-3.118615343,-3.079876674,-3.05207638,-3.003926346,-2.966174306,-2.92885471,-2.905878404,-2.856048884,-2.808828544,-2.751536282,-2.715343717,-2.68655463,-2.648203693,-2.601886308,-2.571703186,-2.536107011,-2.479254528,-2.440931666,-2.398483216,-2.343231221,-2.305745888,-2.263125638,-2.22475374,-2.191114133,-2.161339774,-2.129128105,-2.093664958,-2.064795133,-2.024476287,-1.992465582,-1.967905287,-1.936629106,-1.899112745,-1.847314244,-1.800766069,-1.747851145,-1.708032077,-1.653295038,-1.608994282,-1.557677044,-1.505636661,-1.452877841,-1.403787893,-1.340787604,-1.286929674,-1.233022343,-1.181609132,-1.125309493,-1.068816829,-1.023260386,-0.973184924,-0.928390432,-0.881288971,-0.831054899,-0.784151024,-0.750058473,-0.69385816,-0.667955614,-0.609248536,-0.594175718,-0.537477722,-0.510338179,-0.479148488,-0.453013399,-0.411456034,-0.374429313,-0.359023928
0.590909091,-2.349012906,-3.131943638,-3.341988603,-3.4867824,-3.581698709,-3.665546249,-3.651695137,-3.752026734,-3.723538196,-3.815308569,-3.89279003,-3.869666232,-3.838631998,-3.832682665,-3.754487332,-3.66756154,-3.404503778,-3.308034897,-3.255707017,-3.231361899,-3.192464972,-3.233587153,-3.278189385,-3.299296283,-3.27572413,-3.251811973,-3.256490235,-3.254925208,-3.233587153,-3.236572006,-3.226213555,-3.210419288,-3.191114133,-3.17327748,-3.145693958,-3.105130343,-3.069560405,-3.025488307,-3.004364805,-2.930701988,-2.894149326,-2.871923987,-2.823041019,-2.774690718,-2.736127323,-2.685711339,-2.667763585,-2.629857153,-2.581698709,-2.547600154,-2.495937117,-2.457548053,-2.411728293,-2.376543952,-2.32330639,-2.277859875,-2.238748926,-2.194295296,-2.165452142,-2.13418562,-2.103584024,-2.069203737,-2.046095407,-1.998179783,-1.966616459,-1.932780311,-1.899526064,-1.861381566,-1.816730156,-1.767741038,-1.721040729,-1.675861647,-1.619137805,-1.581383876,-1.523009053,-1.479280715,-1.428722183,-1.369765414,-1.312355123,-1.260823368,-1.205407401,-1.151804723,-1.094009944,-1.045911934,-1.003948258,-0.953922552,-0.901841017,-0.858120848,-0.813150981,-0.769962576,-0.738903742,-0.675264962,-0.655104943,-0.599850718,-0.563646496,-0.530325227,-0.490019671,-0.456913328,-0.419103522,-0.404610712,-0.385918379
0.606060606,-2.340273905,-3.110698297,-3.372634143,-3.465973894,-3.576754126,-3.623423043,-3.665546249,-3.728158393,-3.818156412,-3.869666232,-3.886056648,-3.91721463,-3.89279003,-3.769551079,-3.76700389,-3.66756154,-3.42945706,-3.324221658,-3.277366077,-3.218963061,-3.254144805,-3.244887734,-3.2644011,-3.26520017,-3.276544328,-3.250263684,-3.287350298,-3.293282218,-3.272458743,-3.221125528,-3.211831629,-3.223298816,-3.192464972,-3.162411562,-3.145693958,-3.096910013,-3.067526235,-3.023191663,-3.004364805,-2.968187729,-2.90868484,-2.85823677,-2.832978204,-2.786747948,-2.767257937,-2.7070797,-2.663740448,-2.626536278,-2.583193128,-2.53313238,-2.508358207,-2.480303233,-2.421475395,-2.384576047,-2.356349962,-2.287687091,-2.243820483,-2.208800754,-2.16806627,-2.140741583,-2.090818524,-2.058936012,-2.027380661,-2.001740662,-1.961737593,-1.93203691,-1.890016705,-1.864390364,-1.825097438,-1.772859175,-1.731024419,-1.675552914,-1.625050129,-1.574090987,-1.524183587,-1.473363539,-1.426826587,-1.373639099,-1.319537571,-1.258990299,-1.203744914,-1.152982902,-1.103644668,-1.050439237,-0.995579739,-0.942352911,-0.902184126,-0.852512272,-0.808470741,-0.757091018,-0.721836526,-0.680612834,-0.629870117,-0.596635793,-0.545902464,-0.528414946,-0.482922922,-0.453622696,-0.411810116,-0.413075292,-0.361898287
0.621212121,-2.348140731,-3.147520006,-3.392544977,-3.519993057,-3.614393726,-3.657577319,-3.651695137,-3.723538196,-3.8569852,-3.829738285,-3.946921557,-3.88941029,-3.91721463,-3.841637508,-3.826813732,-3.681936665,-3.444905551,-3.361510743,-3.290730039,-3.254144805,-3.258060922,-3.271646218,-3.273272791,-3.274905479,-3.308918508,-3.306273051,-3.279840697,-3.274088368,-3.253365801,-3.248720896,-3.225483034,-3.237321436,-3.200659451,-3.1837587,-3.145693958,-3.123205024,-3.067526235,-3.053056729,-3.002613616,-2.97674754,-2.934793872,-2.890421453,-2.832387327,-2.77702355,-2.739213331,-2.718058067,-2.663740448,-2.61852391,-2.586700236,-2.545917729,-2.50751899,-2.478861916,-2.433209088,-2.392544977,-2.33733659,-2.306448914,-2.262092077,-2.228780098,-2.166852888,-2.127785437,-2.104466961,-2.062632582,-2.031563752,-1.9942191,-1.972365034,-1.932148339,-1.896538378,-1.860939921,-1.816616258,-1.787386303,-1.738737131,-1.695057318,-1.635580345,-1.5873211,-1.539297559,-1.48934777,-1.435393108,-1.386718579,-1.339798799,-1.274684707,-1.220403509,-1.167663562,-1.116838433,-1.065663177,-1.017028128,-0.961324214,-0.918263946,-0.867692272,-0.824404119,-0.776545595,-0.734488804,-0.687029701,-0.661609253,-0.612213438,-0.579084251,-0.529540995,-0.512922458,-0.474024079,-0.427016935,-0.414784124,-0.383674703
0.636363636,-2.344477404,-3.13667714,-3.403402904,-3.4867824,-3.559090918,-3.63638802,-3.673664139,-3.742321425,-3.841637508,-3.866461092,-3.88941029,-3.903089987,-3.876148359,-3.806875402,-3.721246399,-3.679853714,-3.436518915,-3.37675071,-3.27083521,-3.254925208,-3.266000713,-3.273272791,-3.279840697,-3.298432015,-3.272458743,-3.306273051,-3.269217724,-3.272458743,-3.262012674,-3.227678293,-3.239577517,-3.220403509,-3.211831629,-3.179142011,-3.171340103,-3.118045029,-3.093126465,-3.040958608,-2.996108834,-2.982132281,-2.91829273,-2.88941029,-2.830913643,-2.787812396,-2.755228239,-2.709520187,-2.68697689,-2.618884919,-2.578067187,-2.542723814,-2.514278574,-2.465719995,-2.440093375,-2.404063094,-2.358922687,-2.308299792,-2.265120197,-2.224243962,-2.183427304,-2.13076828,-2.08894898,-2.064291252,-2.025902996,-1.988979644,-1.951869073,-1.926098442,-1.885355661,-1.851829387,-1.811521504,-1.777491624,-1.744462174,-1.691435586,-1.647566629,-1.595268885,-1.544652564,-1.49175317,-1.444361512,-1.385725156,-1.34249478,-1.288775031,-1.226279362,-1.175392607,-1.126766615,-1.071046274,-1.020597325,-0.972466926,-0.914498927,-0.876514235,-0.833472203,-0.780979008,-0.740604442,-0.697755679,-0.654338143,-0.635394604,-0.567324077,-0.544401493,-0.514592344,-0.472008123,-0.461582117,-0.43682279,-0.411186184
0.651515152,-2.364214764,-3.138465589,-3.381951903,-3.493494968,-3.596879479,-3.627087997,-3.698970004,-3.728158393,-3.809668302,-3.879426069,-3.886056648,-3.924453039,-3.829738285,-3.806875402,-3.759450752,-3.716698771,-3.505845406,-3.420216403,-3.313363731,-3.27572413,-3.282329497,-3.293282218,-3.304518324,-3.294992041,-3.301029996,-3.314258261,-3.328827157,-3.322393047,-3.258848401,-3.2644011,-3.250263684,-3.245651664,-3.234331445,-3.177831921,-3.151810883,-3.127843727,-3.079876674,-3.051587034,-3.015022874,-2.973466735,-2.922995673,-2.909389292,-2.851089007,-2.794524963,-2.743041847,-2.70158362,-2.657774771,-2.63432486,-2.580539927,-2.55036735,-2.503623946,-2.478992748,-2.433798281,-2.408045445,-2.368251926,-2.319211388,-2.278436682,-2.231954186,-2.187420845,-2.146301788,-2.102098126,-2.060480747,-2.022276395,-1.990549104,-1.947844933,-1.91829273,-1.890556453,-1.849028768,-1.808297536,-1.775156283,-1.737976295,-1.702436443,-1.652923804,-1.602198988,-1.548904688,-1.501592947,-1.44410786,-1.396390175,-1.342743308,-1.293043379,-1.236250149,-1.183162369,-1.128141131,-1.074827194,-1.034963014,-0.98281218,-0.933323798,-0.883840727,-0.833291695,-0.797271988,-0.745386675,-0.702626917,-0.665823803,-0.619772473,-0.589908059,-0.545104856,-0.505544845,-0.467835694,-0.451579869,-0.410780045,-0.356508831
0.666666667,-2.35615269,-3.171340103,-3.397940009,-3.511449283,-3.657577319,-3.66756154,-3.716698771,-3.754487332,-3.899629455,-3.876148359,-3.903089987,-3.962573502,-3.886056648,-3.823908741,-3.728158393,-3.725842151,-3.514278574,-3.397940009,-3.355561411,-3.289882635,-3.283162277,-3.304518324,-3.286509457,-3.280668713,-3.315154638,-3.279840697,-3.280668713,-3.320572103,-3.284832642,-3.256490235,-3.243363892,-3.204119983,-3.200659451,-3.191114133,-3.171984936,-3.127261173,-3.083546051,-3.080921908,-3.034328029,-2.990549104,-2.947306058,-2.905878404,-2.858550227,-2.826813732,-2.759450752,-2.716925025,-2.680477551,-2.643974143,-2.610479534,-2.553773598,-2.515985037,-2.487715937,-2.442011852,-2.406160339,-2.37923951,-2.358129455,-2.297311032,-2.254456798,-2.219394694,-2.165642887,-2.124765054,-2.077430231,-2.027843464,-2.000738929,-1.969683694,-1.927456014,-1.89255259,-1.869666232,-1.823301154,-1.786561937,-1.750337013,-1.713723214,-1.676356077,-1.619390837,-1.575297996,-1.522820843,-1.471713355,-1.419679582,-1.3654522,-1.310628976,-1.259353138,-1.208021788,-1.154771691,-1.101077457,-1.048779086,-1.001117574,-0.951406725,-0.902322832,-0.853134291,-0.814851807,-0.766930244,-0.717176305,-0.682624146,-0.634386612,-0.599712471,-0.570249334,-0.530472521,-0.499154513,-0.447486308,-0.440475195,-0.40586722
0.681818182,-2.378097039,-3.156767222,-3.407823243,-3.480172006,-3.602059991,-3.651695137,-3.673664139,-3.692503962,-3.809668302,-3.806875402,-3.841637508,-3.812479279,-3.804100348,-3.804100348,-3.742321425,-3.591760035,-3.46470588,-3.406713933,-3.358525889,-3.288192771,-3.274088368,-3.266802735,-3.287350298,-3.284832642,-3.301029996,-3.280668713,-3.289036881,-3.28567024,-3.272458743,-3.238824187,-3.210419288,-3.220403509,-3.181114585,-3.189095719,-3.127843727,-3.111259039,-3.104025268,-3.057991947,-3.010550182,-2.995678626,-2.932185489,-2.9076303,-2.86106606,-2.812197361,-2.775985189,-2.705754284,-2.670195478,-2.621420424,-2.587707491,-2.567030709,-2.513003112,-2.457921854,-2.43568909,-2.400881435,-2.367340287,-2.323123568,-2.296966695,-2.255081458,-2.217026005,-2.167299529,-2.123089689,-2.073503211,-2.032873419,-1.994176247,-1.963970269,-1.925549281,-1.879919866,-1.853251986,-1.822578943,-1.779499654,-1.731445428,-1.694519651,-1.660886585,-1.619589752,-1.562439681,-1.515572027,-1.465808843,-1.412794322,-1.363782995,-1.310788846,-1.256858836,-1.205518924,-1.145833684,-1.098797863,-1.049075597,-1.000343228,-0.949740146,-0.899684607,-0.853772708,-0.804969806,-0.762830902,-0.71179103,-0.665258825,-0.626738494,-0.598883912,-0.561119207,-0.532710148,-0.494569178,-0.449324126,-0.423766949,-0.380284904
0.696969697,-2.415442639,-3.189095719,-3.434152181,-3.603800653,-3.661543506,-3.725842151,-3.801342913,-3.793174124,-3.91721463,-3.954677021,-4.013228266,-3.966576245,-3.89279003,-3.838631998,-3.806875402,-3.673664139,-3.500312917,-3.452225295,-3.37675071,-3.314258261,-3.325138859,-3.328827157,-3.30980392,-3.35261703,-3.318758763,-3.307153081,-3.316952962,-3.339134522,-3.279840697,-3.293282218,-3.272458743,-3.209011525,-3.185086819,-3.172630727,-3.18243463,-3.119758224,-3.097997109,-3.062482108,-3.035269079,-2.980468315,-2.963770456,-2.925183559,-2.85917782,-2.825068406,-2.783570169,-2.732359018,-2.685922008,-2.646468441,-2.60119227,-2.557677044,-2.518987579,-2.480959961,-2.442132038,-2.408378962,-2.38341947,-2.33970384,-2.311580178,-2.290390879,-2.238147306,-2.195792395,-2.150519163,-2.090818524,-2.054186873,-2.012244383,-1.970007825,-1.94275242,-1.898390383,-1.867516175,-1.833096476,-1.798357118,-1.755995172,-1.720743823,-1.679064805,-1.637216037,-1.594585333,-1.544591685,-1.499996932,-1.444192394,-1.39184852,-1.342275046,-1.2888257,-1.240823375,-1.193277497,-1.137349925,-1.087549428,-1.036349091,-0.985126793,-0.940088377,-0.892759495,-0.846929407,-0.799998135,-0.75085058,-0.713817577,-0.668044582,-0.636175625,-0.590112505,-0.556890412,-0.53360547,-0.472652418,-0.453695524,-0.429396357
0.712121212,-2.433562508,-3.231361899,-3.42365865,-3.619788758,-3.642065153,-3.747146969,-3.812479279,-3.850780887,-3.906578315,-3.962573502,-4.022276395,-3.995678626,-3.89279003,-3.879426069,-3.863279433,-3.716698771,-3.521433504,-3.460923901,-3.338187314,-3.337242168,-3.317854924,-3.347753659,-3.338187314,-3.348721986,-3.346787486,-3.328827157,-3.316052869,-3.322393047,-3.272458743,-3.253365801,-3.280668713,-3.236572006,-3.175874166,-3.187755303,-3.15864053,-3.126098402,-3.11407366,-3.054531415,-3.038104526,-3.012333735,-2.977159389,-2.920456993,-2.86998805,-2.835647144,-2.797239313,-2.750312572,-2.698970004,-2.649558143,-2.607303047,-2.563837353,-2.521577812,-2.487582451,-2.437112619,-2.414877814,-2.382789905,-2.350567777,-2.308299792,-2.282995593,-2.261377972,-2.198047765,-2.159329439,-2.124765054,-2.065552051,-2.037346595,-1.979763056,-1.947229131,-1.911367858,-1.876017764,-1.836063791,-1.797321006,-1.771779351,-1.726674576,-1.681123125,-1.645987654,-1.609135516,-1.565510937,-1.511985432,-1.456527968,-1.409280739,-1.348896514,-1.301125551,-1.247436853,-1.201107763,-1.148417581,-1.097833871,-1.044701991,-0.99931002,-0.944464953,-0.900402221,-0.853723089,-0.80673901,-0.762581944,-0.71789019,-0.674457656,-0.633588251,-0.59993023,-0.569315553,-0.523855558,-0.499469885,-0.453098452,-0.430237623
0.727272727,-2.433798281,-3.203425667,-3.465973894,-3.571865206,-3.694648631,-3.761953897,-3.787812396,-3.739928612,-3.850780887,-3.924453039,-3.974694135,-3.978810701,-3.924453039,-3.835647144,-3.754487332,-3.707743929,-3.498940738,-3.41453927,-3.349692477,-3.305394801,-3.286509457,-3.301899454,-3.314258261,-3.297569464,-3.304518324,-3.299296283,-3.284832642,-3.274905479,-3.273272791,-3.247183569,-3.231361899,-3.213248578,-3.18243463,-3.146301788,-3.133712661,-3.104577454,-3.071604148,-3.04431225,-3.010995384,-2.987584625,-2.93330145,-2.896880746,-2.869344651,-2.834755674,-2.773915884,-2.737311656,-2.694218849,-2.646660905,-2.596879479,-2.551448261,-2.505567101,-2.475733731,-2.446723954,-2.39653084,-2.366834646,-2.347366932,-2.308299792,-2.26954074,-2.243820483,-2.214598975,-2.16488041,-2.118615343,-2.089375595,-2.037441264,-2.000086868,-1.948500181,-1.911757566,-1.882331059,-1.840041997,-1.79531038,-1.75855314,-1.730230291,-1.687061391,-1.645795489,-1.607637248,-1.568298583,-1.52608989,-1.466456712,-1.42720969,-1.366410363,-1.31617877,-1.25911647,-1.209468548,-1.159072536,-1.110905688,-1.062096129,-1.014636407,-0.961387785,-0.912807976,-0.869219299,-0.825129375,-0.778137353,-0.728023713,-0.694231736,-0.641505502,-0.600679394,-0.571708046,-0.538831747,-0.517235004,-0.49790214,-0.438440701
0.742424242,-2.470056598,-3.237321436,-3.503070352,-3.630784143,-3.725842151,-3.790484985,-3.876148359,-3.869666232,-3.879426069,-4.004364805,-3.920818754,-3.920818754,-3.943095149,-3.906578315,-3.793174124,-3.647817482,-3.511449283,-3.462180905,-3.373659633,-3.338187314,-3.354577731,-3.308918508,-3.308918508,-3.279840697,-3.292429824,-3.283162277,-3.295849483,-3.258060922,-3.268411235,-3.243363892,-3.225483034,-3.184422252,-3.189095719,-3.168130226,-3.110698297,-3.087246696,-3.092051478,-3.068542129,-3.010105436,-2.970616222,-2.93930216,-2.901356274,-2.870632404,-2.819587367,-2.770574152,-2.733533105,-2.678194516,-2.647046088,-2.615825861,-2.551139154,-2.506402551,-2.476513668,-2.443094731,-2.414652089,-2.357634419,-2.324496615,-2.304956341,-2.277037191,-2.232473101,-2.198870812,-2.172372295,-2.13578567,-2.085868487,-2.050317309,-2.001915112,-1.963051888,-1.915745541,-1.867580202,-1.846642529,-1.799094808,-1.758204569,-1.720857994,-1.686153862,-1.641665329,-1.59989393,-1.558949323,-1.518442721,-1.471237514,-1.412120736,-1.371406744,-1.308927353,-1.255503611,-1.208709451,-1.153805201,-1.102427886,-1.053596866,-1.003514596,-0.953715596,-0.907181141,-0.861795227,-0.804922689,-0.764529631,-0.727677916,-0.673356964,-0.636498958,-0.596330521,-0.550780866,-0.523562573,-0.492386969,-0.458578029,-0.431649233
0.757575758,-2.482804102,-3.2915791,-3.528708289,-3.649751982,-3.716698771,-3.832682665,-3.860120914,-3.879426069,-3.982966661,-4.017728767,-4.060480747,-4.013228266,-3.987162775,-3.896196279,-3.826813732,-3.739928612,-3.548213564,-3.508638306,-3.406713933,-3.363512104,-3.341988603,-3.359518563,-3.30980392,-3.301029996,-3.279014256,-3.326058001,-3.302770657,-3.315154638,-3.2915791,-3.263603498,-3.239577517,-3.197910742,-3.179142011,-3.18243463,-3.13430394,-3.095825632,-3.11577123,-3.037630664,-3.011441043,-2.982966661,-2.951558196,-2.914352712,-2.85823677,-2.856360765,-2.776244546,-2.74208155,-2.71219827,-2.670805585,-2.623058243,-2.581864502,-2.525055665,-2.489320969,-2.446845452,-2.407157317,-2.390192231,-2.333294864,-2.311669182,-2.293965339,-2.247490599,-2.213603539,-2.18382501,-2.160270625,-2.111371275,-2.059234564,-2.024936004,-1.977942979,-1.943095149,-1.897497691,-1.85870704,-1.822117357,-1.77848144,-1.74155429,-1.704037268,-1.661842436,-1.617586687,-1.583076711,-1.532910101,-1.494646494,-1.450677882,-1.398385389,-1.338423923,-1.283671058,-1.234048464,-1.188277573,-1.136581962,-1.08979729,-1.037967053,-0.987643717,-0.941725853,-0.893788698,-0.850199138,-0.795812164,-0.755670915,-0.712155738,-0.669048765,-0.633935834,-0.592707694,-0.553279586,-0.524121155,-0.490999209,-0.459501596
0.772727273,-2.509900995,-3.316052869,-3.554395797,-3.681936665,-3.759450752,-3.882728704,-3.863279433,-3.913640169,-3.982966661,-3.995678626,-4.060480747,-4.075720714,-4.060480747,-3.950781977,-3.863279433,-3.718966633,-3.581698709,-3.480172006,-3.424812155,-3.378823718,-3.37161107,-3.32330639,-3.333482019,-3.333482019,-3.349692477,-3.324221658,-3.322393047,-3.302770657,-3.294992041,-3.280668713,-3.226213555,-3.226213555,-3.197910742,-3.168130226,-3.187086643,-3.116338565,-3.067526235,-3.056505484,-3.013228266,-2.992679047,-2.944621669,-2.920095532,-2.885055584,-2.842543232,-2.80106813,-2.749579998,-2.708409174,-2.668977829,-2.642065153,-2.593289541,-2.538651566,-2.504455662,-2.459670525,-2.417028071,-2.379551615,-2.366329594,-2.316232739,-2.282662417,-2.263205245,-2.227678293,-2.192667961,-2.165960982,-2.128952739,-2.09039049,-2.042201225,-2.013273041,-1.958252128,-1.920420833,-1.86979493,-1.825969282,-1.790940966,-1.75114432,-1.710634048,-1.671905942,-1.631824725,-1.584075587,-1.545795625,-1.500849245,-1.463757293,-1.415668776,-1.364606741,-1.309768469,-1.256020135,-1.202864084,-1.150900128,-1.1033801,-1.054177033,-1.001435542,-0.956201681,-0.908508906,-0.86168151,-0.809491818,-0.773913304,-0.723386564,-0.683392318,-0.643465532,-0.596918962,-0.56618378,-0.535169291,-0.495093023,-0.457184528
0.787878788,-2.521000868,-3.341035157,-3.55129368,-3.739928612,-3.815308569,-3.826813732,-3.869666232,-3.863279433,-3.978810701,-4.050609993,-4.036212173,-4.091514981,-4.031517051,-3.946921557,-3.866461092,-3.749579998,-3.568636236,-3.484126156,-3.465973894,-3.390405591,-3.360513511,-3.36251027,-3.328827157,-3.351639989,-3.353596274,-3.351639989,-3.333482019,-3.32330639,-3.327902142,-3.278189385,-3.272458743,-3.22475374,-3.208309351,-3.161780778,-3.142667504,-3.15490196,-3.076238039,-3.07007044,-3.027797162,-2.992679047,-2.950007143,-2.921543182,-2.879426069,-2.851397345,-2.805485658,-2.775985189,-2.715118285,-2.689519109,-2.653255945,-2.599807511,-2.543330371,-2.523893283,-2.468265691,-2.422393323,-2.396098168,-2.353400248,-2.343039817,-2.295592073,-2.251734427,-2.236122969,-2.212114649,-2.166215625,-2.138465589,-2.105850153,-2.061280185,-2.01768353,-1.979390147,-1.937267637,-1.893129456,-1.847925797,-1.797675187,-1.769448904,-1.721795328,-1.68133158,-1.633838632,-1.600360885,-1.556095826,-1.508974664,-1.465237995,-1.423958267,-1.373300436,-1.3223748,-1.271841085,-1.221364058,-1.169648751,-1.115063103,-1.068969514,-1.013241698,-0.97230391,-0.922410461,-0.873161045,-0.825498269,-0.778677065,-0.742127116,-0.701520272,-0.663932709,-0.611355382,-0.572534989,-0.539995709,-0.504518105,-0.463356979
0.803030303,-2.526221165,-3.403402904,-3.607303047,-3.73754891,-3.774690718,-3.853871964,-3.8569852,-4,-4.022276395,-4.065501549,-4.096910013,-3.978810701,-4.022276395,-3.91721463,-3.8569852,-3.739928612,-3.596879479,-3.512861625,-3.417936637,-3.401209493,-3.416801226,-3.37161107,-3.351639989,-3.364516253,-3.315154638,-3.311580178,-3.320572103,-3.290730039,-3.254925208,-3.278189385,-3.245651664,-3.229147988,-3.189095719,-3.158015195,-3.14691047,-3.112945622,-3.099086932,-3.077793723,-3.008773924,-2.993533958,-2.937418016,-2.915781313,-2.873868593,-2.84103474,-2.796423225,-2.741602196,-2.724458312,-2.691008971,-2.647238808,-2.603103551,-2.550059011,-2.515985037,-2.477816682,-2.428873723,-2.394264106,-2.359617955,-2.322758154,-2.315064917,-2.251889533,-2.240105626,-2.20238627,-2.174444068,-2.13864484,-2.100617294,-2.080503512,-2.030071811,-1.991953694,-1.95093711,-1.897566294,-1.85911502,-1.810959092,-1.764269603,-1.72941432,-1.683589289,-1.64374462,-1.602546674,-1.56474507,-1.509760515,-1.470800715,-1.420799664,-1.379405938,-1.331819163,-1.273492846,-1.226374435,-1.172540258,-1.118187537,-1.068735418,-1.023361199,-0.967623029,-0.922795667,-0.871629814,-0.827797107,-0.784322789,-0.737757802,-0.688892766,-0.646995995,-0.617914485,-0.569557273,-0.546866733,-0.50584819,-0.457376212
0.818181818,-2.549135308,-3.366531544,-3.621602099,-3.723538196,-3.806875402,-3.958607315,-3.950781977,-3.920818754,-4.050609993,-4.091514981,-4.107905397,-4.113509275,-4.065501549,-3.950781977,-3.872895202,-3.779891912,-3.600326279,-3.568636236,-3.485452247,-3.399027104,-3.402304814,-3.361510743,-3.368556231,-3.346787486,-3.313363731,-3.355561411,-3.338187314,-3.327902142,-3.27572413,-3.280668713,-3.249491605,-3.229147988,-3.210419288,-3.195860568,-3.13430394,-3.122053048,-3.073657553,-3.067019178,-3.040005162,-2.978810701,-2.953895213,-2.928486195,-2.86774031,-2.864549301,-2.82131076,-2.757210191,-2.717831222,-2.698319051,-2.640164518,-2.621238825,-2.569280112,-2.527536103,-2.487715937,-2.449771647,-2.40329297,-2.366329594,-2.337525496,-2.302857874,-2.282828973,-2.232028279,-2.200935281,-2.185219854,-2.145876218,-2.104909103,-2.080451241,-2.048613905,-1.999435784,-1.959437215,-1.920999748,-1.867932519,-1.831708811,-1.784970822,-1.732546658,-1.700623467,-1.658466559,-1.608465063,-1.564362642,-1.526659036,-1.475876615,-1.429363673,-1.37724733,-1.339030228,-1.298457918,-1.238989807,-1.190655803,-1.132909811,-1.084109684,-1.032161967,-0.982845576,-0.940376005,-0.886852469,-0.837555086,-0.795795881,-0.749275123,-0.706560097,-0.661880315,-0.616969585,-0.585725426,-0.542417824,-0.509133123,-0.466964249
0.833333333,-2.560193789,-3.370590401,-3.600326279,-3.705533774,-3.826813732,-3.93930216,-3.903089987,-3.910094889,-3.950781977,-4.091514981,-4.050609993,-4.15490196,-4.107905397,-3.946921557,-3.847711656,-3.735182177,-3.677780705,-3.609064893,-3.490797478,-3.402304814,-3.377785977,-3.377785977,-3.313363731,-3.294992041,-3.299296283,-3.315154638,-3.293282218,-3.330683119,-3.277366077,-3.254925208,-3.262012674,-3.223298816,-3.228412519,-3.181114585,-3.143875556,-3.106238238,-3.102372909,-3.053547735,-3.043351421,-2.999565923,-2.954677021,-2.915781313,-2.890084137,-2.874193542,-2.795608668,-2.770830297,-2.729554092,-2.684029655,-2.650528201,-2.617262734,-2.578396073,-2.521145032,-2.489186989,-2.464326197,-2.41499072,-2.372122305,-2.334419009,-2.294221787,-2.271321633,-2.247644196,-2.203286937,-2.167235695,-2.146058554,-2.111371275,-2.071604148,-2.043447408,-2.019224226,-1.966254664,-1.922704786,-1.880744111,-1.825213583,-1.78885275,-1.734074252,-1.692140419,-1.651364187,-1.606951534,-1.556830924,-1.514505715,-1.472524772,-1.425285979,-1.370947362,-1.323736326,-1.279286807,-1.235510033,-1.176284563,-1.128082801,-1.079073554,-1.023132112,-0.973785526,-0.921035955,-0.87504932,-0.82627193,-0.783699474,-0.731220839,-0.689497862,-0.644903033,-0.600753862,-0.562336622,-0.532772346,-0.482246082,-0.449553943
0.848484848,-2.570086302,-3.385102784,-3.610833916,-3.752026734,-3.821023053,-3.89279003,-3.946921557,-3.978810701,-4.017728767,-4.102372909,-4.113509275,-4.080921908,-4.060480747,-4.004364805,-3.876148359,-3.759450752,-3.673664139,-3.578396073,-3.480172006,-3.396855627,-3.369572125,-3.388276692,-3.349692477,-3.343901798,-3.308034897,-3.346787486,-3.317854924,-3.288192771,-3.308918508,-3.249491605,-3.260427656,-3.276544328,-3.231361899,-3.204119983,-3.17327748,-3.141462802,-3.127843727,-3.084600165,-3.038578906,-3.025949097,-2.969400278,-2.932557157,-2.904133547,-2.860750782,-2.814457845,-2.782516056,-2.726998728,-2.702239489,-2.65678841,-2.628378073,-2.590066877,-2.531948209,-2.514562519,-2.472885888,-2.438660059,-2.402853512,-2.354283061,-2.320662969,-2.278931698,-2.254066842,-2.232844134,-2.179929966,-2.152612449,-2.117988038,-2.092158857,-2.050414849,-2.020815966,-1.989869723,-1.937982401,-1.892586503,-1.862614236,-1.805957672,-1.764673598,-1.712220657,-1.660946264,-1.621747494,-1.573895572,-1.526819699,-1.476747922,-1.441171475,-1.384512882,-1.33472866,-1.291927695,-1.248113001,-1.204717983,-1.144953556,-1.092094427,-1.041875889,-0.990778636,-0.941202099,-0.886685159,-0.84072464,-0.794516846,-0.749567799,-0.699006921,-0.659072283,-0.622841332,-0.579423802,-0.540114687,-0.501968035,-0.45384245
0.863636364,-2.583359493,-3.404503778,-3.68613278,-3.761953897,-3.853871964,-3.950781977,-3.950781977,-4.008773924,-4.091514981,-4.15490196,-4.091514981,-4.119186408,-4.075720714,-4.050609993,-3.928117993,-3.866461092,-3.675717545,-3.625251654,-3.500312917,-3.42136079,-3.407823243,-3.379863945,-3.334419009,-3.332547047,-3.354577731,-3.342944147,-3.35753548,-3.319664487,-3.302770657,-3.294992041,-3.273272791,-3.256490235,-3.236572006,-3.229147988,-3.184422252,-3.144480844,-3.123782159,-3.087246696,-3.038578906,-3.005682847,-2.994819487,-2.945386945,-2.89279003,-2.857297754,-2.834755674,-2.799149502,-2.741602196,-2.701146924,-2.666149855,-2.640923774,-2.599116784,-2.560036064,-2.531800414,-2.475733731,-2.445874418,-2.401209493,-2.369165482,-2.325322532,-2.289544136,-2.264161666,-2.221921138,-2.208800754,-2.150703459,-2.1168498,-2.089856039,-2.058737091,-2.023558311,-1.983928183,-1.957897232,-1.905808475,-1.854865774,-1.821166883,-1.770062314,-1.731305046,-1.677284652,-1.62681205,-1.588885581,-1.538081488,-1.489951227,-1.439973751,-1.385999705,-1.341921794,-1.296124223,-1.24644758,-1.202330905,-1.151927943,-1.103110186,-1.048487633,-0.996798053,-0.941991767,-0.892589894,-0.845268751,-0.800211923,-0.755294982,-0.706142654,-0.662327138,-0.618949933,-0.584384038,-0.541581242,-0.507091613,-0.457045175
0.878787879,-2.587539453,-3.42365865,-3.647817482,-3.818156412,-3.876148359,-3.913640169,-4.031517051,-4.022276395,-4.050609993,-4.070581074,-4.15490196,-4.142667504,-4.086186148,-4.017728767,-3.946921557,-3.772113295,-3.690369833,-3.571865206,-3.515700161,-3.419075024,-3.416801226,-3.354577731,-3.367542708,-3.316952962,-3.348721986,-3.311580178,-3.35753548,-3.297569464,-3.310691141,-3.298432015,-3.254925208,-3.262012674,-3.221125528,-3.237321436,-3.181114585,-3.177178355,-3.124360063,-3.078833949,-3.060980224,-3.013228266,-2.985479461,-2.954677021,-2.925915311,-2.86518563,-2.844663963,-2.825649403,-2.753747688,-2.726304412,-2.676954265,-2.63432486,-2.595166283,-2.577082019,-2.528414946,-2.497436331,-2.450996738,-2.41240127,-2.387110231,-2.345053773,-2.302421966,-2.260506769,-2.224899501,-2.199282922,-2.1716624,-2.12222565,-2.090818524,-2.066563332,-2.028538595,-1.985647499,-1.967340954,-1.914816492,-1.86918395,-1.823590375,-1.783042793,-1.731141325,-1.69030597,-1.638763383,-1.587035728,-1.542405711,-1.492805515,-1.440943653,-1.394317939,-1.339865282,-1.289814914,-1.247690285,-1.196508743,-1.15303232,-1.10550671,-1.04982994,-1.000021715,-0.944533748,-0.891871519,-0.846048012,-0.797043312,-0.746080739,-0.705286935,-0.656506722,-0.617505676,-0.569515365,-0.534791199,-0.493386746,-0.454350285
0.893939394,-2.621238825,-3.4225082,-3.725842151,-3.806875402,-3.899629455,-3.913640169,-3.978810701,-4.102372909,-4.075720714,-4.086186148,-4.096910013,-4.236572006,-4.124938737,-4.008773924,-4.008773924,-3.903089987,-3.675717545,-3.610833916,-3.524328812,-3.472370099,-3.377785977,-3.36251027,-3.316052869,-3.341988603,-3.341988603,-3.350665141,-3.316952962,-3.336299075,-3.294992041,-3.274088368,-3.288192771,-3.263603498,-3.228412519,-3.259637311,-3.1837587,-3.155522824,-3.151810883,-3.085128182,-3.052566278,-3.015922966,-2.997402019,-2.925915311,-2.932185489,-2.882397308,-2.823041019,-2.798602876,-2.764471553,-2.726304412,-2.695940534,-2.645699438,-2.610302452,-2.571379327,-2.532391894,-2.494578672,-2.466100899,-2.432033093,-2.392009141,-2.361311113,-2.320481256,-2.269702338,-2.240936812,-2.199282922,-2.177178355,-2.151256818,-2.100562546,-2.074069402,-2.041388342,-2.004189368,-1.965531977,-1.932148339,-1.897017769,-1.853004243,-1.794173341,-1.763412359,-1.711616616,-1.661503665,-1.605846123,-1.558367696,-1.514804019,-1.46118757,-1.408879718,-1.359081507,-1.310664498,-1.262584699,-1.210250115,-1.162304264,-1.118221746,-1.071967919,-1.014676835,-0.9623584,-0.913380382,-0.860794907,-0.812152271,-0.756942098,-0.710868323,-0.676688072,-0.625444106,-0.583770686,-0.53951561,-0.508664925,-0.462129296
0.909090909,-2.631713115,-3.413412695,-3.692503962,-3.782516056,-3.88941029,-3.987162775,-3.995678626,-4.080921908,-4.102372909,-4.180456064,-4.142667504,-4.119186408,-4.008773924,-3.991399828,-3.920818754,-3.823908741,-3.694648631,-3.657577319,-3.543633967,-3.488116639,-3.408935393,-3.382999659,-3.360513511,-3.332547047,-3.342944147,-3.35261703,-3.335358024,-3.316052869,-3.301899454,-3.296708622,-3.266802735,-3.266000713,-3.239577517,-3.217527376,-3.187086643,-3.183096161,-3.144480844,-3.109020403,-3.073657553,-3.034798299,-2.975514332,-2.985479461,-2.925549281,-2.899284913,-2.862962545,-2.795337488,-2.776763727,-2.743763467,-2.698535927,-2.653451441,-2.610125442,-2.578396073,-2.544850479,-2.507379278,-2.469160221,-2.419645339,-2.39501837,-2.349886836,-2.320844759,-2.288614621,-2.242072817,-2.195519811,-2.162474691,-2.14014148,-2.11787408,-2.058091226,-2.034657164,-2.009306039,-1.969117047,-1.923905953,-1.892044227,-1.852138252,-1.807878778,-1.754018744,-1.718966633,-1.661344334,-1.616669448,-1.556377206,-1.510055576,-1.464908514,-1.404151195,-1.355709155,-1.309387551,-1.253412502,-1.20271168,-1.147629814,-1.102950519,-1.058414038,-1.004127982,-0.95622524,-0.899539848,-0.849587449,-0.794822713,-0.746303462,-0.700970186,-0.65216864,-0.608530298,-0.564442287,-0.528554259,-0.49114586,-0.443008001
0.924242424,-2.628009089,-3.37675071,-3.559090918,-3.640164518,-3.739928612,-3.793174124,-3.801342913,-3.863279433,-3.958607315,-3.920818754,-3.943095149,-3.93930216,-3.987162775,-3.872895202,-3.815308569,-3.749579998,-3.602059991,-3.528708289,-3.432973634,-3.444905551,-3.397940009,-3.350665141,-3.313363731,-3.283162277,-3.274088368,-3.294136288,-3.288192771,-3.296708622,-3.280668713,-3.247183569,-3.246416941,-3.238824187,-3.209011525,-3.216096421,-3.151195299,-3.140261434,-3.125518182,-3.067019178,-3.065501549,-3.015022874,-2.973875483,-2.945004138,-2.903785415,-2.858550227,-2.845880474,-2.808548986,-2.746904414,-2.725611204,-2.688246139,-2.646276062,-2.597910649,-2.571865206,-2.525055665,-2.487449007,-2.465846926,-2.43568909,-2.396422632,-2.346016093,-2.316232739,-2.27205229,-2.240030142,-2.196133366,-2.156767222,-2.126156467,-2.09881422,-2.078781879,-2.019133445,-1.985521465,-1.95280304,-1.920456993,-1.878472984,-1.843329723,-1.803685615,-1.754635412,-1.706372308,-1.666754301,-1.607901273,-1.566774375,-1.507225647,-1.451303551,-1.406880149,-1.351444844,-1.302901489,-1.248628503,-1.195186128,-1.144674715,-1.096400017,-1.051283916,-1.001845323,-0.948257238,-0.89319058,-0.842346831,-0.792142216,-0.743479487,-0.696652722,-0.647071137,-0.60467885,-0.566436565,-0.518531573,-0.483528089,-0.429293647
0.939393939,-2.653255945,-3.465973894,-3.730487056,-3.754487332,-3.869666232,-3.879426069,-4.113509275,-4.040958608,-4.045757491,-4.13667714,-4.229147988,-4.180456064,-4.102372909,-4.031517051,-3.863279433,-3.896196279,-3.725842151,-3.675717545,-3.548213564,-3.473660723,-3.462180905,-3.416801226,-3.370590401,-3.37161107,-3.342944147,-3.342944147,-3.327902142,-3.321481621,-3.329754147,-3.344861565,-3.318758763,-3.283162277,-3.268411235,-3.274905479,-3.252588192,-3.211831629,-3.174573882,-3.152427341,-3.098541679,-3.074687909,-3.047207557,-2.988006885,-2.960982678,-2.9076303,-2.862645889,-2.86710023,-2.813326133,-2.752272167,-2.731656086,-2.6712128,-2.633577043,-2.60119227,-2.571217489,-2.529589509,-2.485319456,-2.467627866,-2.433444669,-2.39008559,-2.33847126,-2.304868702,-2.264800452,-2.232769902,-2.1919917,-2.150028088,-2.110642263,-2.077689837,-2.051831638,-1.999609311,-1.964650323,-1.931146506,-1.897943807,-1.85499016,-1.817528282,-1.781333229,-1.727856582,-1.674381727,-1.635542815,-1.573521271,-1.530796742,-1.470800715,-1.41362652,-1.367633828,-1.311108762,-1.261251143,-1.201687808,-1.152501375,-1.101335141,-1.047813183,-0.999774226,-0.952055706,-0.897158263,-0.842887903,-0.792481424,-0.746177561,-0.695884472,-0.647200257,-0.59929972,-0.558837653,-0.508765811,-0.482341014,-0.436270987
0.954545455,-2.670398752,-3.488116639,-3.701146924,-3.93930216,-3.966576245,-3.982966661,-4.045757491,-4.107905397,-4.075720714,-4.161150909,-4.200659451,-4.193820026,-4.187086643,-3.987162775,-3.974694135,-3.899629455,-3.772113295,-3.701146924,-3.57024772,-3.522878745,-3.455931956,-3.390405591,-3.377785977,-3.382999659,-3.367542708,-3.382999659,-3.368556231,-3.382999659,-3.37675071,-3.322393047,-3.322393047,-3.294992041,-3.270025714,-3.27083521,-3.26520017,-3.19859629,-3.179142011,-3.163043263,-3.133122186,-3.077274542,-3.043351421,-3.031517051,-2.964170175,-2.932929144,-2.891434976,-2.845271793,-2.828566099,-2.762707662,-2.719194072,-2.686343653,-2.64320954,-2.616364132,-2.577574324,-2.532096053,-2.491066474,-2.4597957,-2.435570673,-2.397072287,-2.359518563,-2.323672266,-2.275970027,-2.237471478,-2.203911571,-2.154158093,-2.119072135,-2.081812339,-2.046772028,-2.024246611,-1.973752819,-1.940058112,-1.905528871,-1.866301454,-1.82422734,-1.78230554,-1.746032337,-1.690838442,-1.642255675,-1.593732404,-1.536345864,-1.490542085,-1.428885382,-1.368475062,-1.320972056,-1.266682337,-1.217692238,-1.16156652,-1.108105887,-1.055428504,-1.005089233,-0.9547905,-0.904865533,-0.855475607,-0.801942543,-0.756208174,-0.707823704,-0.652465085,-0.604923595,-0.563130013,-0.519116724,-0.478350744,-0.44585987
0.96969697,-2.681519275,-3.460923901,-3.709965389,-3.928117993,-3.89279003,-3.943095149,-4.036212173,-4.080921908,-4.229147988,-4.065501549,-4.142667504,-4.13667714,-4.040958608,-4.107905397,-3.913640169,-3.903089987,-3.809668302,-3.690369833,-3.634512015,-3.53313238,-3.4710833,-3.4225082,-3.392544977,-3.361510743,-3.392544977,-3.36552273,-3.370590401,-3.358525889,-3.353596274,-3.336299075,-3.288192771,-3.293282218,-3.298432015,-3.262807357,-3.240332155,-3.231361899,-3.202040356,-3.195179321,-3.128427064,-3.103473783,-3.050122296,-3.016373713,-2.987162775,-2.952335805,-2.898252926,-2.866780543,-2.810509686,-2.811071516,-2.756465898,-2.699621935,-2.668572703,-2.624885315,-2.587371479,-2.552221991,-2.511449283,-2.473014931,-2.433209088,-2.402743717,-2.373351732,-2.331334585,-2.291239276,-2.250495576,-2.213887716,-2.175743962,-2.122283199,-2.078365539,-2.05207638,-2.019587538,-1.990889194,-1.942714356,-1.908368209,-1.870310108,-1.83176777,-1.788559064,-1.753895516,-1.710901801,-1.655391615,-1.600257074,-1.554629351,-1.497204296,-1.451143981,-1.388744155,-1.333070384,-1.287560763,-1.22603081,-1.174775171,-1.121030354,-1.068765945,-1.015531197,-0.967852854,-0.913437309,-0.864902348,-0.81406141,-0.766511461,-0.719098533,-0.670376387,-0.623052773,-0.577479101,-0.535310789,-0.498673667,-0.443032091
0.984848485,-2.70863115,-3.452225295,-3.698970004,-3.920818754,-3.974694135,-4.065501549,-4,-4.022276395,-4.102372909,-4.15490196,-4.180456064,-4.113509275,-4.13076828,-4.050609993,-3.954677021,-3.88941029,-3.732828272,-3.739928612,-3.621602099,-3.540607512,-3.519993057,-3.459670525,-3.436518915,-3.449771647,-3.388276692,-3.396855627,-3.397940009,-3.388276692,-3.392544977,-3.351639989,-3.330683119,-3.353596274,-3.314258261,-3.294136288,-3.253365801,-3.232102384,-3.216811309,-3.200659451,-3.185086819,-3.11577123,-3.061980903,-3.026410377,-3.007004902,-2.974284616,-2.915423722,-2.89997427,-2.843148099,-2.774949304,-2.792634963,-2.71219827,-2.672028376,-2.643018599,-2.598944274,-2.554707231,-2.519274621,-2.49390104,-2.444542783,-2.412289035,-2.380906669,-2.366733589,-2.305394801,-2.266241164,-2.218316415,-2.186419011,-2.145633222,-2.105739336,-2.063184769,-2.019587538,-1.995893677,-1.963251371,-1.904516814,-1.874031037,-1.837017629,-1.795120666,-1.759226175,-1.71858026,-1.677160727,-1.615574896,-1.56388508,-1.514392129,-1.454185884,-1.407057516,-1.346228089,-1.288859482,-1.241549885,-1.181114585,-1.130357655,-1.073359207,-1.019473971,-0.972381335,-0.91605328,-0.865896238,-0.82232501,-0.769081273,-0.717121962,-0.666051209,-0.622699214,-0.574486973,-0.531048918,-0.488968691,-0.446900137
1,-2.700710666,-3.493494968,-3.752026734,-3.931814138,-4.040958608,-4.036212173,-4.022276395,-4.193820026,-4.173925197,-4.251811973,-4.161150909,-4.119186408,-4.148741651,-4.086186148,-3.991399828,-3.89279003,-3.756961951,-3.714442691,-3.661543506,-3.573488739,-3.548213564,-3.419075024,-3.438898616,-3.450996738,-3.420216403,-3.374687549,-3.42945706,-3.41453927,-3.380906669,-3.386158178,-3.350665141,-3.361510743,-3.335358024,-3.304518324,-3.272458743,-3.253365801,-3.224025669,-3.171340103,-3.167491087,-3.13667714,-3.119186408,-3.046240308,-3.004364805,-2.978810701,-2.946153573,-2.901010361,-2.840132153,-2.818156412,-2.750312572,-2.738499227,-2.673664139,-2.64054398,-2.608888386,-2.558304864,-2.54090921,-2.505149978,-2.459920911,-2.421246216,-2.385208208,-2.343231221,-2.306536873,-2.27580608,-2.237171447,-2.191924132,-2.156829535,-2.11850122,-2.071552937,-2.032405227,-1.990464123,-1.962852496,-1.934196287,-1.873478974,-1.846398526,-1.812394685,-1.762808263,-1.71597555,-1.676273633,-1.63007945,-1.574107276,-1.518944539,-1.46951855,-1.409737908,-1.366299309,-1.297285197,-1.24392709,-1.195431258,-1.136231176,-1.086387453,-1.029583382,-0.976549992,-0.918321516,-0.872325159,-0.820339074,-0.771468757,-0.726191113,-0.667804005,-0.629318554,-0.588836711,-0.541197528,-0.489626597,-0.444743477
