1950,-1.167108055,-2.307417438,-2.628193541,-2.830619505,-2.871923987,-3.081445469,-3.033389013,-3.088309841,-3.163675884,-3.159893906,-3.085128182,-3.145693958,-3.086186148,-3.070581074,-3.03574037,-3.013228266,-2.927015255,-2.861381566,-2.795880017,-2.759950228,-2.754981129,-2.68655463,-2.781464495,-2.691435586,-2.746177561,-2.680269506,-2.66514431,-2.652084813,-2.662940274,-2.663340177,-2.685079944,-2.654430244,-2.632830511,-2.635449005,-2.577902837,-2.543482142,-2.572189427,-2.536107011,-2.550984684,-2.504455662,-2.448062305,-2.431329022,-2.396963944,-2.356251315,-2.323946875,-2.284330858,-2.283662712,-2.234331445,-2.188827305,-2.142245478,-2.104798525,-2.070683273,-2.041388342,-1.984891839,-1.952841999,-1.891841049,-1.867612219,-1.853437887,-1.807544061,-1.758877063,-1.71453271,-1.672150845,-1.634418427,-1.582030358,-1.556048947,-1.508302208,-1.480185127,-1.433209088,-1.378273407,-1.361910278,-1.305166747,-1.238478093,-1.216739767,-1.18225619,-1.112523362,-1.085344855,-1.03857416,-1.011623896,-0.970612164,-0.908596864,-0.870497011,-0.83819792,-0.7879483,-0.765743473,-0.696991961,-0.699548,-0.626409482,-0.598851147,-0.60859378,-0.507654553,-0.537599007,-0.453155163,-0.433020714,-0.471923148,-0.330883108,-0.336626096,-0.308475594,-0.577231293,-0.075325892,-0.336507322,-0.240480218
1951,-1.228941931,-2.287097875,-2.627087997,-2.825649403,-2.929962133,-3.130181792,-3.14691047,-3.106238238,-3.126679398,-3.204119983,-3.258848401,-3.188424994,-3.216096421,-3.186419011,-3.076238039,-3.145693958,-3.017728767,-2.90274269,-2.871277716,-2.807990407,-2.764724123,-2.785686103,-2.767766479,-2.755475488,-2.761452112,-2.750557039,-2.759450752,-2.71354353,-2.71942163,-2.760700521,-2.643974143,-2.677367288,-2.716925025,-2.620513186,-2.596536299,-2.621057301,-2.593971055,-2.587875594,-2.573001041,-2.519849275,-2.518987579,-2.455188088,-2.41240127,-2.39501837,-2.370794343,-2.318939756,-2.288024146,-2.257824957,-2.194771086,-2.126563137,-2.104522204,-2.077378328,-2.023283296,-1.963251371,-1.95640197,-1.894592014,-1.869055432,-1.85579954,-1.810650076,-1.759825305,-1.704828893,-1.668917036,-1.637649492,-1.600101403,-1.542648054,-1.50410892,-1.47049265,-1.436625721,-1.405265011,-1.373967752,-1.303355342,-1.252891294,-1.199943111,-1.171436767,-1.140873717,-1.070524875,-1.045738189,-0.982691138,-0.95669668,-0.916504547,-0.86612592,-0.824378032,-0.798769524,-0.74877559,-0.699408863,-0.664209234,-0.660616143,-0.572241325,-0.517040709,-0.504346062,-0.478507561,-0.511430953,-0.425114881,-0.372526607,-0.395350662,-0.336601585,-0.34013607,-0.205463159,-0.38741215,-0.232572506,-0.319799601
1952,-1.33982729,-2.42010213,-2.694433686,-2.885055584,-3.024108864,-3.107905397,-3.112945622,-3.162411562,-3.350665141,-3.22475374,-3.277366077,-3.284832642,-3.241088108,-3.256490235,-3.168770306,-3.174573882,-3.007888512,-2.934793872,-2.903089987,-2.911863911,-2.939679971,-2.840432807,-2.844663963,-2.79128998,-2.813326133,-2.778585762,-2.794795636,-2.805763251,-2.775208044,-2.73189027,-2.743041847,-2.750312572,-2.714667772,-2.71828503,-2.704652852,-2.597394758,-2.613322716,-2.590912631,-2.59465364,-2.561457651,-2.518270803,-2.511449283,-2.49498576,-2.422048872,-2.395990068,-2.320935682,-2.331800516,-2.264720552,-2.225483034,-2.171533453,-2.119129267,-2.082074578,-2.040433953,-2.016058141,-1.958765269,-1.94435414,-1.887897945,-1.858424817,-1.80704247,-1.78130698,-1.745355263,-1.708209494,-1.668471481,-1.614733431,-1.559831108,-1.528048545,-1.489897552,-1.455584659,-1.414403927,-1.362170173,-1.309582398,-1.287375549,-1.229995321,-1.19351477,-1.144929302,-1.116861168,-1.037327664,-1.00274471,-0.950088436,-0.927926651,-0.886634978,-0.850454519,-0.780543843,-0.757431243,-0.69732065,-0.694599184,-0.6195789,-0.583026827,-0.567665788,-0.507602839,-0.498807867,-0.463132359,-0.392575003,-0.37354671,-0.286104752,-0.304259225,-0.214416782,-0.288046063,-0.209697943,-0.227068362,-0.32710359
1953,-1.452803919,-2.446966984,-2.701802133,-2.87484417,-3.032452024,-3.124938737,-3.162411562,-3.242603971,-3.436518915,-3.326058001,-3.313363731,-3.194499142,-3.236572006,-3.254925208,-3.164309429,-3.064996849,-3.088309841,-2.98505965,-2.912573543,-2.888737486,-2.892111975,-2.874193542,-2.818442226,-2.834755674,-2.83120798,-2.878440156,-2.845576027,-2.879755204,-2.836540448,-2.802719442,-2.798056937,-2.754487332,-2.745451923,-2.688670048,-2.760700521,-2.680685696,-2.729787145,-2.640923774,-2.602233744,-2.551757587,-2.555330769,-2.483332441,-2.479385478,-2.461551948,-2.39968067,-2.335170059,-2.314885531,-2.299382804,-2.224535191,-2.19064233,-2.172049472,-2.099086932,-2.033529736,-1.985983771,-1.969683694,-1.942790487,-1.901979614,-1.859869222,-1.819444059,-1.773632124,-1.732359018,-1.691136912,-1.663600311,-1.604498876,-1.567030709,-1.518729403,-1.482144581,-1.428384324,-1.404602994,-1.349255488,-1.288952396,-1.27508545,-1.230689153,-1.174405131,-1.110345402,-1.091665134,-1.045892625,-0.996789431,-0.946933087,-0.895769034,-0.838874671,-0.819759399,-0.767585878,-0.718430349,-0.685608148,-0.633818073,-0.622285879,-0.573876035,-0.546287304,-0.505027698,-0.458060242,-0.398310403,-0.416448717,-0.359767086,-0.301882048,-0.287369657,-0.240809764,-0.334273643,-0.307205939,-0.221595485,-0.185163974
1954,-1.515145188,-2.552221991,-2.791021483,-2.977159389,-3.084072788,-3.215382707,-3.2915791,-3.266802735,-3.317854924,-3.468521083,-3.326058001,-3.358525889,-3.381951903,-3.348721986,-3.230622674,-3.231361899,-3.065501549,-3.000434512,-2.879755204,-2.942333896,-2.915066425,-2.891773344,-2.847100404,-2.905528871,-2.887060024,-2.82131076,-2.904133547,-2.917933066,-2.921180817,-2.879097182,-2.820448209,-2.815592515,-2.776504059,-2.744004273,-2.674484337,-2.709520187,-2.760950907,-2.705974906,-2.654822383,-2.559090918,-2.57024772,-2.541966808,-2.506960412,-2.44660249,-2.403952992,-2.39008559,-2.338850143,-2.272133551,-2.241239456,-2.208169052,-2.126098402,-2.114921616,-2.087777943,-2.022550773,-1.973671061,-1.947344527,-1.882066165,-1.832534971,-1.805902114,-1.769321219,-1.712892801,-1.692076296,-1.648107108,-1.620114601,-1.566662276,-1.522951134,-1.472615023,-1.422312926,-1.36359235,-1.320063604,-1.293640723,-1.245536989,-1.205749033,-1.181305743,-1.11993564,-1.069448278,-1.04042442,-0.987331466,-0.932267229,-0.887368191,-0.835210095,-0.806577622,-0.762102034,-0.712908497,-0.671977358,-0.635051474,-0.601754356,-0.593212938,-0.536798552,-0.475629845,-0.491350446,-0.416715056,-0.413811169,-0.391335998,-0.367942767,-0.328869755,-0.291153513,-0.281205282,-0.312506711,-0.175085079,-0.189196418
1955,-1.550691341,-2.642255675,-2.865504144,-2.931814138,-3.126679398,-3.236572006,-3.191114133,-3.247183569,-3.317854924,-3.375717904,-3.366531544,-3.286509457,-3.289882635,-3.316952962,-3.244125144,-3.180456064,-3.244887734,-3.039529222,-3.039053804,-2.967784297,-2.967381239,-2.940058112,-2.90274269,-2.888737486,-2.937042166,-2.896196279,-2.837137007,-2.923359556,-2.83209219,-2.88008459,-2.870632404,-2.77314243,-2.806597097,-2.761702932,-2.712870379,-2.71354353,-2.73072061,-2.744727495,-2.730253627,-2.635824367,-2.577738549,-2.563996464,-2.520568663,-2.465339424,-2.436400271,-2.377993327,-2.364516253,-2.306360974,-2.259874263,-2.197226275,-2.159329439,-2.109634879,-2.08102657,-2.038531445,-1.973099191,-1.955617053,-1.884988929,-1.870245677,-1.833451485,-1.797702444,-1.741147299,-1.696372024,-1.675635222,-1.645181129,-1.593408729,-1.544835251,-1.509788607,-1.466405863,-1.411694672,-1.368911524,-1.347773004,-1.283812955,-1.238290115,-1.19502959,-1.166553258,-1.111118786,-1.062452019,-1.047362517,-0.986173038,-0.949539039,-0.918577075,-0.855572138,-0.825080019,-0.760655467,-0.768510021,-0.681279457,-0.629870117,-0.615960366,-0.58627956,-0.54115072,-0.547273866,-0.505579621,-0.521254629,-0.437577461,-0.416042158,-0.421837744,-0.387871257,-0.176858466,-0.272147366,-0.221066277,-0.234334425
1956,-1.585243854,-2.653842698,-2.920456993,-3.022733788,-3.174573882,-3.191114133,-3.286509457,-3.322393047,-3.286509457,-3.415668776,-3.388276692,-3.379863945,-3.35753548,-3.295849483,-3.311580178,-3.250263684,-3.164943898,-3.155522824,-2.949620244,-2.942333896,-2.943476276,-2.946921557,-2.872247484,-2.875169851,-2.890759031,-2.860435734,-2.890084137,-2.948461609,-2.964170175,-2.910448117,-2.842543232,-2.860435734,-2.810229044,-2.788612447,-2.780677492,-2.68655463,-2.753009301,-2.709297757,-2.620875854,-2.637140697,-2.629857153,-2.57741016,-2.535957795,-2.491470281,-2.475993554,-2.419987887,-2.390192231,-2.345342245,-2.324221658,-2.220042949,-2.201211286,-2.135429593,-2.07680781,-2.04440845,-1.981757333,-1.964250163,-1.899526064,-1.888300722,-1.838212881,-1.808604883,-1.749579998,-1.711728412,-1.660787138,-1.64320954,-1.595097896,-1.563010912,-1.521895458,-1.472537663,-1.411123504,-1.384270832,-1.347627935,-1.308502987,-1.253132372,-1.184880694,-1.162190683,-1.143790883,-1.066264759,-1.025635707,-1.009865463,-0.949233689,-0.893836311,-0.863634622,-0.818336453,-0.771343042,-0.718300922,-0.687169154,-0.653944482,-0.615085932,-0.567789384,-0.533728647,-0.49672833,-0.470592747,-0.40681033,-0.361719454,-0.406537814,-0.410910908,-0.236300283,-0.435100876,-0.453488182,-0.28878432,0.034990018
1957,-1.600032234,-2.65150043,-2.873868593,-3.067526235,-3.119186408,-3.138465589,-3.27572413,-3.254144805,-3.19859629,-3.286509457,-3.284832642,-3.307153081,-3.32330639,-3.260427656,-3.2069084,-3.153662888,-3.077274542,-3.014573526,-2.935542011,-2.887394998,-2.872247484,-2.913996294,-2.899284913,-2.906578315,-2.92226882,-2.857610534,-2.901010361,-2.874193542,-2.930701988,-2.914709422,-2.864549301,-2.83386603,-2.79290446,-2.784626847,-2.794524963,-2.731422028,-2.724458312,-2.695509472,-2.710411047,-2.668370282,-2.571379327,-2.603451962,-2.532096053,-2.501276029,-2.507938395,-2.430977414,-2.374584648,-2.353008463,-2.296450702,-2.237696637,-2.194091545,-2.150028088,-2.096910013,-2.050854048,-1.994347685,-1.931702795,-1.9072092,-1.857391564,-1.832534971,-1.778794482,-1.725449615,-1.701234228,-1.655764965,-1.637743779,-1.586599639,-1.534037485,-1.494510862,-1.444687854,-1.410698416,-1.359956059,-1.315298231,-1.264041998,-1.217212161,-1.195833297,-1.140543457,-1.109388984,-1.058652577,-1.015702271,-0.959975521,-0.921133732,-0.873862096,-0.834835831,-0.802909746,-0.730470712,-0.715993616,-0.686647492,-0.63506272,-0.59230664,-0.556578974,-0.510598449,-0.497152446,-0.423640219,-0.437294454,-0.359819792,-0.381454058,-0.40000455,-0.325513634,-0.278689895,-0.19161818,-0.265362561,0.165897206
1958,-1.634774168,-2.674484337,-2.964570262,-3.075720714,-3.287350298,-3.244125144,-3.303643611,-3.346787486,-3.42945706,-3.360513511,-3.372634143,-3.380906669,-3.436518915,-3.329754147,-3.351639989,-3.216811309,-3.197226275,-3.061980903,-2.892111975,-2.96297212,-2.991825816,-2.923723745,-2.931814138,-2.915423722,-2.940436582,-2.981715692,-2.922632095,-2.960585881,-2.941194513,-2.900319359,-2.963770456,-2.900664722,-2.864549301,-2.803271277,-2.833273944,-2.75276345,-2.716246617,-2.726304412,-2.69079582,-2.746661995,-2.651695137,-2.593289541,-2.538201442,-2.501000636,-2.522878745,-2.458420756,-2.397180658,-2.355561411,-2.339988779,-2.253988892,-2.192667961,-2.163422725,-2.135607595,-2.097290187,-2.039862325,-1.993919217,-1.950588139,-1.888905589,-1.837614844,-1.820419487,-1.780363089,-1.73726422,-1.697842304,-1.651578302,-1.611987657,-1.554209044,-1.520251985,-1.473079467,-1.433079572,-1.383031131,-1.347183357,-1.311170995,-1.255097086,-1.198932604,-1.175366592,-1.123637804,-1.09638375,-1.051973572,-0.976081173,-0.941581568,-0.921021472,-0.862997392,-0.803508782,-0.783688917,-0.725590425,-0.697158437,-0.649589152,-0.639298689,-0.577208324,-0.540919774,-0.509941743,-0.472144634,-0.448927124,-0.409681015,-0.407167298,-0.369096391,-0.359023928,-0.394634609,-0.21235607,-0.229535346,-0.040569349
1959,-1.681957545,-2.640733835,-2.983802646,-3.095284455,-3.212539525,-3.319664487,-3.2915791,-3.341035157,-3.392544977,-3.42365865,-3.436518915,-3.53165267,-3.397940009,-3.35261703,-3.373659633,-3.231361899,-3.153662888,-3.053056729,-2.925549281,-2.887060024,-3.056011125,-2.93404702,-2.970210529,-2.860750782,-2.948847478,-2.924818145,-2.913284336,-2.85917782,-2.97798426,-2.910094889,-2.852632892,-2.911155437,-2.878440156,-2.888065724,-2.77314243,-2.794795636,-2.739690054,-2.726998728,-2.719877104,-2.687611051,-2.597051171,-2.644165504,-2.545612533,-2.578231599,-2.43687504,-2.441051554,-2.406271001,-2.338944915,-2.325966,-2.271240525,-2.197842247,-2.178486472,-2.105794741,-2.068491278,-2.022962665,-1.97905894,-1.93723005,-1.883491876,-1.839921819,-1.774561483,-1.754758851,-1.705974906,-1.668694201,-1.655057837,-1.609541819,-1.543193821,-1.518457051,-1.457660159,-1.416835245,-1.370957565,-1.321964439,-1.287409218,-1.247674922,-1.206461048,-1.163960865,-1.113548758,-1.075813787,-1.046525423,-0.991421118,-0.936032741,-0.882390683,-0.857110195,-0.829899708,-0.765497902,-0.736179366,-0.687122665,-0.629078159,-0.612115644,-0.553279586,-0.527269872,-0.478175698,-0.433257371,-0.397089625,-0.364436841,-0.397251113,-0.317621136,-0.251152501,-0.318998596,-0.368003568,-0.407648893,-0.38321686
1960,-1.694261808,-2.769551079,-3.037157319,-3.115204636,-3.189767482,-3.332547047,-3.341988603,-3.420216403,-3.387216143,-3.610833916,-3.46470588,-3.4867824,-3.501689446,-3.343901798,-3.382999659,-3.42945706,-3.169411331,-3.073143291,-2.931072388,-2.917573699,-2.945386945,-2.876475019,-2.941573976,-2.869023308,-2.920095532,-2.910448117,-2.867420152,-2.912928794,-2.93330145,-2.891434976,-2.909036923,-2.916139199,-2.898940645,-2.801342913,-2.806875402,-2.777283529,-2.787812396,-2.743282254,-2.684029655,-2.655607726,-2.591251394,-2.626720107,-2.555486794,-2.532984182,-2.548520595,-2.381219975,-2.402304814,-2.383209514,-2.319483191,-2.283495836,-2.245881106,-2.173212761,-2.111876693,-2.08149786,-2.056307673,-1.984598326,-1.961260652,-1.912538034,-1.847253136,-1.793389976,-1.78088722,-1.73400363,-1.690242118,-1.645085214,-1.628156645,-1.580854148,-1.538486467,-1.480460757,-1.437754732,-1.399702473,-1.36503933,-1.322329185,-1.261068891,-1.241739281,-1.206202633,-1.150163078,-1.118575397,-1.0512155,-1.015751805,-0.983551682,-0.914352712,-0.859466818,-0.845667339,-0.795538145,-0.745224805,-0.724944459,-0.668554482,-0.654551769,-0.573056286,-0.571223961,-0.542071196,-0.514167885,-0.454040077,-0.414583266,-0.414405055,-0.380678099,-0.242910059,-0.341358141,-0.329697544,-0.221892181,0.049138524
1961,-1.702677286,-2.757458572,-3.021363052,-3.122053048,-3.251037139,-3.216096421,-3.273272791,-3.287350298,-3.393618635,-3.35753548,-3.488116639,-3.480172006,-3.511449283,-3.515700161,-3.342944147,-3.318758763,-3.143875556,-3.000434512,-2.908333042,-3.018181393,-2.954677021,-2.918652692,-3.011441043,-2.938547521,-3.026410377,-3.010995384,-2.995678626,-2.943476276,-2.938547521,-2.926648298,-2.883060353,-2.913284336,-2.8569852,-2.881735274,-2.760450279,-2.827689031,-2.761201437,-2.70619564,-2.708187313,-2.652669985,-2.663940722,-2.575935475,-2.580044252,-2.521433504,-2.473660723,-2.467372999,-2.429223631,-2.39761441,-2.294478387,-2.282329497,-2.226579277,-2.183029962,-2.156393528,-2.110418198,-2.065249125,-2.025396208,-1.961499057,-1.941422151,-1.861476263,-1.814033107,-1.774354787,-1.723032962,-1.695121882,-1.66758174,-1.630895514,-1.59167522,-1.529795385,-1.470338699,-1.448342664,-1.41930306,-1.380760537,-1.325763664,-1.274905479,-1.218891164,-1.195669711,-1.14052545,-1.114915957,-1.067282774,-1.011552529,-0.974026817,-0.933778467,-0.882297939,-0.826228266,-0.788414964,-0.767336722,-0.693131254,-0.69675209,-0.613149817,-0.603368318,-0.545153616,-0.509474076,-0.476461628,-0.498792801,-0.452232676,-0.391345622,-0.396193319,-0.435646456,-0.380639493,-0.391012106,-0.282079974,-0.139593111
1962,-1.666149855,-2.729088361,-2.991399828,-3.164943898,-3.22184875,-3.240332155,-3.26760624,-3.204119983,-3.336299075,-3.36251027,-3.40560745,-3.511449283,-3.42945706,-3.442492798,-3.401209493,-3.289036881,-3.229884705,-3.098541679,-2.951946827,-2.991399828,-2.994390555,-2.942333896,-2.945004138,-2.929223537,-2.917573699,-2.904481958,-2.971428747,-2.955068454,-2.968591536,-2.931443105,-2.980468315,-2.881404635,-2.85917782,-2.815592515,-2.777803954,-2.811915626,-2.709965389,-2.72514968,-2.698752911,-2.64435695,-2.628193541,-2.591420875,-2.554551486,-2.564792897,-2.521866572,-2.482672118,-2.410720779,-2.364516253,-2.355462942,-2.27572413,-2.215382707,-2.1786175,-2.140621496,-2.072475659,-2.043927663,-1.979514414,-1.962493822,-1.898321649,-1.861192235,-1.796151536,-1.739403958,-1.70805425,-1.670805585,-1.634624347,-1.584826255,-1.553929064,-1.505177774,-1.465199965,-1.415861084,-1.393081474,-1.324221658,-1.30258756,-1.237298935,-1.201439123,-1.153248588,-1.103435205,-1.068440433,-0.998889627,-0.979696738,-0.925940945,-0.874047285,-0.848878477,-0.791983471,-0.744582754,-0.705474255,-0.676139695,-0.620098303,-0.58228922,-0.549049195,-0.518157661,-0.439998869,-0.429112796,-0.393684214,-0.369857002,-0.279543823,-0.331591717,-0.273478987,-0.214457342,-0.291874112,-0.092685936,-0.431765412
1963,-1.671824339,-2.788612447,-3.006123085,-3.136082623,-3.205511953,-3.278189385,-3.331614083,-3.388276692,-3.40560745,-3.460923901,-3.500312917,-3.399027104,-3.345823458,-3.331614083,-3.435333936,-3.263603498,-3.262012674,-3.005243055,-2.955852379,-2.963770456,-2.993106292,-2.920456993,-2.944621669,-2.947306058,-2.961777362,-2.91649738,-2.950394387,-2.96297212,-2.896196279,-2.928117993,-2.860435734,-2.883392256,-2.822175028,-2.832387327,-2.820735536,-2.790753151,-2.757458572,-2.726535727,-2.745935547,-2.700274846,-2.587371479,-2.580539927,-2.562566556,-2.512296137,-2.471983659,-2.538201442,-2.40329297,-2.394479477,-2.285000033,-2.317133204,-2.239954672,-2.17685194,-2.146301788,-2.101494214,-2.035221978,-2.028353118,-1.962334507,-1.928965325,-1.867036274,-1.812112822,-1.771676651,-1.72154365,-1.679874494,-1.6455458,-1.597962272,-1.56320149,-1.513158801,-1.476565713,-1.450837281,-1.397646959,-1.38036414,-1.300899727,-1.276289901,-1.234927799,-1.181668516,-1.145627149,-1.106265972,-1.058374294,-1.021367614,-0.967115426,-0.923417806,-0.880952067,-0.843014956,-0.780507162,-0.741652503,-0.712415472,-0.662215389,-0.615920907,-0.607579184,-0.560353149,-0.551143789,-0.516000711,-0.439940262,-0.421004563,-0.413595002,-0.345072038,-0.304166477,-0.326399498,-0.261263032,-0.307183914,-0.246931199
1964,-1.712265434,-2.79290446,-3.048176965,-3.158015195,-3.200659451,-3.244887734,-3.289036881,-3.375717904,-3.444905551,-3.412289035,-3.403402904,-3.500312917,-3.555955204,-3.57024772,-3.37675071,-3.326058001,-3.226213555,-3.04769199,-2.998699067,-3.023191663,-2.950394387,-2.919012953,-2.941194513,-2.952725133,-2.975514332,-2.964170175,-2.983384452,-2.924818145,-2.980468315,-2.901356274,-2.91721463,-3.033858267,-2.842543232,-2.793443956,-2.792634963,-2.846185136,-2.812479279,-2.721932669,-2.701802133,-2.673459331,-2.639406586,-2.633763876,-2.541211118,-2.487582451,-2.459420283,-2.427825686,-2.417028071,-2.392759496,-2.381115515,-2.287939858,-2.256568635,-2.22250068,-2.169475486,-2.091514981,-2.047207557,-1.995893677,-1.963610671,-1.902118255,-1.868894838,-1.817813683,-1.785606569,-1.714870445,-1.684218519,-1.636726563,-1.59359609,-1.555252778,-1.512607064,-1.475837642,-1.441135495,-1.39382293,-1.355108641,-1.315154638,-1.255394125,-1.228265575,-1.188311074,-1.158371526,-1.099201523,-1.065228938,-1.018575561,-0.965323425,-0.919539471,-0.867477763,-0.835721516,-0.807769967,-0.753092922,-0.730318974,-0.682170579,-0.667799962,-0.596833134,-0.56867645,-0.559242003,-0.532568015,-0.447776038,-0.435924836,-0.41296513,-0.398133313,-0.35300063,-0.309298129,-0.265918189,-0.387914754,-0.296445545
1965,-1.628950619,-2.836242476,-3.055517328,-3.163043263,-3.14327111,-3.370590401,-3.335358024,-3.330683119,-3.348721986,-3.394694954,-3.419075024,-3.43062609,-3.543633967,-3.54668166,-3.221125528,-3.26520017,-3.158015195,-3.029653124,-3.014124643,-2.98254927,-2.97798426,-2.954677021,-2.922995673,-2.954285941,-2.979638717,-2.971022295,-2.984640245,-3.035269079,-2.977159389,-2.932557157,-2.94195377,-2.897909474,-2.862645889,-2.85823677,-2.884056823,-2.831797253,-2.750068243,-2.730487056,-2.698752911,-2.667763585,-2.654626269,-2.593800576,-2.537003388,-2.487983031,-2.434270212,-2.453333975,-2.37069236,-2.371202514,-2.310957661,-2.290136683,-2.235898624,-2.170310359,-2.132414673,-2.08375667,-2.066158537,-2.014528617,-1.951713607,-1.912041211,-1.873868593,-1.833096476,-1.766597722,-1.739928612,-1.699491471,-1.636745379,-1.61131279,-1.542860215,-1.516184562,-1.475007052,-1.427418799,-1.392673676,-1.348741375,-1.312747577,-1.274831876,-1.234398494,-1.174684255,-1.142480556,-1.094846595,-1.058269984,-1.024926805,-0.977938852,-0.926102105,-0.889642649,-0.822097174,-0.782534481,-0.774279884,-0.717887922,-0.675016242,-0.661171129,-0.60208605,-0.558502816,-0.522881641,-0.487877509,-0.496540269,-0.446768904,-0.396222517,-0.355801767,-0.324805691,-0.444638282,-0.265106603,-0.415486727,-0.320665696
1966,-1.656571711,-2.868381336,-3.050609993,-3.125518182,-3.243363892,-3.331614083,-3.403402904,-3.320572103,-3.356547324,-3.42365865,-3.528708289,-3.411168274,-3.3400838,-3.411168274,-3.355561411,-3.311580178,-3.179798541,-3.054531415,-2.990124366,-2.925183559,-2.964170175,-2.999132278,-2.936666641,-2.94195377,-2.950007143,-2.960189446,-2.960585881,-2.998699067,-2.966174306,-2.918652692,-2.928117993,-2.872571222,-2.859806321,-2.843450849,-2.871923987,-2.788345599,-2.765735876,-2.730487056,-2.696156225,-2.65678841,-2.615467385,-2.60292945,-2.567672208,-2.524038411,-2.431915669,-2.436044535,-2.399789694,-2.360712774,-2.357733381,-2.289882635,-2.24328784,-2.173342208,-2.147154182,-2.097398869,-2.052370253,-2.033201454,-1.973466735,-1.93296636,-1.890219032,-1.82474919,-1.791908155,-1.733744778,-1.691777181,-1.641665329,-1.593936954,-1.561663377,-1.511280111,-1.485120345,-1.436922545,-1.391431181,-1.354882433,-1.318442205,-1.272800457,-1.227062501,-1.179299487,-1.138405855,-1.110597441,-1.059463594,-1.022011327,-0.971363689,-0.928059109,-0.881983419,-0.855734111,-0.807862036,-0.777403171,-0.721145837,-0.689542481,-0.652810543,-0.618338107,-0.593030846,-0.538999982,-0.527969443,-0.436638777,-0.445495092,-0.391315681,-0.395772867,-0.380438176,-0.326358983,-0.300436287,-0.305727449,-0.270502325
1967,-1.665325137,-2.805485658,-3.016373713,-3.190440285,-3.314258261,-3.356547324,-3.338187314,-3.468521083,-3.521433504,-3.428291168,-3.415668776,-3.467245621,-3.519993057,-3.363512104,-3.360513511,-3.355561411,-3.207608311,-3.050609993,-3.010105436,-3.008773924,-2.952725133,-2.937042166,-2.925915311,-2.953504836,-2.976336082,-2.98505965,-2.962573502,-2.946921557,-2.920818754,-2.912928794,-2.941194513,-2.951558196,-2.860435734,-2.795608668,-2.774949304,-2.789146635,-2.753501419,-2.704652852,-2.706416487,-2.668775219,-2.631899148,-2.5636783,-2.550830268,-2.518700727,-2.426780173,-2.405496956,-2.380489279,-2.360912129,-2.303993285,-2.266642212,-2.234331445,-2.181378274,-2.125982296,-2.101603954,-2.067171233,-1.992764462,-1.966053797,-1.923687312,-1.866556902,-1.843117836,-1.761803301,-1.729857085,-1.69381095,-1.630394566,-1.595953514,-1.566646264,-1.508666326,-1.467105549,-1.415408729,-1.388797308,-1.339134522,-1.317530002,-1.265568237,-1.228037909,-1.187835612,-1.152186818,-1.112821716,-1.051684859,-1.016382733,-0.984464215,-0.937553401,-0.876161421,-0.838634993,-0.807151099,-0.756622094,-0.71401311,-0.692431229,-0.625526611,-0.595061997,-0.559952493,-0.544727152,-0.48073919,-0.451156254,-0.47133007,-0.510540754,-0.331851799,-0.33311153,-0.347287695,-0.285320765,-0.289430797,-0.2465556
1968,-1.659397268,-2.925549281,-3.138465589,-3.181114585,-3.301029996,-3.355561411,-3.326979093,-3.238072162,-3.338187314,-3.441291429,-3.460923901,-3.55129368,-3.41453927,-3.390405591,-3.4225082,-3.190440285,-3.105683937,-3.015022874,-2.898940645,-2.984221244,-2.930331903,-2.9476909,-2.839831707,-2.909036923,-2.848936747,-2.94195377,-2.898596649,-2.909741947,-2.87095494,-2.883060353,-2.839531469,-2.889747083,-2.797511683,-2.824198367,-2.803271277,-2.801893001,-2.743522794,-2.700492701,-2.718512112,-2.629116983,-2.569280112,-2.552997102,-2.584692708,-2.480828536,-2.445753192,-2.385102784,-2.326334124,-2.321117585,-2.270106596,-2.271971046,-2.228339041,-2.189229989,-2.159392121,-2.073863429,-2.048322563,-1.996281036,-1.951635895,-1.887663164,-1.862740861,-1.801535365,-1.765406798,-1.711728412,-1.681853155,-1.616615553,-1.581350749,-1.537706844,-1.496508934,-1.470800715,-1.421314957,-1.375408541,-1.3423037,-1.279600867,-1.259148018,-1.227377619,-1.17278586,-1.128754076,-1.084162397,-1.033149889,-1.011231527,-0.941896779,-0.904966714,-0.862687041,-0.806516422,-0.775381485,-0.724596497,-0.684193333,-0.666037118,-0.635274571,-0.5744723,-0.547574103,-0.535838458,-0.48335491,-0.459584176,-0.446341457,-0.378015104,-0.355380246,-0.226562447,-0.32718015,-0.170635752,-0.170541196,-0.299384535
1969,-1.648493577,-2.852942329,-3.061980903,-3.142064735,-3.208309351,-3.317854924,-3.341035157,-3.396855627,-3.411168274,-3.384049948,-3.372634143,-3.496209317,-3.406713933,-3.353596274,-3.345823458,-3.161150909,-3.159266765,-2.999565923,-2.837734386,-2.929592678,-2.917933066,-2.883392256,-2.919734373,-2.901702464,-2.885722703,-2.881404635,-2.879097182,-2.921180817,-2.970616222,-2.859491957,-2.837435593,-2.832978204,-2.792634963,-2.835944708,-2.836242476,-2.756465898,-2.73072061,-2.738023809,-2.652865217,-2.609064893,-2.58552805,-2.525638024,-2.529148675,-2.478861916,-2.40164729,-2.342466112,-2.345630909,-2.30390584,-2.248566918,-2.201004266,-2.155026062,-2.151995729,-2.113283726,-2.074275473,-2.017457418,-1.984053756,-1.938811495,-1.883292659,-1.833451485,-1.792204115,-1.729297878,-1.694283289,-1.662460876,-1.599237582,-1.560477837,-1.509437583,-1.475227523,-1.421280585,-1.396649901,-1.350149358,-1.306237887,-1.268685273,-1.228353735,-1.179253551,-1.150132395,-1.100913057,-1.073760479,-1.03022543,-1.00356276,-0.951142747,-0.908231074,-0.879159652,-0.837997493,-0.790147332,-0.749309258,-0.708779936,-0.667369685,-0.62552111,-0.608389261,-0.571640015,-0.524865111,-0.511851333,-0.478422612,-0.387571139,-0.404212876,-0.398100727,-0.311271476,-0.301508852,-0.308508289,-0.324402194,-0.256508266
1970,-1.67685107,-2.918652692,-3.137868621,-3.19314197,-3.211831629,-3.419075024,-3.317854924,-3.361510743,-3.48945499,-3.510041521,-3.465973894,-3.334419009,-3.477555766,-3.511449283,-3.295849483,-3.305394801,-3.123782159,-3.035269079,-2.937794191,-2.916139199,-2.901356274,-2.961379838,-2.971428747,-2.932929144,-2.924453039,-2.921180817,-2.914352712,-2.921180817,-2.928117993,-2.903089987,-2.850780887,-2.810509686,-2.763210901,-2.781202002,-2.818442226,-2.780153614,-2.677987561,-2.655804284,-2.638272164,-2.650916831,-2.589729036,-2.552686891,-2.524910197,-2.477425367,-2.417936637,-2.373146585,-2.315962963,-2.292941059,-2.243363892,-2.210842508,-2.130416292,-2.081131257,-2.079615758,-2.042440598,-2.048613905,-1.947729403,-1.922813846,-1.89766922,-1.833629099,-1.805430161,-1.738523011,-1.694756142,-1.654940094,-1.60185158,-1.577820685,-1.515074089,-1.483477847,-1.435014545,-1.379281111,-1.354862769,-1.300621951,-1.265784421,-1.225118234,-1.186392327,-1.152692687,-1.085746779,-1.05727781,-1.022724635,-0.97756338,-0.942782874,-0.893764893,-0.861037675,-0.818259283,-0.783330133,-0.740735909,-0.688653083,-0.658440844,-0.612417987,-0.591822808,-0.550120661,-0.525415179,-0.456706932,-0.424760181,-0.433414036,-0.396514607,-0.395242747,-0.345549102,-0.31438633,-0.183763341,-0.247023232,-0.128975532
1971,-1.679666737,-2.877784122,-3.139063379,-3.159893906,-3.257274869,-3.308034897,-3.458420756,-3.347753659,-3.37675071,-3.4225082,-3.410050399,-3.49757288,-3.543633967,-3.322393047,-3.35753548,-3.258848401,-3.122053048,-3.057991947,-2.977159389,-2.978810701,-2.97510404,-2.968995719,-2.954285941,-2.936291441,-3.01278077,-2.951169913,-2.981715692,-2.932557157,-2.917573699,-2.927382523,-2.960189446,-2.854803594,-2.886056648,-2.754981129,-2.760700521,-2.789146635,-2.755970411,-2.653647026,-2.697669071,-2.600499339,-2.610656689,-2.552841969,-2.471340355,-2.464452721,-2.421246216,-2.370998381,-2.327348077,-2.284665316,-2.202040356,-2.205860644,-2.163043263,-2.120273503,-2.091300568,-2.072886388,-1.996625646,-1.99366234,-1.933040802,-1.901494717,-1.844663963,-1.810397407,-1.762230126,-1.704916941,-1.660588313,-1.623715104,-1.571751786,-1.532096053,-1.48950861,-1.442685326,-1.391506058,-1.339305239,-1.322484295,-1.272344898,-1.222906821,-1.19646095,-1.156642622,-1.103672236,-1.077435422,-1.024752059,-0.999526877,-0.948345916,-0.907517967,-0.871071112,-0.830478389,-0.78768186,-0.743330351,-0.717520636,-0.666216303,-0.629605354,-0.609100203,-0.572723299,-0.54443344,-0.50988554,-0.43299835,-0.422674827,-0.417879796,-0.341813966,-0.347593125,-0.346783626,-0.426256041,-0.335569583,-0.388929155
1972,-1.684071617,-2.980468315,-3.132532512,-3.300162274,-3.336299075,-3.318758763,-3.37675071,-3.345823458,-3.395773947,-3.716698771,-3.498940738,-3.447331784,-3.476253533,-3.404503778,-3.396855627,-3.297569464,-3.153044675,-3.046723663,-2.962573502,-3.07007044,-3.010995384,-2.938547521,-2.951946827,-3.004803708,-3.002613616,-2.98088371,-2.980053318,-2.962573502,-2.941194513,-2.945386945,-2.967381239,-2.872895202,-2.914709422,-2.870632404,-2.838033384,-2.801893001,-2.736363931,-2.716698771,-2.680685696,-2.609418121,-2.607654845,-2.595850751,-2.49390104,-2.443697499,-2.463820468,-2.446966984,-2.318758763,-2.291664097,-2.263762901,-2.23462952,-2.133594502,-2.145815456,-2.095554959,-2.019451261,-2.024476287,-1.973140014,-1.975473286,-1.914602378,-1.874648879,-1.815166666,-1.760450279,-1.721497906,-1.676026395,-1.641969923,-1.587119642,-1.546162041,-1.506068178,-1.469697826,-1.417186933,-1.380301584,-1.326361746,-1.303137084,-1.264984277,-1.208007765,-1.18131893,-1.132903913,-1.108892032,-1.046032631,-1.006823983,-0.961685899,-0.941035238,-0.870590492,-0.828577805,-0.803973121,-0.76038524,-0.712738116,-0.69682555,-0.656406304,-0.595032938,-0.578473398,-0.536369757,-0.522344891,-0.45827352,-0.457423524,-0.416025179,-0.426738405,-0.342904928,-0.332203483,-0.363691676,-0.301479288,-0.592593798
1973,-1.683861844,-2.974284616,-3.179798541,-3.304518324,-3.235823868,-3.372634143,-3.375717904,-3.391473966,-3.465973894,-3.581698709,-3.530177984,-3.468521083,-3.508638306,-3.555955204,-3.364516253,-3.27572413,-3.158015195,-3.045757491,-2.998699067,-2.980053318,-2.991825816,-2.980468315,-2.998699067,-2.970210529,-3.039053804,-3.00656377,-2.996108834,-2.92885471,-3.011441043,-2.888737486,-2.91829273,-2.988429556,-2.874518734,-2.86106606,-2.818442226,-2.845576027,-2.827981191,-2.735418271,-2.69572495,-2.674074044,-2.586197483,-2.581532979,-2.505845406,-2.489053051,-2.409492538,-2.408601449,-2.385735713,-2.286593468,-2.287350298,-2.232028279,-2.158452835,-2.13076828,-2.104246058,-2.044889769,-2.001915112,-2.004803708,-1.934382944,-1.911438688,-1.823908741,-1.807767177,-1.781832252,-1.710767904,-1.691222226,-1.634493296,-1.585728772,-1.53995957,-1.48350429,-1.46165252,-1.417402624,-1.373515918,-1.314885531,-1.274660184,-1.246125977,-1.206831478,-1.15290261,-1.121673566,-1.073811951,-1.046293451,-0.995425004,-0.935714265,-0.906214221,-0.866812501,-0.820103667,-0.775619757,-0.729046469,-0.705123923,-0.678138629,-0.610233409,-0.597907208,-0.547643065,-0.520966276,-0.505127743,-0.483245221,-0.3884275,-0.368709479,-0.336974121,-0.381504235,-0.424613534,-0.28166276,-0.559298674,-0.317645502
1974,-1.701059637,-3.048176965,-3.256490235,-3.262807357,-3.304518324,-3.339134522,-3.395773947,-3.353596274,-3.399027104,-3.511449283,-3.500312917,-3.575118363,-3.665546249,-3.543633967,-3.273272791,-3.440093375,-3.194499142,-3.043351421,-2.996108834,-3.093664958,-3.073143291,-3.004803708,-3.015472687,-3.021363052,-3.031517051,-3.006123085,-3.010995384,-2.995248844,-3.030118356,-3.035269079,-2.949620244,-2.980053318,-2.93930216,-2.954677021,-2.87095494,-2.787812396,-2.759450752,-2.751291264,-2.684029655,-2.726767166,-2.620331966,-2.50962008,-2.530619864,-2.480040819,-2.410720779,-2.384049948,-2.32707131,-2.291154362,-2.272214826,-2.22250068,-2.159141446,-2.120674699,-2.062632582,-2.049537781,-1.997272527,-1.97085982,-1.974940031,-1.871826985,-1.895273956,-1.799040122,-1.772910662,-1.712332609,-1.669484768,-1.648570912,-1.590624889,-1.541694608,-1.503291705,-1.45369182,-1.414324996,-1.363101072,-1.329865519,-1.27433334,-1.231991231,-1.198932604,-1.150666594,-1.121673566,-1.067708921,-1.023402447,-0.990408895,-0.940955622,-0.896517844,-0.876174483,-0.82383347,-0.784563374,-0.724147555,-0.704694655,-0.662147556,-0.594710001,-0.576208733,-0.555722497,-0.531158092,-0.494006681,-0.435113886,-0.434450861,-0.362929757,-0.363396775,-0.38605041,-0.311796489,-0.296904744,-0.396121954,-0.218720097
1975,-1.708165133,-3.104577454,-3.243363892,-3.294136288,-3.339134522,-3.286509457,-3.390405591,-3.420216403,-3.477555766,-3.440093375,-3.596879479,-3.490797478,-3.468521083,-3.458420756,-3.437707136,-3.335358024,-3.209714836,-3.154281982,-3.08249449,-3.079876674,-3.11407366,-2.980053318,-3.020451625,-3.142667504,-2.978397284,-2.985899678,-3.015922966,-3.005243055,-2.98254927,-2.970210529,-3.034798299,-2.921180817,-2.926648298,-2.869344651,-2.807153885,-2.796423225,-2.754734161,-2.724688645,-2.612076533,-2.698970004,-2.608711951,-2.5636783,-2.505567101,-2.479385478,-2.473144013,-2.390725828,-2.399789694,-2.324130045,-2.288361462,-2.242376254,-2.203356296,-2.127727154,-2.097779472,-2.044119914,-2.011619435,-1.965331444,-1.914317057,-1.920565489,-1.843662899,-1.866493026,-1.76728335,-1.737501449,-1.700950553,-1.657834024,-1.604830925,-1.549874113,-1.522806369,-1.469800302,-1.427407179,-1.389158919,-1.331697968,-1.294367175,-1.264808442,-1.202905657,-1.173730781,-1.130000141,-1.093600304,-1.045260749,-0.990026735,-0.961475211,-0.912115698,-0.872917889,-0.828569026,-0.799663959,-0.745133026,-0.705141543,-0.661497689,-0.631162923,-0.611083928,-0.554799146,-0.52651303,-0.475215848,-0.46447803,-0.414248334,-0.400747003,-0.378091853,-0.372969212,-0.330996631,-0.384904656,-0.387594462,-0.518388273
1976,-1.717831222,-3.060480747,-3.222573178,-3.342944147,-3.446116973,-3.401209493,-3.477555766,-3.360513511,-3.504455662,-3.612610174,-3.440093375,-3.492144128,-3.500312917,-3.562249437,-3.440093375,-3.465973894,-3.293282218,-3.19314197,-3.046240308,-3.021363052,-3.054039296,-2.990124366,-3.045275209,-2.971428747,-2.994390555,-3,-3.003488328,-3.026410377,-3.014573526,-2.965371543,-2.942714356,-2.930331903,-2.917933066,-2.928486195,-2.92628165,-2.842543232,-2.823619308,-2.736363931,-2.750312572,-2.684659523,-2.612610174,-2.564633493,-2.550984684,-2.440213032,-2.508638306,-2.417141538,-2.342370569,-2.349012906,-2.278024598,-2.213745604,-2.167810539,-2.128251981,-2.108518296,-2.067983094,-2.030630688,-1.970007825,-1.914067554,-1.862139718,-1.89245087,-1.822752164,-1.816986537,-1.710344169,-1.697928946,-1.658664415,-1.620893995,-1.570635368,-1.522430206,-1.479529568,-1.432820657,-1.377236978,-1.341158987,-1.294161936,-1.263380431,-1.221841511,-1.167625228,-1.131431967,-1.083877821,-1.047086533,-1.00772933,-0.95208293,-0.919806581,-0.879718987,-0.830557761,-0.801342913,-0.738791868,-0.709337786,-0.675156001,-0.616958798,-0.586750543,-0.562037097,-0.517109274,-0.447852763,-0.421815949,-0.405489223,-0.411830294,-0.330350319,-0.381965508,-0.31762655,-0.415198545,-0.406915617,-0.383626376
1977,-1.727021891,-3.148741651,-3.199282922,-3.289036881,-3.305394801,-3.4225082,-3.359518563,-3.459670525,-3.525783736,-3.515700161,-3.625251654,-3.536107011,-3.501689446,-3.591760035,-3.366531544,-3.347753659,-3.254144805,-3.164309429,-3.143875556,-3.020451625,-3.102922997,-3.050609993,-3.060980224,-3.109020403,-3.025949097,-3.04431225,-3.068033885,-3.067019178,-2.986741335,-3.010995384,-2.919734373,-2.939679971,-2.929962133,-2.876148359,-2.838033384,-2.808269607,-2.807432547,-2.783306401,-2.739928612,-2.679230772,-2.656394492,-2.585026652,-2.480040819,-2.474178048,-2.435333936,-2.416234632,-2.328734567,-2.31309573,-2.256255121,-2.236122969,-2.196201592,-2.152797636,-2.091407761,-2.064996849,-2.004935466,-1.959555902,-1.919048996,-1.873381624,-1.837824063,-1.838033384,-1.77314243,-1.780363089,-1.690518881,-1.647624505,-1.623386549,-1.550213153,-1.519202843,-1.476695855,-1.442360485,-1.390853988,-1.33382847,-1.307902511,-1.260886716,-1.214862436,-1.172275423,-1.126976006,-1.103022087,-1.047280188,-0.998976273,-0.965560059,-0.908304911,-0.888646738,-0.832981161,-0.787253235,-0.74900701,-0.724446798,-0.677660774,-0.624632722,-0.591054879,-0.5584054,-0.523564023,-0.490852608,-0.439275805,-0.406811439,-0.410587738,-0.356428896,-0.306662684,-0.315513708,-0.257072298,-0.404042172,-0.471332641
1978,-1.764825193,-3.13076828,-3.239577517,-3.325138859,-3.326979093,-3.42365865,-3.387216143,-3.510041521,-3.537602002,-3.525783736,-3.420216403,-3.528708289,-3.581698709,-3.473660723,-3.48945499,-3.284832642,-3.355561411,-3.023650021,-3.111820506,-3.090979146,-3.069560405,-3.026410377,-3.053547735,-3.124360063,-3.025028006,-3.025488307,-3.052566278,-3.019996628,-3.026410377,-3.041914151,-2.961379838,-2.93930216,-2.965371543,-2.887730232,-2.853871964,-2.828566099,-2.811634074,-2.73754891,-2.66695597,-2.674895017,-2.658763377,-2.557990841,-2.56050941,-2.478469659,-2.446723954,-2.396422632,-2.394264106,-2.267525823,-2.262171494,-2.23485321,-2.176069545,-2.119357874,-2.108295324,-2.043927663,-1.990506612,-1.961459314,-1.908755234,-1.888300722,-1.821109345,-1.789842062,-1.801975574,-1.70060167,-1.75276345,-1.625691669,-1.60739097,-1.581549549,-1.50675113,-1.481828366,-1.435973423,-1.387120821,-1.343777184,-1.305386028,-1.260427656,-1.212759208,-1.170747702,-1.133913606,-1.09374579,-1.052159624,-1.008698594,-0.950619147,-0.918904843,-0.876988372,-0.837764276,-0.804667791,-0.754504606,-0.73147351,-0.680675286,-0.636061012,-0.630363044,-0.560999076,-0.542986046,-0.51602636,-0.44491402,-0.405194348,-0.432346772,-0.381085226,-0.358662744,-0.295985114,-0.313316372,-0.33383409,-0.325339066
1979,-1.803436965,-3.048662481,-3.333482019,-3.355561411,-3.381951903,-3.307153081,-3.443697499,-3.504455662,-3.457174573,-3.417936637,-3.515700161,-3.583359493,-3.653647026,-3.632644079,-3.519993057,-3.406713933,-3.278189385,-3.202732459,-3.174573882,-3.139661993,-3.090979146,-3.039053804,-3.080921908,-3.04383157,-3.036684489,-3.003050752,-3.054039296,-2.990974258,-3.104025268,-2.983802646,-3.024568191,-2.958212681,-2.857297754,-2.872895202,-2.891773344,-2.787546039,-2.779891912,-2.697236292,-2.662540739,-2.630227711,-2.6181632,-2.549904924,-2.544698228,-2.46470588,-2.459045191,-2.393726147,-2.356843534,-2.330776126,-2.275396485,-2.230032199,-2.152489035,-2.141102043,-2.118843679,-2.041101805,-2.013586595,-1.952958897,-1.937530834,-1.878079214,-1.838482267,-1.789922376,-1.742729518,-1.721589399,-1.68839446,-1.666008938,-1.569264004,-1.57672135,-1.524939286,-1.484073197,-1.446250436,-1.38548243,-1.354548255,-1.308211476,-1.259811063,-1.226469528,-1.172294796,-1.132031918,-1.095208744,-1.04071528,-1.011704196,-0.961387785,-0.92223251,-0.879788132,-0.833451485,-0.806808592,-0.755863955,-0.722918218,-0.681337835,-0.638045635,-0.601376082,-0.576189092,-0.544495818,-0.483134239,-0.46814188,-0.450585947,-0.386615961,-0.410268159,-0.332744159,-0.353195496,-0.265833278,-0.422718505,-0.50234621
1980,-1.795581542,-3.065501549,-3.260427656,-3.314258261,-3.37161107,-3.375717904,-3.326058001,-3.320572103,-3.53313238,-3.465973894,-3.571865206,-3.476253533,-3.571865206,-3.49757288,-3.514278574,-3.4225082,-3.377785977,-3.124938737,-3.128427064,-3.116338565,-3.072629637,-3.028724151,-3.025949097,-3.031984286,-3.037157319,-3.048176965,-3.010995384,-3.045275209,-3.010995384,-3.019088062,-2.947306058,-2.980053318,-2.948847478,-2.887060024,-2.888401475,-2.84863015,-2.798876103,-2.748118545,-2.701146924,-2.669383333,-2.574955125,-2.564633493,-2.485717952,-2.482012797,-2.436044535,-2.381219975,-2.366329594,-2.31229272,-2.246493543,-2.162664132,-2.138465589,-2.113001954,-2.075358953,-2.03498655,-1.975145052,-1.943819577,-1.910448117,-1.868317191,-1.812422881,-1.762959209,-1.717785867,-1.707611002,-1.655941928,-1.639652769,-1.629098495,-1.536301069,-1.511111004,-1.463946845,-1.421957065,-1.376285643,-1.321718408,-1.275470183,-1.243569298,-1.18440233,-1.163669554,-1.114152733,-1.067368984,-1.03168987,-0.975341962,-0.941406971,-0.893207561,-0.847082079,-0.795451363,-0.773423292,-0.732825924,-0.693182676,-0.656689897,-0.608727828,-0.574754427,-0.5499419,-0.497183828,-0.465561383,-0.433705135,-0.383082539,-0.339512086,-0.333467044,-0.318987732,-0.275173008,-0.292468146,-0.30131151,-0.297332562
1981,-1.819243508,-3.053547735,-3.193820026,-3.462180905,-3.431798276,-3.442492798,-3.404503778,-3.424812155,-3.465973894,-3.496209317,-3.57024772,-3.560667306,-3.795880017,-3.525783736,-3.4867824,-3.366531544,-3.311580178,-3.18243463,-3.046723663,-3.105683937,-3.13430394,-3.13430394,-3.058488567,-3.015922966,-3.04769199,-3.031050319,-3.018634491,-3.041914151,-2.980053318,-3.054531415,-2.963770456,-2.89279003,-2.872571222,-2.890759031,-2.873219423,-2.800793521,-2.756713854,-2.752272167,-2.770830297,-2.703554206,-2.622329561,-2.579054594,-2.569280112,-2.457174573,-2.463062977,-2.384997385,-2.328086988,-2.32330639,-2.277283833,-2.224535191,-2.167810539,-2.127028369,-2.06833876,-2.046626949,-2.013228266,-1.954207767,-1.902465053,-1.87432359,-1.811324577,-1.787386303,-1.748459111,-1.689774151,-1.662221375,-1.646872713,-1.599513818,-1.580953423,-1.508134257,-1.490125715,-1.449270357,-1.390619056,-1.356093526,-1.313211844,-1.261306626,-1.209412273,-1.173335735,-1.132815456,-1.091129113,-1.029620576,-0.99939675,-0.954813983,-0.913198979,-0.867759527,-0.833818633,-0.794733366,-0.753999026,-0.707177057,-0.663806528,-0.65086629,-0.596927546,-0.581460078,-0.52642399,-0.510704008,-0.502527132,-0.422365757,-0.407766599,-0.373838315,-0.368589718,-0.350773241,-0.293091989,-0.318478371,-0.227293321
1982,-1.822607808,-3.195860568,-3.330683119,-3.305394801,-3.389339837,-3.37675071,-3.49757288,-3.53313238,-3.562249437,-3.585026652,-3.617982957,-3.642065153,-3.527243551,-3.465973894,-3.514278574,-3.431798276,-3.268411235,-3.129011186,-3.104577454,-3.174573882,-3.217527376,-3.124938737,-3.097997109,-3.093664958,-3.024568191,-3.025488307,-3.149353765,-3.04431225,-3.017728767,-3.057991947,-2.971835581,-2.929592678,-2.873868593,-2.920456993,-2.884389488,-2.803271277,-2.80161787,-2.76853041,-2.689731633,-2.695940534,-2.61672335,-2.574302787,-2.542875374,-2.494036482,-2.449649328,-2.430977414,-2.335076107,-2.299209779,-2.260981754,-2.206000199,-2.177047759,-2.115601174,-2.091729501,-2.031283623,-2.027936084,-1.954481437,-1.935317434,-1.894557945,-1.84284556,-1.799998135,-1.757607669,-1.722987061,-1.636124891,-1.612716981,-1.612503393,-1.546895802,-1.543042151,-1.458408277,-1.435736466,-1.41468594,-1.343671769,-1.311259915,-1.263404326,-1.216711154,-1.181655319,-1.127989488,-1.090160595,-1.038507716,-0.988484534,-0.955566082,-0.908290846,-0.868557784,-0.828215059,-0.797476265,-0.754786012,-0.723577261,-0.685103079,-0.635250194,-0.619886486,-0.557178574,-0.537766766,-0.478918169,-0.454274875,-0.40941115,-0.383631629,-0.336224657,-0.399687211,-0.425518458,-0.282272094,-0.349420521,-0.15585846
1983,-1.838691905,-3.084600165,-3.415668776,-3.335358024,-3.455931956,-3.432973634,-3.478861916,-3.410050399,-3.517126416,-3.521433504,-3.504455662,-3.53313238,-3.519993057,-3.581698709,-3.484126156,-3.356547324,-3.273272791,-3.229147988,-3.149353765,-3.127843727,-3.231361899,-3.084072788,-3.089375595,-3.056011125,-3.068542129,-3.053056729,-3.013228266,-3.020907099,-2.964170175,-3.025488307,-2.951558196,-2.968591536,-2.948461609,-2.927015255,-2.838931615,-2.784891419,-2.772627558,-2.780415474,-2.666351243,-2.660946264,-2.611011215,-2.632830511,-2.480565805,-2.484788696,-2.408601449,-2.372531728,-2.319392571,-2.286509457,-2.25352149,-2.186953035,-2.160207816,-2.115091406,-2.08375667,-2.029932203,-1.992209563,-1.960744556,-1.912005745,-1.86312096,-1.824691175,-1.784336004,-1.750728247,-1.68894581,-1.65813041,-1.614090005,-1.585712042,-1.563566997,-1.502517463,-1.490004908,-1.403270987,-1.375212725,-1.338869096,-1.305939107,-1.253708391,-1.2229939,-1.162096055,-1.125321084,-1.084278389,-1.034046111,-0.983459698,-0.944575795,-0.909667866,-0.863701252,-0.83338046,-0.772946706,-0.738468309,-0.70675681,-0.660685726,-0.622225823,-0.576226738,-0.573061161,-0.516748002,-0.487026259,-0.443286321,-0.41326758,-0.38686673,-0.358865129,-0.371214766,-0.285248726,-0.16603163,-0.357361401,-0.217142701
1984,-1.847711656,-3.120330794,-3.322393047,-3.46470588,-3.441291429,-3.407823243,-3.48945499,-3.507239611,-3.603800653,-3.681936665,-3.777283529,-3.684029655,-3.642065153,-3.490797478,-3.57024772,-3.42945706,-3.229884705,-3.222573178,-3.213248578,-3.108462542,-3.195860568,-3.160521953,-3.131355562,-3.13430394,-3.115204636,-3.105130343,-3.056011125,-3.066006836,-3.038104526,-3.010995384,-2.986320303,-2.948076084,-2.949233689,-2.912928794,-2.833569886,-2.863596552,-2.763210901,-2.740884156,-2.660548559,-2.647431614,-2.629857153,-2.565271458,-2.552531869,-2.479909672,-2.440093375,-2.421475395,-2.298691115,-2.276955008,-2.271240525,-2.190574971,-2.166916666,-2.110978578,-2.081340707,-2.056258234,-1.976007195,-1.963730504,-1.920710194,-1.876998187,-1.830119927,-1.766648472,-1.736009067,-1.699774193,-1.654332264,-1.622456992,-1.568684493,-1.549843305,-1.550861147,-1.471006213,-1.462999913,-1.370651573,-1.345149909,-1.324891024,-1.271256745,-1.223654822,-1.187006473,-1.138035689,-1.082064085,-1.048881141,-1.008516969,-0.948199415,-0.916124878,-0.871966028,-0.840823968,-0.783430352,-0.748989953,-0.717287277,-0.674958707,-0.62952392,-0.617766765,-0.567420307,-0.521481121,-0.490235813,-0.4593665,-0.38687308,-0.447241771,-0.364605735,-0.315108878,-0.371399594,-0.316292112,-0.216322913,-0.189006453
1985,-1.900802945,-3.131943638,-3.36552273,-3.449771647,-3.500312917,-3.514278574,-3.463441557,-3.521433504,-3.59345982,-3.586700236,-3.548213564,-3.688246139,-3.539102157,-3.607303047,-3.539102157,-3.393618635,-3.437707136,-3.218244625,-3.073657553,-3.137272472,-3.161150909,-3.177831921,-3.155522824,-3.079354999,-3.030118356,-3.029188389,-3.144480844,-3.051587034,-3.100726813,-2.990974258,-3.010105436,-3.04383157,-2.913284336,-2.91721463,-2.864549301,-2.829151796,-2.803547458,-2.776504059,-2.682981899,-2.67223251,-2.597051171,-2.555799011,-2.521577812,-2.468010449,-2.430158101,-2.389978975,-2.354283061,-2.285754089,-2.260744197,-2.216382235,-2.175028539,-2.088097004,-2.105739336,-2.032452024,-2.010995384,-1.980675963,-1.924781621,-1.867452158,-1.841727995,-1.786987221,-1.761477188,-1.696631123,-1.674361208,-1.602077363,-1.58211331,-1.529648321,-1.504233716,-1.516512552,-1.460096267,-1.426931036,-1.334381491,-1.309662133,-1.283329024,-1.216353645,-1.187962797,-1.144051003,-1.087863003,-1.051939308,-0.995016939,-0.966781376,-0.910543538,-0.89577245,-0.836781956,-0.800420331,-0.755534849,-0.699902567,-0.674305812,-0.650118572,-0.586968609,-0.559539606,-0.554702557,-0.493798132,-0.469677333,-0.434413072,-0.401428337,-0.378632588,-0.355257216,-0.329323778,-0.280486414,-0.220960802,-0.113252158
1986,-1.909354042,-3.106238238,-3.274088368,-3.454692884,-3.400116928,-3.595166283,-3.4867824,-3.463441557,-3.521433504,-3.573488739,-3.709965389,-3.591760035,-3.764471553,-3.723538196,-3.478861916,-3.431798276,-3.2915791,-3.171984936,-3.126679398,-3.216811309,-3.141462802,-3.156144577,-3.093126465,-3.087246696,-3.099632871,-3.124938737,-3.032452024,-3.094743951,-3.006123085,-3.009217308,-2.996108834,-3.029188389,-2.92628165,-2.948461609,-2.842241114,-2.867420152,-2.799149502,-2.773400095,-2.718739313,-2.625434939,-2.600845666,-2.560983272,-2.467118281,-2.455435903,-2.449038248,-2.376543952,-2.360613131,-2.319211388,-2.260427656,-2.198802166,-2.165642887,-2.131414333,-2.091300568,-2.037820147,-2.00515515,-1.945425245,-1.894353587,-1.861444695,-1.835617399,-1.81171852,-1.732335568,-1.706770075,-1.670642806,-1.627824714,-1.59345982,-1.530855718,-1.495488361,-1.449465913,-1.470954829,-1.384113047,-1.390053603,-1.292557576,-1.27698788,-1.227957153,-1.177256731,-1.138435721,-1.100354563,-1.057967131,-1.002534978,-0.96079217,-0.936606587,-0.879011713,-0.828019186,-0.792947595,-0.746606257,-0.716900132,-0.657425343,-0.626837798,-0.597121584,-0.570638599,-0.539765376,-0.502244043,-0.453717745,-0.406472479,-0.39169866,-0.336318859,-0.340955163,-0.229773381,-0.341051348,-0.197411659,-0.223726785
1987,-1.920710194,-3.143875556,-3.473660723,-3.477555766,-3.388276692,-3.628932138,-3.454692884,-3.559090918,-3.630784143,-3.554395797,-3.573488739,-3.632644079,-3.705533774,-3.665546249,-3.530177984,-3.552841969,-3.351639989,-3.204119983,-3.074687909,-3.085128182,-3.191114133,-3.137272472,-3.14327111,-3.147520006,-3.090979146,-3.121478204,-3.120330794,-3.119186408,-3.031517051,-3.053547735,-3.026872146,-2.940815382,-2.994819487,-2.929962133,-2.945004138,-2.906928694,-2.790484985,-2.775725986,-2.736363931,-2.666351243,-2.640354207,-2.561615893,-2.508638306,-2.48399377,-2.466100899,-2.401975928,-2.334325219,-2.302857874,-2.262012674,-2.21502629,-2.186152246,-2.10204319,-2.121535655,-2.037725395,-2.004540313,-1.987880164,-1.913996294,-1.88669185,-1.841697831,-1.802802173,-1.768912879,-1.730837435,-1.682856338,-1.636895934,-1.603608838,-1.561821693,-1.516669505,-1.471919286,-1.429013652,-1.425598292,-1.36465702,-1.382758451,-1.273990418,-1.243523644,-1.227157745,-1.147849512,-1.123614711,-1.06663421,-1.024940604,-1.003028884,-0.93168053,-0.905619723,-0.858750958,-0.824491086,-0.770996873,-0.728195554,-0.702283249,-0.649854751,-0.634203252,-0.582146495,-0.554503216,-0.516067687,-0.497996455,-0.431591742,-0.411667776,-0.367300826,-0.426774372,-0.366966056,-0.269651428,-0.434763929,-0.257417039
1988,-1.948191706,-3.18243463,-3.42136079,-3.557520231,-3.35261703,-3.580044252,-3.555955204,-3.560667306,-3.568636236,-3.600326279,-3.739928612,-3.721246399,-3.653647026,-3.53313238,-3.560667306,-3.465973894,-3.294136288,-3.319664487,-3.102922997,-3.170696227,-3.143875556,-3.126098402,-3.132532512,-3.106793247,-3.104025268,-3.230622674,-3.168130226,-3.089375595,-3.147520006,-3.026872146,-3.014124643,-3.017276612,-2.957424488,-2.895512889,-2.912928794,-2.85917782,-2.792634963,-2.727694156,-2.723078868,-2.645891561,-2.594141601,-2.56035157,-2.530030791,-2.494443061,-2.44660249,-2.411056357,-2.341511619,-2.307329301,-2.247797847,-2.226945307,-2.19239733,-2.132650383,-2.108574057,-2.053646003,-2.018951941,-1.977819161,-1.954872693,-1.874388628,-1.846368035,-1.807544061,-1.760925862,-1.725357305,-1.69231146,-1.655764965,-1.601348332,-1.561663377,-1.522734005,-1.482790902,-1.439555327,-1.416291258,-1.402590051,-1.335546071,-1.321008434,-1.239569977,-1.205769958,-1.184242993,-1.134274357,-1.091284491,-1.03182537,-0.997570417,-0.945463547,-0.909280027,-0.886675122,-0.838263752,-0.781527517,-0.741872966,-0.706867362,-0.675818412,-0.630782287,-0.608736648,-0.562016502,-0.552472975,-0.481853392,-0.472567316,-0.434700116,-0.425550853,-0.375642605,-0.362336187,-0.293326588,-0.27137355,-0.292666622
1989,-2.005550863,-3.186419011,-3.472370099,-3.37161107,-3.4710833,-3.586700236,-3.522878745,-3.503070352,-3.617982957,-3.725842151,-3.714442691,-3.600326279,-3.640164518,-3.632644079,-3.540607512,-3.511449283,-3.403402904,-3.277366077,-3.166215625,-3.179142011,-3.170053304,-3.14327111,-3.109020403,-3.068542129,-3.031984286,-3.119186408,-3.168770306,-3.107348966,-3.089375595,-3.051098239,-3.019088062,-2.977571629,-2.974284616,-2.901702464,-2.921180817,-2.905528871,-2.797239313,-2.785156152,-2.736127323,-2.67840157,-2.614930224,-2.565111879,-2.538951908,-2.487315604,-2.453333975,-2.372634143,-2.335264031,-2.308299792,-2.266642212,-2.200659451,-2.199008139,-2.159642941,-2.089482314,-2.052174316,-2.007269796,-1.985647499,-1.937643682,-1.900733828,-1.83791376,-1.798302524,-1.77525981,-1.718421265,-1.701780277,-1.646603157,-1.609524146,-1.546926402,-1.534855183,-1.490340566,-1.439794377,-1.391441877,-1.371672386,-1.351230286,-1.296493678,-1.271151323,-1.191026473,-1.16578282,-1.13060985,-1.076377823,-1.049197177,-1.002093997,-0.948226398,-0.907349522,-0.858051936,-0.826577703,-0.775270164,-0.720371834,-0.70139797,-0.665178461,-0.627581459,-0.587877275,-0.546716833,-0.496795124,-0.448553662,-0.42883525,-0.40084755,-0.368748053,-0.338211916,-0.328254341,-0.290977793,-0.301744563,-0.388095154
1990,-1.953543858,-3.179798541,-3.465973894,-3.443697499,-3.539102157,-3.543633967,-3.598599459,-3.578396073,-3.578396073,-3.698970004,-3.709965389,-3.665546249,-3.675717545,-3.684029655,-3.653647026,-3.440093375,-3.342944147,-3.260427656,-3.106238238,-3.109578981,-3.075204004,-3.032920266,-3.104025268,-3.026410377,-3.159266765,-3.15864053,-3.115204636,-3.07109231,-3.073657553,-2.977159389,-3.017276612,-2.98088371,-2.938547521,-2.890084137,-2.844360366,-2.820735536,-2.755970411,-2.720789487,-2.673664139,-2.64168436,-2.628378073,-2.548674192,-2.53165267,-2.430509046,-2.391367011,-2.359220523,-2.303731003,-2.265360161,-2.25641185,-2.17050325,-2.130064589,-2.151379883,-2.065047292,-2.051342568,-1.97798426,-1.948114621,-1.923687312,-1.878538646,-1.825940192,-1.811212087,-1.749628798,-1.734380417,-1.67311138,-1.635824367,-1.591149737,-1.565431096,-1.508218224,-1.489857301,-1.435097327,-1.399735178,-1.355827387,-1.341664197,-1.303250565,-1.245965265,-1.233549972,-1.148222032,-1.122645934,-1.087687586,-1.048060521,-1.001574998,-0.956779235,-0.920598044,-0.865252498,-0.82828232,-0.80093355,-0.744821602,-0.704446094,-0.655672581,-0.617793783,-0.605508044,-0.546404962,-0.540939392,-0.491275061,-0.41813109,-0.415971983,-0.36860088,-0.374020154,-0.305207086,-0.255451993,-0.433338642,-0.339531068
1991,-1.987795704,-3.171340103,-3.417936637,-3.496209317,-3.434152181,-3.627087997,-3.632644079,-3.653647026,-3.688246139,-3.628932138,-3.628932138,-3.723538196,-3.630784143,-3.610833916,-3.543633967,-3.385102784,-3.281498311,-3.187755303,-3.118615343,-3.091514981,-3.062482108,-3.159893906,-3.060980224,-3.116906641,-3.100726813,-3.083546051,-3.101274818,-3.015922966,-3.048662481,-3.046240308,-3.088842391,-2.985899678,-2.954677021,-2.877456476,-2.855114582,-2.837734386,-2.882397308,-2.745935547,-2.725380381,-2.62178385,-2.631713115,-2.590743348,-2.535063571,-2.431798276,-2.473660723,-2.357139947,-2.340654364,-2.243363892,-2.255003326,-2.237321436,-2.161969917,-2.138226703,-2.105850153,-2.079667928,-2.025764723,-1.976706377,-1.942029768,-1.885555828,-1.875560989,-1.803713251,-1.789280284,-1.725819051,-1.709030991,-1.676314853,-1.628378073,-1.590033081,-1.538771678,-1.49918741,-1.457959251,-1.437457339,-1.383377471,-1.349721625,-1.309378697,-1.289908033,-1.240755326,-1.21624645,-1.124498874,-1.114101899,-1.063632052,-1.026009036,-0.981137295,-0.92546148,-0.886912717,-0.831652807,-0.80606603,-0.76837242,-0.715684341,-0.673946932,-0.631244665,-0.592937278,-0.535652061,-0.510348024,-0.486774407,-0.456806388,-0.42824809,-0.36285464,-0.346048849,-0.3006341,-0.335931822,-0.2959027,-0.290047749
1992,-2.009394789,-3.205511953,-3.37675071,-3.474955193,-3.590066877,-3.548213564,-3.600326279,-3.591760035,-3.681936665,-3.70333481,-3.603800653,-3.779891912,-3.557520231,-3.653647026,-3.562249437,-3.57024772,-3.316952962,-3.234331445,-3.079354999,-3.101823517,-3.091514981,-3.055517328,-3.039529222,-3.099632871,-3.088309841,-3.069560405,-3.13667714,-3.025028006,-3.034798299,-3.044793462,-3.013676223,-2.951558196,-2.923359556,-2.907981529,-2.893809103,-2.815308569,-2.805763251,-2.761953897,-2.724688645,-2.657577319,-2.639974911,-2.568797115,-2.552067134,-2.462432743,-2.432620692,-2.392116256,-2.351639989,-2.320027306,-2.260269471,-2.218891164,-2.205721134,-2.153848523,-2.117589316,-2.059583135,-2.017186238,-1.990166821,-1.960784234,-1.919301377,-1.863025904,-1.817043531,-1.777803954,-1.754191323,-1.705599915,-1.677036838,-1.644069813,-1.602529283,-1.555674097,-1.526600628,-1.476058535,-1.43568909,-1.409648667,-1.377412996,-1.32105391,-1.294204686,-1.288800365,-1.213624846,-1.187862384,-1.091901192,-1.087342273,-1.036434097,-0.995820548,-0.960173596,-0.910624839,-0.870632404,-0.825434343,-0.78448669,-0.736484651,-0.691448391,-0.653717457,-0.621563941,-0.574014439,-0.546615909,-0.484147342,-0.475272928,-0.46543834,-0.416272004,-0.401587067,-0.360816427,-0.398128968,-0.257071513,-0.414681426
1993,-2.070172519,-3.175223538,-3.442492798,-3.54515514,-3.576754126,-3.661543506,-3.669586227,-3.671620397,-3.709965389,-3.598599459,-3.657577319,-3.785156152,-3.838631998,-3.600326279,-3.525783736,-3.437707136,-3.37675071,-3.201349355,-3.144480844,-3.090443971,-3.101823517,-3.1123827,-3.1123827,-3.019542108,-3.047207557,-3.042871802,-3.04431225,-3.124360063,-3.133122186,-3.064492734,-2.988006885,-2.955068454,-2.954677021,-2.93516778,-2.936291441,-2.907981529,-2.800244823,-2.801893001,-2.723308471,-2.682563503,-2.66695597,-2.607303047,-2.586700236,-2.544546031,-2.477816682,-2.413300198,-2.395773947,-2.335076107,-2.306273051,-2.230770418,-2.194567112,-2.192532624,-2.162096055,-2.098868749,-2.073657553,-1.987669044,-1.979348732,-1.932259797,-1.894183363,-1.840492963,-1.8296796,-1.763261256,-1.753132278,-1.668673949,-1.66725865,-1.618505867,-1.583775683,-1.557504553,-1.505775813,-1.460534968,-1.423624092,-1.355561411,-1.343662187,-1.292625726,-1.264129751,-1.237096472,-1.18569912,-1.146453879,-1.071634877,-1.040243327,-1.003260733,-0.965993555,-0.906147736,-0.868214578,-0.837570025,-0.793862527,-0.730204623,-0.684615403,-0.659668935,-0.621982046,-0.561422846,-0.520462118,-0.496885109,-0.482974421,-0.449275245,-0.396141416,-0.33999923,-0.366663873,-0.351523867,-0.323538686,-0.258935111
1994,-2.129654629,-3.126679398,-3.364516253,-3.373659633,-3.521433504,-3.603800653,-3.591760035,-3.610833916,-3.657577319,-3.619788758,-3.684029655,-3.659555885,-3.591760035,-3.730487056,-3.485452247,-3.369572125,-3.345823458,-3.199282922,-3.186419011,-3.154281982,-3.070581074,-3.101823517,-3.101274818,-3.086716098,-3.057000407,-3.137868621,-3.03574037,-3.04431225,-3.013228266,-3.079354999,-3.028724151,-2.963770456,-2.951946827,-2.993962045,-2.93516778,-2.916139199,-2.879426069,-2.794795636,-2.749336081,-2.694648631,-2.678194516,-2.584525832,-2.574791949,-2.534617149,-2.489053051,-2.450874073,-2.393403691,-2.325322532,-2.298086789,-2.249491605,-2.204258979,-2.197157887,-2.152982902,-2.099196065,-2.042296958,-2.019315026,-1.986152004,-1.944277734,-1.903402792,-1.876115707,-1.818613805,-1.790806804,-1.746274405,-1.700558079,-1.668066827,-1.636181262,-1.605093249,-1.560241117,-1.511139184,-1.465136589,-1.428547396,-1.395730736,-1.341521153,-1.298026402,-1.264145708,-1.247498278,-1.21026421,-1.141589139,-1.111944126,-1.027329783,-1.002421415,-0.974747401,-0.912080226,-0.873316737,-0.831160872,-0.789504908,-0.737558403,-0.693720834,-0.652933569,-0.619190206,-0.573215561,-0.519599207,-0.524266359,-0.472653707,-0.391739331,-0.409128084,-0.340917076,-0.35953844,-0.330545506,-0.312674411,-0.298406113
1995,-2.128018646,-3.181114585,-3.447331784,-3.557520231,-3.732828272,-3.557520231,-3.617982957,-3.632644079,-3.560667306,-3.657577319,-3.744727495,-3.653647026,-3.617982957,-3.769551079,-3.560667306,-3.42365865,-3.325138859,-3.190440285,-3.081969663,-3.119186408,-3.218244625,-3.129596095,-3.101274818,-3.104577454,-3.093664958,-3.057000407,-3.096367484,-3.15739076,-3.066512712,-3.104025268,-3.048176965,-3.001304842,-2.949233689,-2.964570262,-2.907279355,-2.911863911,-2.813608784,-2.831797253,-2.72607322,-2.684239509,-2.65247484,-2.660747366,-2.543178652,-2.522734005,-2.503347061,-2.455311978,-2.402853512,-2.338376591,-2.320299619,-2.275150912,-2.251734427,-2.163232953,-2.161780778,-2.064895979,-2.052223292,-2.054482178,-1.977901703,-1.951985709,-1.905983319,-1.86918395,-1.825678473,-1.791209413,-1.745355263,-1.733274533,-1.663740448,-1.613073193,-1.591997604,-1.563503409,-1.523617674,-1.477242874,-1.445838047,-1.385799056,-1.33541443,-1.309157391,-1.265248161,-1.218158493,-1.178676476,-1.158008947,-1.098988736,-1.085767943,-0.993409891,-0.963031945,-0.924847367,-0.877734959,-0.827286174,-0.790726327,-0.740468236,-0.695393159,-0.651934747,-0.598647717,-0.58661305,-0.533031599,-0.491805726,-0.460279214,-0.460802165,-0.381080004,-0.393072885,-0.298461372,-0.250157056,-0.296958951,-0.32441961
1996,-2.228853651,-3.2644011,-3.488116639,-3.467245621,-3.596879479,-3.716698771,-3.671620397,-3.728158393,-3.591760035,-3.718966633,-3.798602876,-3.920818754,-3.528708289,-3.8569852,-3.735182177,-3.498940738,-3.363512104,-3.233587153,-3.210419288,-3.15864053,-3.224025669,-3.14691047,-3.228412519,-3.153044675,-3.179142011,-3.08249449,-3.160521953,-3.147520006,-3.080921908,-3.13076828,-3.069050969,-3.065501549,-2.97798426,-2.963770456,-2.973875483,-2.93930216,-2.863596552,-2.827105302,-2.749579998,-2.730253627,-2.663740448,-2.64320954,-2.645315446,-2.575608446,-2.507938395,-2.443697499,-2.427360703,-2.362910726,-2.325782054,-2.300769497,-2.228706557,-2.185885644,-2.128835867,-2.105351696,-2.088842391,-2.039386542,-1.993063549,-1.981674055,-1.941156585,-1.891773344,-1.809360202,-1.825300712,-1.748994827,-1.719740411,-1.703247082,-1.644644277,-1.615754142,-1.574726695,-1.551819479,-1.496577057,-1.455758273,-1.409481388,-1.375037596,-1.322758154,-1.279253762,-1.252829102,-1.199152378,-1.16700597,-1.120863963,-1.074301239,-1.049031837,-0.969983506,-0.948623632,-0.902194527,-0.860284592,-0.818270715,-0.769980476,-0.737162252,-0.682132977,-0.649041019,-0.588334847,-0.574884952,-0.508887747,-0.483707952,-0.456506846,-0.440926871,-0.373421503,-0.375731315,-0.312433586,-0.273523825,-0.348315026
1997,-2.229737262,-3.322393047,-3.280668713,-3.500312917,-3.649751982,-3.640164518,-3.732828272,-3.688246139,-3.809668302,-3.71219827,-3.701146924,-4.080921908,-3.647817482,-3.716698771,-3.568636236,-3.59345982,-3.500312917,-3.220403509,-3.133122186,-3.175223538,-3.102922997,-3.158015195,-3.163043263,-3.081445469,-3.104025268,-3.115204636,-3.147520006,-3.197910742,-3.105130343,-3.109578981,-3.05207638,-2.997402019,-3.038104526,-3.025488307,-2.963770456,-2.940058112,-2.827981191,-2.786747948,-2.798056937,-2.742561433,-2.656985503,-2.628009089,-2.586700236,-2.528121801,-2.490663042,-2.458545571,-2.447575154,-2.382789905,-2.296021175,-2.280751602,-2.233141189,-2.193209728,-2.153539175,-2.112326448,-2.086345065,-2.031376979,-2.018407883,-1.973671061,-1.960030973,-1.88585625,-1.845119755,-1.821886748,-1.768504924,-1.734474665,-1.693253392,-1.661443909,-1.615915527,-1.587993305,-1.527814211,-1.518672052,-1.469954062,-1.41644985,-1.380697924,-1.337100574,-1.287636556,-1.256114114,-1.209011525,-1.17762921,-1.133659485,-1.10905948,-1.053469137,-1.012923919,-0.932137195,-0.907317945,-0.86626315,-0.818808343,-0.769778504,-0.730297969,-0.690014453,-0.659056436,-0.592828423,-0.56717817,-0.514427622,-0.464460313,-0.423624092,-0.398304969,-0.402823865,-0.375764328,-0.311252801,-0.27680219,-0.316400084
1998,-2.278271801,-3.290730039,-3.518557371,-3.63638802,-4.013228266,-3.876148359,-3.707743929,-3.772113295,-3.671620397,-3.832682665,-3.749579998,-3.886056648,-3.777283529,-3.709965389,-3.507239611,-3.524328812,-3.350665141,-3.248720896,-3.185086819,-3.237321436,-3.129596095,-3.172630727,-3.278189385,-3.1837587,-3.179142011,-3.13076828,-3.209714836,-3.186419011,-3.169411331,-3.07007044,-3.18243463,-3.106238238,-3.080921908,-3.105683937,-2.978397284,-2.973058372,-2.882066165,-2.890759031,-2.85823677,-2.754981129,-2.737311656,-2.673869043,-2.619065537,-2.571217489,-2.49757288,-2.484523559,-2.428524096,-2.384365531,-2.367036832,-2.329939783,-2.268733651,-2.230032199,-2.172630727,-2.158765704,-2.073451775,-2.060680469,-2.010327752,-1.989572827,-1.947267593,-1.925073903,-1.858612945,-1.846856143,-1.810200989,-1.756292413,-1.734262636,-1.686955767,-1.649228817,-1.595439941,-1.572546351,-1.512550515,-1.482447836,-1.440787844,-1.399125077,-1.359846644,-1.317412728,-1.259818963,-1.220800471,-1.188948071,-1.142860566,-1.102697376,-1.058329587,-1.013438748,-1.001535772,-0.903030927,-0.88009777,-0.833129007,-0.771776783,-0.7345053,-0.700096286,-0.660512783,-0.616376699,-0.568073626,-0.546047503,-0.506792978,-0.456582644,-0.404467405,-0.406256614,-0.38179705,-0.300792067,-0.324451694,-0.362007221
1999,-2.336959025,-3.316952962,-3.610833916,-3.735182177,-3.821023053,-3.823908741,-3.779891912,-3.657577319,-3.583359493,-3.823908741,-3.647817482,-3.8569852,-3.774690718,-3.616184634,-3.823908741,-3.575118363,-3.484126156,-3.236572006,-3.203425667,-3.202732459,-3.207608311,-3.168130226,-3.1123827,-3.207608311,-3.11463878,-3.197226275,-3.18243463,-3.174573882,-3.07211659,-3.134896025,-3.066512712,-3.037157319,-3.11463878,-3.030584088,-2.991399828,-2.956244873,-2.924453039,-2.91150953,-2.835052627,-2.803823815,-2.776763727,-2.700492701,-2.62178385,-2.623058243,-2.55315229,-2.51413667,-2.460672936,-2.40428338,-2.351444844,-2.304868702,-2.302160632,-2.222645687,-2.187956102,-2.146849564,-2.128777443,-2.051147094,-2.05774385,-1.97621272,-1.959318561,-1.909777228,-1.874518734,-1.83434028,-1.789066465,-1.760325212,-1.729600693,-1.685079944,-1.655371974,-1.628045973,-1.578955752,-1.54090921,-1.501207165,-1.450420515,-1.406459192,-1.366047021,-1.323087013,-1.283003926,-1.232858982,-1.184601585,-1.142179197,-1.113887332,-1.04680105,-1.030924387,-0.959975521,-0.949744014,-0.852502994,-0.829022875,-0.799904978,-0.743886261,-0.680421369,-0.643356621,-0.612569238,-0.572087271,-0.500779072,-0.49165077,-0.429816786,-0.405521262,-0.371212724,-0.364603724,-0.300481394,-0.277409674,-0.179092811
2000,-2.378719832,-3.406713933,-3.669586227,-3.519993057,-3.71219827,-3.718966633,-3.675717545,-3.876148359,-3.882728704,-3.698970004,-3.782516056,-3.906578315,-3.679853714,-3.756961951,-3.508638306,-3.503070352,-3.41453927,-3.330683119,-3.186419011,-3.167491087,-3.189767482,-3.129596095,-3.142667504,-3.195179321,-3.15739076,-3.186419011,-3.125518182,-3.283162277,-3.141462802,-3.127261173,-3.106238238,-3.085656843,-3.089375595,-3.059483515,-3.001304842,-2.974284616,-2.935542011,-2.852014679,-2.866780543,-2.861697302,-2.749579998,-2.719194072,-2.627456199,-2.591760035,-2.543026986,-2.490394295,-2.440811811,-2.397180658,-2.354381262,-2.320299619,-2.257667718,-2.241088108,-2.193209728,-2.155647104,-2.114356128,-2.077222658,-2.049781233,-2.005199101,-1.968753164,-1.930776043,-1.887126998,-1.856454373,-1.81389162,-1.776581943,-1.745379426,-1.715794932,-1.666754301,-1.61946316,-1.573196054,-1.541301732,-1.506444366,-1.466088197,-1.424904568,-1.39086467,-1.33898283,-1.281199473,-1.249144617,-1.201846765,-1.15392899,-1.129836135,-1.057436406,-1.017878081,-0.983229823,-0.93330145,-0.896623945,-0.805699389,-0.794016555,-0.744329574,-0.695076686,-0.664943481,-0.620225081,-0.562444438,-0.516837935,-0.498640808,-0.473278298,-0.444788223,-0.410678291,-0.317278354,-0.262936233,-0.33874118,-0.240473418
2001,-2.395773947,-3.346787486,-3.671620397,-3.869666232,-3.651695137,-3.790484985,-3.718966633,-3.754487332,-3.966576245,-4.13667714,-3.701146924,-3.876148359,-3.809668302,-3.8569852,-3.73754891,-3.578396073,-3.411168274,-3.332547047,-3.214670165,-3.211831629,-3.118615343,-3.173925197,-3.177178355,-3.120330794,-3.142064735,-3.200659451,-3.166215625,-3.202040356,-3.137868621,-3.174573882,-3.131943638,-3.076755981,-3.110698297,-3.102372909,-3.021363052,-2.980053318,-2.923723745,-2.941194513,-2.8569852,-2.84284556,-2.701146924,-2.751781439,-2.611188587,-2.610833916,-2.551912333,-2.55036735,-2.469160221,-2.44648106,-2.389765825,-2.293111605,-2.286761538,-2.262092077,-2.223734782,-2.164943898,-2.124360063,-2.074791079,-2.065148197,-1.989488037,-1.973752819,-1.939037887,-1.907911261,-1.874193542,-1.846276576,-1.798056937,-1.761677844,-1.715479033,-1.687209308,-1.643534332,-1.601209607,-1.552423386,-1.51349868,-1.49172622,-1.434671757,-1.386538749,-1.356981835,-1.30565809,-1.255605302,-1.211372114,-1.166030994,-1.115329223,-1.075637999,-1.024908407,-0.983041834,-0.955530799,-0.897964408,-0.851702816,-0.776828668,-0.764511954,-0.710377607,-0.671577581,-0.61965668,-0.584559202,-0.545966581,-0.48913073,-0.444123558,-0.441755965,-0.39719258,-0.328086063,-0.437208875,-0.341340985,-0.295407689
2002,-2.374893425,-3.261219442,-3.534617149,-3.835647144,-3.869666232,-3.673664139,-3.764471553,-3.823908741,-3.826813732,-3.906578315,-4.008773924,-4.004364805,-3.876148359,-3.835647144,-3.638272164,-3.477555766,-3.522878745,-3.2915791,-3.185752404,-3.254925208,-3.218963061,-3.131943638,-3.200659451,-3.174573882,-3.177178355,-3.140261434,-3.22475374,-3.210419288,-3.14691047,-3.168130226,-3.119758224,-3.125518182,-3.019542108,-3.003926346,-3.075204004,-3.015472687,-2.94577009,-2.924818145,-2.864549301,-2.828566099,-2.779891912,-2.726767166,-2.664943481,-2.605723473,-2.58552805,-2.524038411,-2.453087357,-2.457672617,-2.386581055,-2.34920696,-2.277366077,-2.245269531,-2.226067353,-2.185419484,-2.150334945,-2.101000729,-2.071604148,-2.024384402,-1.975883927,-1.94290471,-1.90038841,-1.876017764,-1.837584964,-1.807767177,-1.760875776,-1.714397689,-1.683421648,-1.64195088,-1.604865893,-1.578988697,-1.523849754,-1.480434499,-1.448550002,-1.393586386,-1.355049619,-1.313658722,-1.280080659,-1.23357228,-1.17357531,-1.133045483,-1.074749808,-1.032573718,-0.963602684,-0.931624872,-0.91499143,-0.856182965,-0.833697203,-0.735723021,-0.711075929,-0.644446958,-0.635882577,-0.587505853,-0.55031029,-0.497249328,-0.454162403,-0.425570522,-0.386714346,-0.364815939,-0.279046458,-0.351680005,-0.260627841
2003,-2.404834585,-3.42945706,-3.696803943,-3.607303047,-3.774690718,-4.045757491,-4.050609993,-3.821023053,-3.721246399,-3.801342913,-4.004364805,-3.835647144,-3.795880017,-3.645891561,-3.772113295,-3.585026652,-3.543633967,-3.395773947,-3.282329497,-3.179142011,-3.262807357,-3.216811309,-3.159266765,-3.146301788,-3.126679398,-3.209714836,-3.1837587,-3.185086819,-3.179142011,-3.18243463,-3.096910013,-3.17327748,-3.08249449,-2.981299501,-2.956637722,-3.03574037,-2.885722703,-2.88941029,-2.85823677,-2.834458923,-2.803823815,-2.718058067,-2.668572703,-2.639974911,-2.628378073,-2.559405738,-2.477164686,-2.393296259,-2.408045445,-2.353792388,-2.308388126,-2.242603971,-2.206349282,-2.185552621,-2.118045029,-2.085656843,-2.058936012,-2.020588217,-1.962175249,-1.912538034,-1.897875144,-1.873154559,-1.832889521,-1.787892334,-1.779133867,-1.73754891,-1.670622463,-1.641398984,-1.61001927,-1.570473806,-1.517955796,-1.483279578,-1.458533088,-1.408601449,-1.363411816,-1.312810046,-1.255918347,-1.222638435,-1.159354511,-1.140033549,-1.07005513,-1.026156612,-0.97305429,-0.935212671,-0.896740343,-0.834672563,-0.783586,-0.753816668,-0.682488235,-0.638415694,-0.611250684,-0.569557273,-0.504833233,-0.481592673,-0.446506557,-0.412382188,-0.362309181,-0.329921215,-0.349651673,-0.355849066,-0.336988275
2004,-2.415555693,-3.399027104,-3.882728704,-3.838631998,-3.804100348,-4.050609993,-3.950781977,-3.630784143,-4.013228266,-3.853871964,-3.756961951,-3.935542011,-3.886056648,-3.777283529,-3.903089987,-3.627087997,-3.4867824,-3.393618635,-3.222573178,-3.202040356,-3.145086978,-3.227678293,-3.189767482,-3.220403509,-3.250263684,-3.279840697,-3.111820506,-3.211831629,-3.216096421,-3.1837587,-3.229147988,-3.124360063,-3.13430394,-3.109578981,-3.042392713,-2.943857738,-2.962573502,-2.896196279,-2.841637508,-2.872247484,-2.780939668,-2.752517739,-2.709965389,-2.649945906,-2.63395079,-2.569924944,-2.473531488,-2.462432743,-2.393833685,-2.360513511,-2.330869153,-2.283829652,-2.250109159,-2.168642215,-2.148069321,-2.096150662,-2.073914913,-2.05744632,-2.000130308,-1.950045852,-1.917322319,-1.874876727,-1.848415661,-1.816473927,-1.790029483,-1.75503054,-1.7011251,-1.66909944,-1.613822192,-1.579153458,-1.552609373,-1.521577812,-1.46734752,-1.426571372,-1.380750101,-1.342160446,-1.287282971,-1.243637789,-1.19848653,-1.15788399,-1.108228454,-1.04886656,-0.996337017,-0.946026986,-0.909597324,-0.860536525,-0.79981458,-0.769336539,-0.743311112,-0.664335533,-0.628448215,-0.595727467,-0.559130258,-0.514718768,-0.468355061,-0.425194641,-0.389885176,-0.378357466,-0.382167534,-0.398954184,-0.342600865
2005,-2.459420283,-3.548213564,-3.71219827,-3.730487056,-4.107905397,-3.910094889,-3.838631998,-3.910094889,-3.913640169,-3.928117993,-3.853871964,-3.804100348,-3.70333481,-3.661543506,-3.739928612,-3.632644079,-3.588380294,-3.478861916,-3.19859629,-3.22475374,-3.241845378,-3.292429824,-3.145086978,-3.211124884,-3.19859629,-3.173925197,-3.158015195,-3.233587153,-3.21395879,-3.225483034,-3.123205024,-3.081445469,-3.092588639,-3.099086932,-3.032452024,-3.097453221,-2.962175249,-2.923723745,-2.902048929,-2.838033384,-2.807153885,-2.771343042,-2.756713854,-2.695078838,-2.624885315,-2.599289363,-2.502655619,-2.461426266,-2.385313658,-2.352812702,-2.32321497,-2.305219364,-2.263444153,-2.190171039,-2.16678912,-2.121535655,-2.083072534,-2.044649043,-1.998223033,-1.952491494,-1.931554382,-1.870503457,-1.859429111,-1.82684288,-1.800491651,-1.750117098,-1.72646632,-1.676191204,-1.636256436,-1.598306582,-1.560193789,-1.526060723,-1.482434647,-1.434589056,-1.396087357,-1.348489391,-1.295652121,-1.246133631,-1.203071993,-1.150912423,-1.10946162,-1.066993841,-1.00899556,-0.942657265,-0.907837491,-0.867612219,-0.808946013,-0.790120546,-0.7224435,-0.687450309,-0.605318974,-0.578501369,-0.543039118,-0.508821869,-0.465182219,-0.41412097,-0.404086219,-0.344610861,-0.30735574,-0.353810042,-0.262031729
2006,-2.468010449,-3.602059991,-3.63638802,-3.793174124,-3.815308569,-3.954677021,-3.872895202,-3.777283529,-3.995678626,-3.698970004,-3.928117993,-4,-4.060480747,-3.910094889,-3.769551079,-3.688246139,-3.519993057,-3.519993057,-3.249491605,-3.304518324,-3.222573178,-3.207608311,-3.314258261,-3.197910742,-3.185086819,-3.328827157,-3.283996656,-3.302770657,-3.279014256,-3.192464972,-3.226945307,-3.166215625,-3.224025669,-3.119758224,-3.073143291,-3.018634491,-3.022733788,-2.940815382,-2.935542011,-2.861697302,-2.825940192,-2.776763727,-2.74208155,-2.707300997,-2.603975103,-2.603800653,-2.537302592,-2.4597957,-2.438660059,-2.400226061,-2.381219975,-2.31238187,-2.237621571,-2.220187137,-2.171211252,-2.124649303,-2.101000729,-2.064996849,-2.034046111,-1.999262326,-1.941877784,-1.902881576,-1.839711587,-1.831620387,-1.795744322,-1.775570538,-1.741386659,-1.700688865,-1.655686339,-1.623094709,-1.597841828,-1.562582418,-1.498666821,-1.466761926,-1.422002966,-1.367127846,-1.33046928,-1.281465097,-1.236789208,-1.176454046,-1.141757645,-1.092148118,-1.029522948,-0.987420055,-0.936463993,-0.875896998,-0.828636341,-0.769586846,-0.742323825,-0.714408939,-0.669955737,-0.580136735,-0.565319343,-0.51994129,-0.480401679,-0.44416824,-0.406418226,-0.395924139,-0.374470456,-0.406727228,-0.2949475
2007,-2.48598382,-3.554395797,-3.585026652,-3.804100348,-3.853871964,-3.882728704,-3.954677021,-4.173925197,-4.050609993,-3.995678626,-3.701146924,-4.013228266,-4,-3.913640169,-3.744727495,-3.772113295,-3.519993057,-3.449771647,-3.272458743,-3.257274869,-3.159893906,-3.22475374,-3.281498311,-3.251811973,-3.177178355,-3.148130399,-3.256490235,-3.261219442,-3.202732459,-3.139661993,-3.168770306,-3.202040356,-3.241088108,-3.112945622,-3.094743951,-3.007004902,-3.061480275,-2.929592678,-2.873868593,-2.841939206,-2.797784224,-2.820448209,-2.751781439,-2.694218849,-2.66274046,-2.611188587,-2.581036169,-2.554240164,-2.458420756,-2.441411417,-2.35222595,-2.331520897,-2.283078927,-2.213745604,-2.19990182,-2.156642622,-2.090979146,-2.065047292,-2.022230682,-1.969683694,-1.951558196,-1.895342209,-1.869634063,-1.82815658,-1.811240207,-1.776919602,-1.760225185,-1.702611588,-1.683777963,-1.640562962,-1.586030028,-1.546024599,-1.521794364,-1.474359257,-1.428698874,-1.396649901,-1.326794718,-1.281265864,-1.240362368,-1.206880427,-1.163441707,-1.104312317,-1.043116342,-0.984782797,-0.951907948,-0.895611914,-0.846718808,-0.785747088,-0.743424156,-0.733862418,-0.678637731,-0.613884667,-0.550439841,-0.524600512,-0.503705661,-0.463488272,-0.434153361,-0.368149524,-0.363569278,-0.358285012,-0.368186021
2008,-2.543785845,-3.598599459,-3.812479279,-3.747146969,-4.026872146,-4.065501549,-4.060480747,-4.004364805,-4.48148606,-3.838631998,-3.777283529,-3.876148359,-3.823908741,-4.096910013,-3.718966633,-3.568636236,-3.515700161,-3.510041521,-3.238072162,-3.293282218,-3.220403509,-3.278189385,-3.266802735,-3.279014256,-3.233587153,-3.170696227,-3.242603971,-3.177831921,-3.244125144,-3.185752404,-3.183096161,-3.218244625,-3.154281982,-3.04383157,-3.077274542,-3.179142011,-3.016824928,-2.970616222,-2.933674075,-2.872895202,-2.812479279,-2.769551079,-2.721703792,-2.717151397,-2.668370282,-2.670602121,-2.567190995,-2.545765104,-2.464073259,-2.372224625,-2.339039708,-2.322666849,-2.279923427,-2.260506769,-2.204328494,-2.134422293,-2.115998075,-2.071041159,-2.01623844,-1.983718975,-1.956637722,-1.913533389,-1.890219032,-1.851891142,-1.785633078,-1.787625929,-1.739451627,-1.708986546,-1.688288511,-1.666411678,-1.619210085,-1.566374155,-1.535555166,-1.485027457,-1.436068242,-1.395936027,-1.362290177,-1.310114241,-1.27236116,-1.206565855,-1.148136508,-1.118204641,-1.053995033,-1.003584654,-0.949929736,-0.898816775,-0.848679191,-0.801722399,-0.768821056,-0.736892033,-0.682442244,-0.629879378,-0.608680201,-0.52495965,-0.476559207,-0.461156173,-0.425416661,-0.374890336,-0.352763776,-0.3180789,-0.292531171
2009,-2.544241797,-3.54515514,-3.688246139,-4.065501549,-4,-4.13667714,-3.714442691,-4.187086643,-3.879426069,-4.107905397,-3.954677021,-3.806875402,-3.844663963,-4.017728767,-3.586700236,-3.614393726,-3.53165267,-3.563837353,-3.442492798,-3.308034897,-3.341988603,-3.211831629,-3.218244625,-3.199970641,-3.281498311,-3.415668776,-3.290730039,-3.205511953,-3.216096421,-3.241088108,-3.191114133,-3.227678293,-3.138465589,-3.043351421,-3.090443971,-3.101274818,-3.022276395,-2.966174306,-2.914352712,-2.881735274,-2.89279003,-2.798876103,-2.76649624,-2.717151397,-2.63638802,-2.647817482,-2.597910649,-2.51698358,-2.4867824,-2.40560745,-2.40164729,-2.351639989,-2.301203748,-2.23485321,-2.205651396,-2.169860613,-2.131943638,-2.091461368,-2.045468057,-1.990549104,-1.97621272,-1.916533215,-1.900595628,-1.842996803,-1.80376853,-1.761176378,-1.74979964,-1.722665888,-1.692996299,-1.620096493,-1.620114601,-1.563169721,-1.528092497,-1.502779997,-1.456341626,-1.398320183,-1.360553356,-1.30084763,-1.258887813,-1.217233646,-1.158903439,-1.1035289,-1.055137486,-1.008906892,-0.955817072,-0.900771841,-0.841978442,-0.789678804,-0.756478293,-0.705355243,-0.656309846,-0.61311774,-0.551972699,-0.526970192,-0.487666542,-0.440342298,-0.393786365,-0.398646311,-0.361690488,-0.325654258,-0.2373942
2010,-2.581698709,-3.619788758,-3.684029655,-3.847711656,-3.76700389,-3.88941029,-3.982966661,-4.065501549,-4.060480747,-4.055517328,-3.841637508,-3.913640169,-3.913640169,-3.812479279,-3.928117993,-3.659555885,-3.665546249,-3.372634143,-3.380906669,-3.361510743,-3.234331445,-3.289882635,-3.282329497,-3.247951552,-3.202732459,-3.235077015,-3.332547047,-3.228412519,-3.203425667,-3.226945307,-3.276544328,-3.211831629,-3.197910742,-3.170053304,-3.098541679,-3.057000407,-3.08249449,-3.053547735,-2.952335805,-2.906228219,-2.833273944,-2.8224635,-2.793443956,-2.706637445,-2.68172792,-2.615646586,-2.624519285,-2.545765104,-2.472885888,-2.496345481,-2.432503109,-2.356448631,-2.303206915,-2.246953438,-2.198047765,-2.183559832,-2.135904427,-2.073400346,-2.084494638,-2.00943917,-1.985857638,-1.922741136,-1.883126714,-1.869730576,-1.809696322,-1.7932011,-1.747049931,-1.71139311,-1.698102283,-1.649635668,-1.597360387,-1.609312123,-1.547538861,-1.503928724,-1.4592452,-1.416597167,-1.370050417,-1.326896115,-1.276519699,-1.229995321,-1.175301562,-1.123776384,-1.070846842,-1.007782384,-0.9671114,-0.919824634,-0.853221011,-0.815862435,-0.762491449,-0.710727743,-0.670988784,-0.608116131,-0.584822915,-0.567718753,-0.515442508,-0.440380607,-0.458696646,-0.444743477,-0.346532775,-0.301697585,-0.216212867
2011,-2.583525921,-3.649751982,-3.829738285,-3.804100348,-3.93930216,-3.876148359,-4.301029996,-4.080921908,-4.065501549,-4.187086643,-4.113509275,-4.107905397,-3.838631998,-4,-3.70333481,-3.739928612,-3.603800653,-3.410050399,-3.311580178,-3.298432015,-3.274905479,-3.260427656,-3.268411235,-3.185752404,-3.261219442,-3.37161107,-3.258848401,-3.226213555,-3.339134522,-3.249491605,-3.149966742,-3.185086819,-3.150580586,-3.191114133,-3.154281982,-3.08249449,-3.042392713,-2.991399828,-2.985899678,-2.936291441,-2.897566294,-2.838033384,-2.743763467,-2.76853041,-2.684659523,-2.70158362,-2.596536299,-2.562725203,-2.570893992,-2.450874073,-2.45432185,-2.35753548,-2.306536873,-2.268089058,-2.232473101,-2.213177621,-2.145086978,-2.108685601,-2.043591429,-2.012423105,-1.985017691,-1.938811495,-1.909953678,-1.864708296,-1.834607273,-1.777908114,-1.766546978,-1.72455043,-1.693017717,-1.651130726,-1.625343287,-1.583742373,-1.546788718,-1.51622733,-1.489401377,-1.414900393,-1.387142002,-1.339485513,-1.304395758,-1.229693039,-1.188766935,-1.125054564,-1.078656935,-1.024581979,-0.977472656,-0.926802382,-0.874879983,-0.833481082,-0.775852976,-0.732518507,-0.674268885,-0.629788634,-0.590905858,-0.547730431,-0.546154404,-0.491898727,-0.41252364,-0.412184682,-0.40778548,-0.419554038,-0.349541909
2012,-2.578725209,-3.596879479,-3.935542011,-4.008773924,-3.970616222,-4.055517328,-3.910094889,-4.161150909,-3.943095149,-4.124938737,-3.790484985,-3.812479279,-4,-4.050609993,-3.913640169,-3.63638802,-3.467245621,-3.571865206,-3.413412695,-3.292429824,-3.248720896,-3.515700161,-3.334419009,-3.2644011,-3.389339837,-3.286509457,-3.299296283,-3.351639989,-3.238072162,-3.274088368,-3.22475374,-3.197226275,-3.095825632,-3.150580586,-3.116338565,-3.109578981,-3.090979146,-3.001740662,-2.952725133,-2.924453039,-2.926648298,-2.897566294,-2.755475488,-2.738023809,-2.69079582,-2.661543506,-2.634137785,-2.56320149,-2.563996464,-2.487582451,-2.436518915,-2.400007822,-2.35971737,-2.318577844,-2.244506272,-2.179338865,-2.159768405,-2.12720296,-2.077015184,-2.037157319,-2.000086868,-1.939000147,-1.911686684,-1.862266205,-1.851860263,-1.803713251,-1.76515383,-1.723561175,-1.680560797,-1.676459154,-1.617640702,-1.601764771,-1.566262159,-1.522734005,-1.460158912,-1.426478604,-1.394436394,-1.3681404,-1.283395741,-1.241020018,-1.193589368,-1.143047678,-1.077258976,-1.03026268,-0.98559288,-0.926486934,-0.874951618,-0.825893653,-0.780976385,-0.716183353,-0.679143631,-0.647809761,-0.582833998,-0.554411363,-0.537241238,-0.457488274,-0.437544157,-0.367644966,-0.350938853,-0.342205327,-0.289339472
2013,-2.609771638,-3.588380294,-3.913640169,-3.966576245,-4.045757491,-3.906578315,-4.102372909,-4.119186408,-3.88941029,-4.207608311,-4.070581074,-4.119186408,-4.004364805,-4.180456064,-4.107905397,-3.749579998,-3.70333481,-3.48148606,-3.2915791,-3.235823868,-3.321481621,-3.308034897,-3.278189385,-3.341988603,-3.220403509,-3.280668713,-3.274905479,-3.306273051,-3.224025669,-3.19859629,-3.263603498,-3.239577517,-3.175223538,-3.17327748,-3.098541679,-3.100726813,-3.100179498,-3.068033885,-3.05207638,-2.943857738,-2.980053318,-2.881404635,-2.841637508,-2.752517739,-2.699621935,-2.68803434,-2.642065153,-2.570409198,-2.533280628,-2.487182241,-2.461803422,-2.400662867,-2.395126229,-2.317945223,-2.271971046,-2.219970873,-2.188223978,-2.161591722,-2.09189046,-2.046240308,-2.007755856,-1.959041827,-1.920746378,-1.876311658,-1.83902154,-1.793713956,-1.764875736,-1.719034852,-1.699143757,-1.655332695,-1.63007945,-1.602181611,-1.558650553,-1.503291705,-1.490233127,-1.426710561,-1.380958871,-1.338291406,-1.305324618,-1.271240525,-1.200218486,-1.153310399,-1.101741168,-1.037422329,-0.986261391,-0.921343844,-0.879412909,-0.834328417,-0.790192873,-0.729472553,-0.684208025,-0.639648981,-0.601980088,-0.557393254,-0.482277724,-0.472589235,-0.435429799,-0.408967688,-0.323775682,-0.347681121,-0.224340774
2014,-2.614930224,-3.638272164,-3.860120914,-3.913640169,-4.040958608,-4.045757491,-4.387216143,-3.823908741,-4.327902142,-3.826813732,-4.13667714,-4.070581074,-4.366531544,-4.180456064,-3.779891912,-3.698970004,-3.632644079,-3.484126156,-3.399027104,-3.247183569,-3.290730039,-3.393618635,-3.394694954,-3.390405591,-3.295849483,-3.302770657,-3.346787486,-3.247951552,-3.228412519,-3.3400838,-3.288192771,-3.232844134,-3.211124884,-3.179798541,-3.177178355,-3.113509275,-3.151810883,-3.068542129,-3.04431225,-2.98088371,-2.925549281,-2.869666232,-2.834755674,-2.810229044,-2.770830297,-2.684869683,-2.627640417,-2.586197483,-2.530177984,-2.558147824,-2.461426266,-2.443697499,-2.3796557,-2.362210171,-2.31354249,-2.276134036,-2.208941256,-2.154839922,-2.122686257,-2.085022528,-2.029699625,-1.98610994,-1.936253938,-1.917178739,-1.867580202,-1.823358983,-1.788959594,-1.75706123,-1.694906704,-1.693703671,-1.639103784,-1.607109679,-1.601122927,-1.546207865,-1.509058795,-1.484961122,-1.401023563,-1.374224686,-1.312729731,-1.272255469,-1.223022931,-1.186318955,-1.126981824,-1.066755742,-1.018988236,-0.960982678,-0.909618485,-0.852370044,-0.805593898,-0.759642982,-0.702499925,-0.654816499,-0.60569194,-0.584112256,-0.516478316,-0.483774097,-0.484982348,-0.411056357,-0.436288776,-0.327904914,-0.272894883
2015,-2.609064893,-3.659555885,-3.863279433,-4.13667714,-3.886056648,-4.236572006,-4.086186148,-4.086186148,-3.879426069,-4.119186408,-4.050609993,-4.080921908,-4.124938737,-3.821023053,-3.815308569,-4.004364805,-3.752026734,-3.578396073,-3.375717904,-3.368556231,-3.378823718,-3.232102384,-3.30980392,-3.396855627,-3.313363731,-3.260427656,-3.280668713,-3.260427656,-3.348721986,-3.246416941,-3.297569464,-3.272458743,-3.204119983,-3.193820026,-3.159266765,-3.032452024,-3.083546051,-3.041436117,-3.029188389,-3.007888512,-2.899629455,-2.910094889,-2.880744111,-2.787812396,-2.779630368,-2.728390699,-2.649751982,-2.617622697,-2.562566556,-2.509760515,-2.466863712,-2.466100899,-2.407823243,-2.330125498,-2.31309573,-2.253287977,-2.234927799,-2.186819467,-2.129596095,-2.102208018,-2.037678027,-1.991101885,-1.957385115,-1.889578654,-1.848599502,-1.822550079,-1.791800583,-1.750434788,-1.707788247,-1.692375618,-1.623441291,-1.578346724,-1.562963281,-1.530958944,-1.481788856,-1.459908388,-1.415691396,-1.34784072,-1.332575067,-1.262409834,-1.215767967,-1.145099109,-1.111534067,-1.044129529,-1.000104243,-0.941573976,-0.892885043,-0.837647715,-0.784867601,-0.728239686,-0.681204411,-0.651905519,-0.580915365,-0.549189136,-0.503895465,-0.457406093,-0.435941426,-0.337050555,-0.351302444,-0.345532742,-0.354360638
2016,-2.546375926,-3.57024772,-3.812479279,-3.835647144,-4.086186148,-4.15490196,-4.13076828,-3.974694135,-4.180456064,-4.356547324,-4.420216403,-3.962573502,-4.080921908,-3.860120914,-3.790484985,-3.882728704,-3.782516056,-3.616184634,-3.349692477,-3.378823718,-3.392544977,-3.360513511,-3.316952962,-3.290730039,-3.307153081,-3.30980392,-3.348721986,-3.27083521,-3.240332155,-3.343901798,-3.1837587,-3.204119983,-3.268411235,-3.210419288,-3.176525771,-3.078313525,-3.047207557,-3.01278077,-3.057495894,-3.057991947,-2.948847478,-2.921543182,-2.875821945,-2.835052627,-2.76421913,-2.698970004,-2.676335464,-2.614215041,-2.587035728,-2.517555208,-2.502517463,-2.467372999,-2.409158165,-2.3650192,-2.353106376,-2.275478373,-2.24131515,-2.187353984,-2.1123827,-2.093072653,-2.065451052,-2.005462896,-1.975473286,-1.913960669,-1.893299268,-1.832239734,-1.813382648,-1.768352039,-1.727624563,-1.695897408,-1.649035212,-1.613180114,-1.577311692,-1.536092087,-1.498707898,-1.483226722,-1.411761917,-1.372367912,-1.328975343,-1.299149236,-1.228861007,-1.204905898,-1.141204228,-1.08639805,-1.027177184,-0.963223438,-0.922890204,-0.863755198,-0.805535612,-0.767664723,-0.712137831,-0.690503974,-0.621222484,-0.577264107,-0.55723811,-0.510234115,-0.469960469,-0.438207159,-0.372657702,-0.380546647,-0.309938661
2017,-2.57105571,-3.588380294,-3.707743929,-4.200659451,-4.086186148,-4.036212173,-3.886056648,-4.004364805,-4.244125144,-4.13076828,-4.744727495,-4.119186408,-3.860120914,-4.283996656,-3.89279003,-3.821023053,-3.640164518,-3.638272164,-3.43062609,-3.363512104,-3.359518563,-3.287350298,-3.343901798,-3.367542708,-3.248720896,-3.303643611,-3.406713933,-3.324221658,-3.229884705,-3.277366077,-3.244125144,-3.137868621,-3.18243463,-3.137868621,-3.121478204,-3.148741651,-3.148741651,-3.084072788,-3.124360063,-2.967381239,-2.919373513,-2.95546024,-2.887060024,-2.836242476,-2.786216701,-2.77237035,-2.688882157,-2.633763876,-2.598599459,-2.530325227,-2.492009275,-2.450261269,-2.395557934,-2.347753659,-2.355758414,-2.291239276,-2.23069654,-2.20809892,-2.164182646,-2.068542129,-2.029699625,-2.007844289,-1.957778998,-1.920927341,-1.875985121,-1.853159066,-1.806096597,-1.775725986,-1.733251034,-1.682354457,-1.65822925,-1.608659035,-1.576672191,-1.520755899,-1.495433997,-1.469659403,-1.427814056,-1.376378617,-1.344938438,-1.287123111,-1.236489648,-1.18484081,-1.128631418,-1.072901798,-1.028051887,-0.971615843,-0.909950148,-0.864460289,-0.809738355,-0.74353723,-0.702821856,-0.636865819,-0.600831808,-0.566526195,-0.525094949,-0.494778098,-0.450621493,-0.411387716,-0.384008939,-0.387987966,-0.294018326
2018,-2.59345982,-3.580044252,-3.876148359,-3.970616222,-3.896196279,-4.259637311,-4.193820026,-3.946921557,-3.906578315,-4.008773924,-4.387216143,-4.27572413,-4.022276395,-4.229147988,-3.943095149,-3.826813732,-3.607303047,-3.585026652,-3.408935393,-3.258848401,-3.367542708,-3.322393047,-3.366531544,-3.348721986,-3.210419288,-3.298432015,-3.222573178,-3.311580178,-3.231361899,-3.465973894,-3.247183569,-3.22184875,-3.166215625,-3.167491087,-3.112945622,-3.131355562,-3.009217308,-3.03574037,-2.962573502,-3.007004902,-2.944621669,-2.873868593,-2.878440156,-2.862013267,-2.793174124,-2.722161667,-2.678194516,-2.655411257,-2.60119227,-2.554551486,-2.487182241,-2.43450637,-2.418164076,-2.357733381,-2.318758763,-2.319845858,-2.237096472,-2.183559832,-2.132827249,-2.129830279,-2.052958595,-2.001566281,-1.970819211,-1.927015255,-1.875365376,-1.839321426,-1.809444208,-1.766318702,-1.729507496,-1.694304771,-1.663420201,-1.613965005,-1.561125531,-1.540788506,-1.484775435,-1.462772956,-1.435878624,-1.382360227,-1.343911385,-1.293043379,-1.235487625,-1.19205252,-1.146362618,-1.082520748,-1.033924003,-0.975190169,-0.910791024,-0.869914011,-0.813665337,-0.747982394,-0.701205852,-0.669040657,-0.629779376,-0.563236438,-0.531493162,-0.487735963,-0.445644117,-0.391856014,-0.377683375,-0.331544192,-0.3316029
2019,-2.593971055,-3.663540266,-3.913640169,-3.93930216,-4.050609993,-4.004364805,-3.812479279,-4.337242168,-3.982966661,-4.180456064,-4.086186148,-3.93930216,-3.943095149,-3.946921557,-3.966576245,-3.838631998,-3.718966633,-3.494850022,-3.379863945,-3.298432015,-3.298432015,-3.319664487,-3.346787486,-3.296708622,-3.263603498,-3.322393047,-3.354577731,-3.287350298,-3.262807357,-3.236572006,-3.307153081,-3.210419288,-3.191114133,-3.161150909,-3.153662888,-3.072629637,-3.133712661,-3.057991947,-2.999132278,-2.981299501,-2.919734373,-2.958607315,-2.857610534,-2.82131076,-2.815876646,-2.740167301,-2.702020756,-2.632271454,-2.614930224,-2.542875374,-2.480434499,-2.447818661,-2.406713933,-2.373865021,-2.369775589,-2.273191317,-2.279344643,-2.232547282,-2.144299169,-2.119072135,-2.050756409,-2.048371106,-1.972283538,-1.918940877,-1.882662405,-1.863882157,-1.819702048,-1.792715794,-1.736813843,-1.712041594,-1.664762813,-1.63891464,-1.585661854,-1.541180918,-1.519360771,-1.463327949,-1.438791249,-1.391859226,-1.342437447,-1.294743699,-1.265832477,-1.1893643,-1.154536066,-1.097382565,-1.048900583,-0.981882279,-0.933991058,-0.874948362,-0.828150733,-0.770825173,-0.718369037,-0.672381588,-0.618902978,-0.583549226,-0.538462457,-0.496627476,-0.456166538,-0.426970501,-0.404380341,-0.382385368,-0.342119389
