1950,-1.044317059,-2.13288622,-2.474436942,-2.614751318,-2.736363931,-2.859806321,-2.825068406,-2.939679971,-2.974694135,-2.978397284,-3.030584088,-2.986320303,-2.953504836,-2.987162775,-2.947306058,-2.832978204,-2.802719442,-2.742561433,-2.678194516,-2.66695597,-2.551757587,-2.581532979,-2.581532979,-2.582694417,-2.568314655,-2.550521601,-2.580209414,-2.545917729,-2.521866572,-2.559720787,-2.517698233,-2.598599459,-2.545917729,-2.53521248,-2.544393887,-2.511872504,-2.482012797,-2.49390104,-2.460046158,-2.381324461,-2.390405591,-2.349886836,-2.321390583,-2.317764643,-2.264480941,-2.219610672,-2.238673678,-2.179207619,-2.131355562,-2.103584024,-2.058339522,-2.057297631,-2.004979394,-1.971591435,-1.926648298,-1.919626083,-1.896743767,-1.846490011,-1.786641646,-1.74977523,-1.703181298,-1.689752892,-1.637913547,-1.599669278,-1.582694417,-1.524779317,-1.516783688,-1.467003706,-1.413491461,-1.38660221,-1.3225208,-1.302482967,-1.253217948,-1.224105697,-1.161251627,-1.104665869,-1.072229408,-1.050873578,-0.97167687,-0.980655194,-0.893224542,-0.895898872,-0.825777326,-0.788164237,-0.73132844,-0.710366461,-0.650039021,-0.632025696,-0.605891688,-0.591693878,-0.544736286,-0.514667626,-0.508963448,-0.484852353,-0.41700765,-0.40708191,-0.311490303,-0.259555987,-0.265923797,-0.114696464,-0.136942557
1951,-1.061030203,-2.099578247,-2.502655619,-2.680477551,-2.779107751,-2.905528871,-2.962573502,-2.980468315,-3.035269079,-3.080921908,-3.040481623,-3.112945622,-3.019088062,-2.982966661,-2.97798426,-2.925915311,-2.808828544,-2.736837535,-2.712646227,-2.682563503,-2.615825861,-2.625434939,-2.63638802,-2.562883907,-2.609771638,-2.575771929,-2.61690307,-2.565590792,-2.597738618,-2.594824454,-2.606600305,-2.51484665,-2.592949185,-2.57626275,-2.523023534,-2.583692413,-2.511872504,-2.482540173,-2.478600372,-2.463820468,-2.441291429,-2.391046301,-2.342944147,-2.353792388,-2.295763663,-2.289967301,-2.238372815,-2.197979248,-2.145026326,-2.096475936,-2.089482314,-2.031470356,-2.020542682,-1.994133398,-1.96189669,-1.92121704,-1.887193983,-1.86588667,-1.802471344,-1.800711172,-1.727995854,-1.66344021,-1.634643072,-1.610479534,-1.58282735,-1.49883115,-1.504844343,-1.431504933,-1.39870069,-1.380791847,-1.319909356,-1.26827428,-1.218258982,-1.191856574,-1.12400745,-1.096937157,-1.051880576,-1.010639186,-0.965748657,-0.935336144,-0.882954198,-0.825847118,-0.777278328,-0.755992696,-0.700237821,-0.644895364,-0.610594676,-0.548204357,-0.54478196,-0.520603223,-0.440887316,-0.483062908,-0.434899858,-0.370952464,-0.312052998,-0.325970599,-0.233686814,-0.265920593,-0.33159824,0.007646232,0.090029733
1952,-1.132732911,-2.259006068,-2.679230772,-2.816730156,-2.937418016,-3.04431225,-3.119758224,-3.026872146,-3.160521953,-3.200659451,-3.139661993,-3.195179321,-3.164943898,-3.177831921,-3.005682847,-2.931443105,-2.93516778,-2.817585348,-2.817870786,-2.756218084,-2.696587929,-2.673459331,-2.666149855,-2.660548559,-2.64320954,-2.632830511,-2.633017024,-2.688670048,-2.656394492,-2.64454848,-2.604848408,-2.651889932,-2.535063571,-2.673869043,-2.546070408,-2.620694482,-2.560983272,-2.512720184,-2.475863623,-2.506681392,-2.485850866,-2.459920911,-2.377993327,-2.388382889,-2.3400838,-2.270268405,-2.234108024,-2.204885014,-2.1786175,-2.153415497,-2.111259039,-2.051635944,-1.987204942,-1.958646798,-1.967139584,-1.911261635,-1.874128533,-1.840402732,-1.814712887,-1.800903344,-1.722757627,-1.706416487,-1.642541614,-1.595576834,-1.548259605,-1.516955018,-1.461690241,-1.440452444,-1.411392195,-1.370977973,-1.317665356,-1.279675283,-1.211110761,-1.173529975,-1.137206945,-1.0766368,-1.024913007,-0.990634102,-0.95317719,-0.922192571,-0.860665697,-0.817060631,-0.75742379,-0.74463582,-0.681815581,-0.646024175,-0.588641286,-0.571529892,-0.529664495,-0.500411882,-0.437890411,-0.389393063,-0.390275429,-0.398554971,-0.373302488,-0.300240298,-0.264981079,-0.167129751,-0.257825743,-0.145541526,-0.220096293
1953,-1.110166263,-2.160962127,-2.603626272,-2.79209647,-2.889747083,-3.007888512,-3.035269079,-3.100726813,-3.151195299,-3.169411331,-3.142667504,-3.19859629,-3.140261434,-3.112945622,-3.127261173,-3.045757491,-3.018634491,-2.907279355,-2.859806321,-2.838931615,-2.803547458,-2.799696817,-2.805763251,-2.737786295,-2.757210191,-2.850472986,-2.74208155,-2.747389659,-2.720789487,-2.709965389,-2.721475035,-2.660548559,-2.709965389,-2.617442678,-2.69572495,-2.567993313,-2.64168436,-2.646660905,-2.516270101,-2.542875374,-2.52042469,-2.482012797,-2.432033093,-2.384576047,-2.372736583,-2.31461659,-2.267686673,-2.245804612,-2.215525356,-2.178093623,-2.125402231,-2.06722193,-2.03574037,-1.981424317,-1.979472988,-1.926684979,-1.889342962,-1.851273984,-1.820936778,-1.794822713,-1.726882932,-1.683924765,-1.63759293,-1.603852981,-1.560114919,-1.505441922,-1.476513668,-1.429223631,-1.41131381,-1.339144005,-1.30735574,-1.258304888,-1.207923639,-1.142595127,-1.107833021,-1.054851591,-1.008747336,-0.940179187,-0.923607171,-0.873041071,-0.800011836,-0.783897464,-0.741073125,-0.670567541,-0.665164398,-0.585240511,-0.557256912,-0.531270245,-0.525655507,-0.423211913,-0.413585998,-0.341186615,-0.341832095,-0.296844521,-0.337276158,-0.306506965,-0.206053242,-0.137913365,-0.019318204,-0.010016986,-0.764153524
1954,-1.183096161,-2.287855586,-2.7070797,-2.870310108,-3.066006836,-3.171340103,-3.124360063,-3.186419011,-3.30980392,-3.229884705,-3.307153081,-3.295849483,-3.277366077,-3.143875556,-3.151810883,-3.110698297,-3.078833949,-2.916855857,-2.968187729,-2.913284336,-2.856048884,-2.836242476,-2.807432547,-2.857610534,-2.809108283,-2.829444941,-2.796967113,-2.789146635,-2.790216985,-2.712646227,-2.748118545,-2.753009301,-2.729787145,-2.750557039,-2.620513186,-2.692503962,-2.653647026,-2.571865206,-2.632644079,-2.572676214,-2.527243551,-2.475084852,-2.467882884,-2.386581055,-2.395126229,-2.358030402,-2.319936573,-2.254534831,-2.217670731,-2.177831921,-2.159329439,-2.116679322,-2.076082777,-2.034234036,-1.990761629,-1.951597044,-1.905948344,-1.8558307,-1.838631998,-1.785553554,-1.758677697,-1.723676089,-1.670358089,-1.617352697,-1.577016421,-1.52523029,-1.497928109,-1.440835779,-1.399103303,-1.354018028,-1.315002124,-1.258147475,-1.214598975,-1.184721181,-1.116696366,-1.064911108,-1.034205842,-0.969894351,-0.92965177,-0.894684014,-0.835727466,-0.806777975,-0.760650461,-0.712883832,-0.675886355,-0.63259562,-0.624748018,-0.577209965,-0.524430498,-0.496365909,-0.445907155,-0.489728521,-0.433556615,-0.422047725,-0.287904461,-0.417101821,-0.339637381,-0.40382531,-0.459301469,-0.261015023,0.136082288
1955,-1.22139298,-2.34428545,-2.749336081,-2.91150953,-3.089909454,-3.116906641,-3.156144577,-3.221125528,-3.266802735,-3.161780778,-3.276544328,-3.241088108,-3.290730039,-3.241088108,-3.187086643,-3.147520006,-3.073657553,-2.976336082,-2.960585881,-2.953504836,-2.882066165,-2.865822892,-2.885389016,-2.876801925,-2.901702464,-2.81417464,-2.83120798,-2.81276138,-2.76700389,-2.772113295,-2.844360366,-2.750801643,-2.812479279,-2.709297757,-2.712422191,-2.66514431,-2.735654493,-2.6181632,-2.611011215,-2.61960784,-2.519561853,-2.547293773,-2.509900995,-2.469288162,-2.461175011,-2.363010898,-2.347656945,-2.305921538,-2.289797985,-2.234778634,-2.192059279,-2.171984936,-2.11577123,-2.059882133,-2.034140063,-1.991016796,-1.946038493,-1.907349522,-1.860971453,-1.828098109,-1.77407074,-1.759051584,-1.697539192,-1.661623201,-1.590557213,-1.586163987,-1.536107011,-1.498707898,-1.442528891,-1.405950158,-1.361111575,-1.31971889,-1.271402757,-1.222631184,-1.196365379,-1.138429748,-1.08374087,-1.053130345,-0.999765544,-0.948716244,-0.898720456,-0.862092295,-0.817388504,-0.776190068,-0.748145295,-0.694412198,-0.684922239,-0.625163705,-0.591475122,-0.541440709,-0.528863841,-0.502846347,-0.492331644,-0.419820005,-0.434335143,-0.316351493,-0.407238283,-0.3549493,-0.155116058,-0.229712938,-0.810007464
1956,-1.227795686,-2.343422709,-2.742321425,-2.899629455,-3.032920266,-3.177831921,-3.183096161,-3.139063379,-3.325138859,-3.274905479,-3.195179321,-3.294136288,-3.142667504,-3.209714836,-3.107348966,-3.034328029,-2.862645889,-2.825649403,-2.721703792,-2.645699438,-2.648590248,-2.643400564,-2.660349842,-2.73072061,-2.709520187,-2.737311656,-2.728855682,-2.682563503,-2.639028116,-2.74641971,-2.709075441,-2.678608722,-2.683191248,-2.704652852,-2.676954265,-2.660946264,-2.597051171,-2.606073993,-2.530177984,-2.566390157,-2.519993057,-2.482408269,-2.465339424,-2.403842919,-2.387322082,-2.35222595,-2.331520897,-2.285586408,-2.260981754,-2.194499142,-2.154034238,-2.126040345,-2.087406002,-2.066968505,-2.003707281,-1.965451753,-1.933338698,-1.894932851,-1.853159066,-1.802113232,-1.75783141,-1.725357305,-1.68241716,-1.663360181,-1.603329986,-1.558980785,-1.538486467,-1.480815396,-1.43911343,-1.372132536,-1.336826955,-1.30051783,-1.254737784,-1.210927202,-1.16072312,-1.128678141,-1.04792956,-1.007698384,-0.983104488,-0.933715083,-0.8924407,-0.84696299,-0.807901101,-0.745696086,-0.710359773,-0.689361907,-0.633610667,-0.618341714,-0.557167608,-0.565312958,-0.494866308,-0.465706035,-0.415939163,-0.414490768,-0.395348504,-0.404242619,-0.384640275,-0.380586287,-0.292693887,-0.326840805,-0.902173724
1957,-1.210496847,-2.336110701,-2.737311656,-2.953895213,-3.056505484,-3.126679398,-3.231361899,-3.212539525,-3.2915791,-3.3400838,-3.282329497,-3.28567024,-3.279014256,-3.257274869,-3.177178355,-3.087246696,-2.957818405,-2.984221244,-2.946153573,-2.929592678,-2.875821945,-2.799149502,-2.812479279,-2.824488187,-2.883060353,-2.866461092,-2.791827473,-2.807432547,-2.81276138,-2.743763467,-2.758951849,-2.736127323,-2.752272167,-2.736127323,-2.660946264,-2.648010545,-2.691649051,-2.569924944,-2.633763876,-2.552067134,-2.482804102,-2.51741223,-2.473144013,-2.46967221,-2.417709317,-2.404834585,-2.349886836,-2.262330373,-2.281498311,-2.222283261,-2.203633845,-2.148435918,-2.106571158,-2.052468254,-2.012378418,-1.977901703,-1.936103962,-1.883657961,-1.868028655,-1.804432419,-1.759725393,-1.738499227,-1.67188554,-1.63325961,-1.595799378,-1.560288451,-1.516484022,-1.464857846,-1.426873006,-1.374173287,-1.336440408,-1.280188271,-1.247767112,-1.194492345,-1.159617852,-1.124539369,-1.085678003,-1.002534978,-0.987053161,-0.929577907,-0.89618602,-0.853803723,-0.806588751,-0.761482203,-0.730900533,-0.668026383,-0.659030687,-0.609437557,-0.572711933,-0.55111907,-0.500931815,-0.453544945,-0.425909672,-0.371799135,-0.442443477,-0.360956996,-0.266899077,-0.25105417,-0.344151133,-0.118084926,-0.009138796
1958,-1.235965915,-2.335546071,-2.821598658,-3.038104526,-3.11463878,-3.26520017,-3.154281982,-3.226213555,-3.315154638,-3.437707136,-3.321481621,-3.315154638,-3.354577731,-3.236572006,-3.212539525,-3.203425667,-3.107905397,-3.091514981,-3.022733788,-3.003050752,-2.918652692,-2.946921557,-2.89279003,-2.9476909,-2.871923987,-2.880744111,-2.864231485,-2.823330067,-2.869023308,-2.817015033,-2.770574152,-2.806597097,-2.769551079,-2.763966853,-2.750068243,-2.695294102,-2.69079582,-2.68172792,-2.60747891,-2.68613278,-2.591760035,-2.538951908,-2.541815564,-2.439256699,-2.442252258,-2.388276692,-2.367745223,-2.350178537,-2.304868702,-2.267204302,-2.210771943,-2.155957958,-2.132768285,-2.101823517,-2.017909761,-2.011485634,-1.973875483,-1.933748638,-1.877554744,-1.834251318,-1.80518051,-1.765913175,-1.715907809,-1.67481285,-1.628895178,-1.583875628,-1.540200552,-1.50636074,-1.455361543,-1.416823905,-1.382098437,-1.314464264,-1.269799326,-1.225089063,-1.170091853,-1.132461805,-1.098825125,-1.074636333,-0.989636431,-0.958800816,-0.901186742,-0.875453391,-0.823703224,-0.789646695,-0.744997807,-0.708677779,-0.664696587,-0.674513072,-0.576567338,-0.583630803,-0.544156649,-0.543627893,-0.463886179,-0.460744447,-0.431319642,-0.328232146,-0.40354586,-0.459001451,-0.441728343,-0.35885719,-0.355068308
1959,-1.277711676,-2.408267761,-2.80106813,-3.029188389,-3.158015195,-3.168770306,-3.261219442,-3.312471039,-3.367542708,-3.330683119,-3.354577731,-3.387216143,-3.344861565,-3.250263684,-3.181114585,-3.129596095,-3.131355562,-3.048176965,-3.005243055,-2.893809103,-2.955068454,-2.900319359,-2.875169851,-2.916139199,-2.904830649,-2.938547521,-2.84924356,-2.930331903,-2.84284556,-2.852014679,-2.820161072,-2.84103474,-2.738975166,-2.769040444,-2.737074531,-2.72399801,-2.680685696,-2.649170726,-2.663140179,-2.579879152,-2.573001041,-2.609594844,-2.506541949,-2.504039605,-2.403732874,-2.393941251,-2.37644061,-2.309272456,-2.301116863,-2.241239456,-2.196269829,-2.163486001,-2.110250225,-2.0951763,-2.021636853,-1.951441675,-1.960942982,-1.875169851,-1.856298371,-1.784759113,-1.764168663,-1.727462223,-1.673828055,-1.660846804,-1.591573464,-1.555720936,-1.509227104,-1.459282712,-1.433244417,-1.377029989,-1.340397518,-1.2916896,-1.249699931,-1.20505211,-1.174145641,-1.105822446,-1.056347228,-1.002906448,-1.003286988,-0.942094378,-0.893622094,-0.845493863,-0.804900518,-0.749909503,-0.708167351,-0.684145062,-0.662778418,-0.590623197,-0.575623157,-0.49462072,-0.496986023,-0.470572212,-0.447454669,-0.44880138,-0.420319275,-0.319669927,-0.310690253,-0.421852658,-0.327430219,-0.347029794,-0.53724872
1960,-1.314679328,-2.41240127,-2.857923539,-3.046240308,-3.235823868,-3.250263684,-3.379863945,-3.322393047,-3.345823458,-3.356547324,-3.346787486,-3.504455662,-3.349692477,-3.234331445,-3.374687549,-3.180456064,-3.103473783,-3.045757491,-3.015922966,-2.929962133,-2.922632095,-2.943476276,-2.954285941,-2.921543182,-2.993962045,-2.917573699,-2.902048929,-2.859806321,-2.92226882,-2.8569852,-2.876801925,-2.795608668,-2.807432547,-2.791021483,-2.727230413,-2.758951849,-2.664141089,-2.68803434,-2.64320954,-2.594824454,-2.537302592,-2.584859648,-2.573326112,-2.542572307,-2.518557371,-2.430158101,-2.395234115,-2.348334396,-2.286089646,-2.247106845,-2.224899501,-2.176917203,-2.140921775,-2.102427886,-2.053646003,-2.0009565,-1.97905894,-1.913818195,-1.864676492,-1.836391437,-1.752394936,-1.767105491,-1.723952007,-1.674422768,-1.633726503,-1.579169938,-1.538681591,-1.493237985,-1.450481779,-1.399419126,-1.356547324,-1.321982669,-1.260253656,-1.208148011,-1.162853656,-1.112343322,-1.067348698,-1.032377152,-0.965584131,-0.945712597,-0.894711277,-0.851298653,-0.821788776,-0.769055755,-0.713049784,-0.69229863,-0.64812256,-0.60480645,-0.562868034,-0.517399365,-0.503178247,-0.501296691,-0.435042926,-0.367964046,-0.373146585,-0.342213922,-0.329569518,-0.34065151,-0.464141537,-0.199618393,0.05163249
1961,-1.350752788,-2.530472521,-2.915066425,-3.037630664,-3.196542884,-3.232102384,-3.311580178,-3.364516253,-3.322393047,-3.374687549,-3.278189385,-3.345823458,-3.330683119,-3.379863945,-3.238824187,-3.135488919,-3.13076828,-3.078313525,-3.002176919,-2.988429556,-2.955068454,-2.948076084,-2.910801633,-2.945386945,-2.952335805,-2.925915311,-2.940815382,-2.92190585,-2.890759031,-2.937042166,-2.854182286,-2.8467951,-2.803823815,-2.751781439,-2.777543663,-2.738737131,-2.689306688,-2.70421306,-2.629116983,-2.642255675,-2.653255945,-2.513144645,-2.595166283,-2.496209317,-2.509479691,-2.515415471,-2.374173287,-2.369775589,-2.32670256,-2.28810845,-2.20999648,-2.198527686,-2.169218924,-2.120273503,-2.0839147,-2.028956208,-1.988683357,-1.950471878,-1.89945715,-1.871568419,-1.828566099,-1.774483961,-1.722642956,-1.686406935,-1.65245533,-1.620839574,-1.562233587,-1.530281049,-1.473156923,-1.444941845,-1.388223603,-1.328910505,-1.304054507,-1.248251434,-1.210849565,-1.150021953,-1.113836529,-1.072424345,-1.020410656,-0.969384088,-0.948334348,-0.873498447,-0.829239719,-0.800321599,-0.747537767,-0.7121535,-0.681951281,-0.651948387,-0.624455262,-0.590024632,-0.539402811,-0.495027847,-0.4795466,-0.502536802,-0.427490848,-0.357217048,-0.457226841,-0.278256141,-0.371683629,-0.091362737,-0.14045583
1962,-1.32118127,-2.386581055,-2.830619505,-3.095825632,-3.202732459,-3.287350298,-3.305394801,-3.312471039,-3.385102784,-3.40560745,-3.356547324,-3.372634143,-3.308918508,-3.364516253,-3.258848401,-3.274088368,-3.14327111,-3.036212173,-2.981299501,-2.967784297,-2.973466735,-2.970616222,-2.936291441,-2.928117993,-2.983384452,-2.932185489,-2.922632095,-2.94577009,-2.874518734,-2.883392256,-2.906228219,-2.832978204,-2.756713854,-2.795880017,-2.771343042,-2.698319051,-2.652279783,-2.671620397,-2.666351243,-2.626720107,-2.597394758,-2.57921938,-2.458545571,-2.525201181,-2.490797478,-2.410832609,-2.41827784,-2.340178842,-2.304518324,-2.286593468,-2.232102384,-2.191924132,-2.140681535,-2.082704599,-2.053105805,-2.000260655,-1.964370172,-1.909036923,-1.88127245,-1.830501905,-1.776400235,-1.73776255,-1.683526416,-1.662660561,-1.635974603,-1.575870049,-1.538951908,-1.493873957,-1.441267436,-1.38902062,-1.340045789,-1.307197129,-1.24576637,-1.21220667,-1.158108938,-1.101011689,-1.05924452,-1.000638883,-0.950708309,-0.937948517,-0.882907763,-0.854433808,-0.75614129,-0.714814138,-0.680238307,-0.641811888,-0.588318016,-0.554134365,-0.535352502,-0.524870929,-0.455408636,-0.429942995,-0.338138116,-0.349538024,-0.301036944,-0.219968711,-0.317928968,-0.258547416,-0.195955346,0.110320634,0.110671848
1963,-1.347164038,-2.489053051,-2.886725308,-3.105130343,-3.218244625,-3.384049948,-3.292429824,-3.436518915,-3.42136079,-3.448550002,-3.450996738,-3.454692884,-3.390405591,-3.283162277,-3.223298816,-3.239577517,-3.061480275,-3.086716098,-2.999132278,-2.906228219,-2.943476276,-2.953504836,-2.929592678,-2.973875483,-2.949620244,-2.950394387,-2.934793872,-2.947306058,-2.897909474,-2.86710023,-2.91649738,-2.850780887,-2.80161787,-2.728855682,-2.787812396,-2.727462223,-2.681519275,-2.691222226,-2.67223251,-2.627640417,-2.6127882,-2.572189427,-2.534022632,-2.448184178,-2.51812759,-2.404614019,-2.359916269,-2.372634143,-2.294563953,-2.290730039,-2.254769015,-2.205581669,-2.192126868,-2.120158944,-2.057099459,-2.043063586,-1.981091556,-1.962254871,-1.896880746,-1.850042291,-1.836540448,-1.767385017,-1.72223039,-1.674710163,-1.631285541,-1.605495787,-1.550321085,-1.520381507,-1.480106408,-1.428838748,-1.389382417,-1.34094945,-1.286207152,-1.251633639,-1.211555862,-1.165077255,-1.119689566,-1.06833876,-1.021645983,-0.954727888,-0.940822962,-0.896220217,-0.859055368,-0.806004902,-0.774587327,-0.727221144,-0.664389672,-0.630034982,-0.596234524,-0.552158493,-0.563231672,-0.477194657,-0.490575681,-0.465069421,-0.39146327,-0.36804816,-0.387926425,-0.276003644,-0.365149055,-0.019448536,-0.445930194
1964,-1.385450781,-2.588717087,-2.93516778,-3.096910013,-3.236572006,-3.395773947,-3.2915791,-3.301899454,-3.436518915,-3.515700161,-3.591760035,-3.517126416,-3.563837353,-3.434152181,-3.343901798,-3.253365801,-3.229884705,-3.087777943,-3.085656843,-2.986741335,-2.919012953,-3.017728767,-2.94195377,-2.965772739,-2.942333896,-2.948847478,-2.973466735,-2.909741947,-2.908333042,-2.904830649,-2.89245087,-2.898596649,-2.858550227,-2.793443956,-2.787812396,-2.771086594,-2.750801643,-2.705093089,-2.647817482,-2.61852391,-2.603277721,-2.628193541,-2.557363474,-2.529736553,-2.495121541,-2.495665088,-2.381533508,-2.391794992,-2.351737594,-2.251346907,-2.245804612,-2.224025669,-2.175874166,-2.13996161,-2.0951763,-2.057297631,-1.998006826,-1.955303483,-1.909706669,-1.855737226,-1.823098814,-1.777647761,-1.73388595,-1.683023761,-1.640487039,-1.59901327,-1.554364666,-1.528678946,-1.479949012,-1.408401205,-1.395752341,-1.326988314,-1.299503963,-1.239683087,-1.200776657,-1.186385657,-1.113650302,-1.058533291,-1.0211031,-1.000721528,-0.927378849,-0.894142519,-0.847207311,-0.833569886,-0.748873015,-0.713056513,-0.67280664,-0.636803713,-0.589897923,-0.55600676,-0.540987686,-0.503873294,-0.485854854,-0.425931674,-0.39356059,-0.402773359,-0.414848463,-0.440985611,-0.326703482,-0.191574972,-0.356749712
1965,-1.395860382,-2.574139855,-2.877129077,-3.066512712,-3.253365801,-3.317854924,-3.347753659,-3.350665141,-3.442492798,-3.400116928,-3.560667306,-3.530177984,-3.559090918,-3.339134522,-3.258060922,-3.277366077,-3.217527376,-3.170696227,-3.134896025,-2.976336082,-3.027334408,-3.021363052,-3.010995384,-2.993962045,-3.005682847,-3.005243055,-2.948076084,-2.966978555,-2.917573699,-2.972650392,-2.877456476,-2.850165303,-2.845880474,-2.838931615,-2.755970411,-2.774690718,-2.709075441,-2.68803434,-2.682354457,-2.60119227,-2.609064893,-2.540607512,-2.548367053,-2.48148606,-2.512013669,-2.388595362,-2.455188088,-2.388489113,-2.305745888,-2.308211476,-2.236197776,-2.214741367,-2.1690907,-2.141462802,-2.088576035,-2.035834689,-1.984640245,-1.947536923,-1.884156596,-1.853840944,-1.807962497,-1.767486707,-1.721703792,-1.689264216,-1.633651767,-1.589779695,-1.531785637,-1.529398426,-1.445741071,-1.415510468,-1.347908446,-1.311615777,-1.274725582,-1.214428167,-1.194777887,-1.124377412,-1.098841483,-1.03657581,-0.985777774,-0.939744232,-0.898665427,-0.842697393,-0.814191627,-0.75221325,-0.733563673,-0.679409257,-0.628773234,-0.599567359,-0.588779422,-0.524516223,-0.490309675,-0.46719086,-0.436639964,-0.406466943,-0.352026634,-0.341585994,-0.378887101,-0.199000585,-0.254808839,-0.180456064,-0.238516451
1966,-1.393167375,-2.650722473,-3.019542108,-3.140261434,-3.238824187,-3.258848401,-3.581698709,-3.458420756,-3.46470588,-3.504455662,-3.505845406,-3.552841969,-3.443697499,-3.431798276,-3.374687549,-3.315154638,-3.262807357,-3.088842391,-3.033389013,-3.083019953,-3.076755981,-2.971428747,-2.972242795,-3.031517051,-3.016824928,-3.026872146,-2.988852639,-2.925183559,-2.948847478,-2.956637722,-2.907279355,-2.92190585,-2.86774031,-2.860435734,-2.799970733,-2.740406121,-2.758702613,-2.68613278,-2.67840157,-2.628932138,-2.630598586,-2.587035728,-2.556111453,-2.495529138,-2.485186705,-2.485585079,-2.365119859,-2.430392032,-2.321299565,-2.316862869,-2.299469343,-2.197157887,-2.18124641,-2.126098402,-2.095933948,-2.078833949,-2.001130636,-1.966817586,-1.915709771,-1.883591519,-1.849151493,-1.781018351,-1.753772322,-1.707323133,-1.646564662,-1.619824951,-1.55257837,-1.539147242,-1.477634025,-1.434612683,-1.409191591,-1.342695503,-1.306792053,-1.26526416,-1.224644452,-1.164728075,-1.130774149,-1.103925949,-1.045892625,-0.994836654,-0.942741,-0.899274581,-0.859083623,-0.837480399,-0.783781299,-0.74735082,-0.683239412,-0.667163787,-0.659678854,-0.570919863,-0.533360704,-0.526426909,-0.485999777,-0.466581315,-0.489858642,-0.389792463,-0.394197363,-0.322253475,-0.110014052,-0.031084374,-0.171968803
1967,-1.400750281,-2.649364392,-2.973058372,-3.15739076,-3.202040356,-3.343901798,-3.289036881,-3.310691141,-3.522878745,-3.586700236,-3.46470588,-3.344861565,-3.510041521,-3.462180905,-3.413412695,-3.257274869,-3.171340103,-3.139661993,-3.134896025,-3,-3.032920266,-3.001740662,-3.007446482,-2.928486195,-2.927382523,-3.007004902,-2.974284616,-2.953504836,-2.938170693,-2.897223385,-2.882728704,-2.817300097,-2.841637508,-2.807153885,-2.819587367,-2.820735536,-2.749579998,-2.711974465,-2.695294102,-2.64454848,-2.597566654,-2.538501473,-2.504594437,-2.535957795,-2.476513668,-2.410273744,-2.390619056,-2.291749111,-2.372224625,-2.266963317,-2.240936812,-2.240332155,-2.170631892,-2.142064735,-2.102867957,-2.064240896,-1.991016796,-1.953114809,-1.914317057,-1.872830386,-1.815762971,-1.781727146,-1.724919102,-1.667824216,-1.644491012,-1.603277721,-1.564984258,-1.489320969,-1.46321437,-1.413660291,-1.378823718,-1.329401658,-1.276815333,-1.233996356,-1.187293818,-1.161371259,-1.093158756,-1.053773784,-1.026267328,-0.977876938,-0.914167338,-0.870687218,-0.836495739,-0.780376185,-0.758909469,-0.711303739,-0.686400607,-0.64572633,-0.620475124,-0.575693449,-0.544152088,-0.507389056,-0.49024387,-0.417986663,-0.420455331,-0.400736075,-0.425318357,-0.269340442,-0.360510522,-0.437195802,-0.164143984
1968,-1.433044257,-2.668572703,-3.048176965,-3.173925197,-3.316052869,-3.249491605,-3.435333936,-3.393618635,-3.468521083,-3.458420756,-3.326058001,-3.539102157,-3.37161107,-3.350665141,-3.341988603,-3.30980392,-3.164943898,-3.121478204,-3.021819483,-3.001304842,-3.046723663,-3.067526235,-3.023191663,-2.868381336,-2.937042166,-2.952335805,-2.916139199,-2.94577009,-2.925915311,-2.923723745,-2.886725308,-2.853251986,-2.823041019,-2.803271277,-2.783042793,-2.767512134,-2.700710666,-2.705974906,-2.599116784,-2.598944274,-2.566550206,-2.557990841,-2.501138311,-2.476773958,-2.426548178,-2.428291168,-2.379135525,-2.368962303,-2.268491816,-2.341035157,-2.208800754,-2.215525356,-2.208028799,-2.102757897,-2.082022117,-2.035457534,-1.998699067,-1.937756559,-1.901737098,-1.858487517,-1.820706794,-1.754981129,-1.736719086,-1.657320766,-1.620368204,-1.579367742,-1.523385718,-1.495433997,-1.453383315,-1.402480322,-1.359816808,-1.311758204,-1.268919149,-1.232829286,-1.181985365,-1.143216751,-1.100081054,-1.04383157,-0.986876151,-0.958520465,-0.901577804,-0.855528541,-0.815149641,-0.778648368,-0.727348621,-0.693270537,-0.671249468,-0.632185795,-0.554783566,-0.52532782,-0.528772851,-0.490022356,-0.433624975,-0.368929804,-0.431912146,-0.283459966,-0.21272802,-0.28555707,-0.230316265,-0.293075785,-0.197717613
1969,-1.434813568,-2.771599641,-3.075204004,-3.230622674,-3.239577517,-3.368556231,-3.345823458,-3.515700161,-3.393618635,-3.505845406,-3.484126156,-3.369572125,-3.46470588,-3.412289035,-3.360513511,-3.314258261,-3.241845378,-3.179798541,-3.067526235,-2.975514332,-2.987584625,-3.112945622,-2.989700043,-2.993533958,-2.952335805,-2.909741947,-2.953895213,-2.932557157,-2.97510404,-2.894489815,-2.889073758,-2.827689031,-2.838931615,-2.761702932,-2.79209647,-2.76700389,-2.703115524,-2.693574972,-2.700274846,-2.64054398,-2.597566654,-2.527097348,-2.48598382,-2.448672012,-2.433680378,-2.406713933,-2.36081244,-2.315603522,-2.333388432,-2.223153591,-2.262966469,-2.204745817,-2.115431185,-2.103088159,-2.033858267,-2.041292809,-1.976912233,-1.943361903,-1.89279003,-1.852540104,-1.79153177,-1.770369344,-1.715591827,-1.672743265,-1.636425623,-1.570942501,-1.529986642,-1.481802026,-1.438254811,-1.393683139,-1.349061411,-1.296064109,-1.261972978,-1.22897872,-1.183513443,-1.127063282,-1.096589839,-1.051137322,-1.004373579,-0.974718718,-0.921989306,-0.880793615,-0.839246435,-0.784322789,-0.761979001,-0.698269185,-0.684436865,-0.647021041,-0.6266098,-0.5489631,-0.533185743,-0.5044626,-0.480875845,-0.441626277,-0.389576209,-0.37915632,-0.379395535,-0.278216581,-0.25906442,-0.23712646,-0.28267907
1970,-1.438099963,-2.707522406,-3.034328029,-3.181114585,-3.248720896,-3.310691141,-3.386158178,-3.460923901,-3.425968732,-3.410050399,-3.442492798,-3.53313238,-3.46470588,-3.381951903,-3.388276692,-3.276544328,-3.177178355,-3.090979146,-2.981715692,-3.025028006,-3.022733788,-2.974694135,-3.025028006,-2.959002308,-2.999132278,-2.941194513,-2.928117993,-2.953114809,-2.883060353,-2.86774031,-2.852323676,-2.896196279,-2.827397069,-2.805485658,-2.841637508,-2.750312572,-2.68803434,-2.690156995,-2.637517525,-2.575935475,-2.550830268,-2.530325227,-2.525929497,-2.428873723,-2.417482116,-2.393188853,-2.340559218,-2.305745888,-2.275232754,-2.261219442,-2.179010824,-2.171340103,-2.137868621,-2.068542129,-2.113283726,-1.991272113,-1.986952004,-1.966616459,-1.898081166,-1.852911375,-1.786110529,-1.759650473,-1.71697029,-1.659298161,-1.614930224,-1.566374155,-1.515600498,-1.493265028,-1.420868334,-1.411829173,-1.353959154,-1.29952993,-1.278082267,-1.214755608,-1.188974912,-1.128935206,-1.093562593,-1.042704061,-1.002320981,-0.963283297,-0.911899365,-0.870938808,-0.839948856,-0.79799147,-0.728860334,-0.707721771,-0.655882932,-0.607014785,-0.578134588,-0.559145995,-0.521344058,-0.49492603,-0.451339156,-0.457256711,-0.317685212,-0.347674352,-0.402615292,-0.341013253,-0.29999327,-0.155493002,-0.198603151
1971,-1.439686788,-2.828273546,-3.03574037,-3.236572006,-3.283996656,-3.266802735,-3.37161107,-3.346787486,-3.370590401,-3.444905551,-3.435333936,-3.408935393,-3.493494968,-3.498940738,-3.356547324,-3.256490235,-3.185086819,-3.109578981,-2.973466735,-2.993106292,-2.998699067,-2.984221244,-2.899629455,-2.93516778,-2.910801633,-2.95939766,-2.982966661,-2.894489815,-2.890759031,-2.898596649,-2.89245087,-2.862645889,-2.802719442,-2.750557039,-2.77237035,-2.700710666,-2.651695137,-2.712422191,-2.662940274,-2.597051171,-2.516127546,-2.480303233,-2.461049438,-2.439615077,-2.396963944,-2.365825128,-2.334982175,-2.26816958,-2.270268405,-2.208239196,-2.216882863,-2.088416299,-2.159831151,-2.079511435,-2.0473044,-2.05207638,-1.94904054,-1.908016668,-1.914103189,-1.828683175,-1.813071903,-1.75910146,-1.7012124,-1.649596904,-1.611401528,-1.577968569,-1.531785637,-1.474398098,-1.445656235,-1.382821362,-1.342255944,-1.285452309,-1.259463627,-1.220252037,-1.165102661,-1.127721326,-1.078708991,-1.038256271,-1.003667862,-0.962366365,-0.928954262,-0.883880614,-0.848835546,-0.790216985,-0.747661634,-0.732537274,-0.680660713,-0.64653002,-0.599933688,-0.567253522,-0.549396824,-0.489546148,-0.458229858,-0.48386407,-0.406759359,-0.336844876,-0.324457194,-0.337100574,-0.260726781,-0.154507552,-0.145752273
1972,-1.460434654,-2.839831707,-3.137272472,-3.253365801,-3.364516253,-3.329754147,-3.334419009,-3.536107011,-3.559090918,-3.387216143,-3.444905551,-3.460923901,-3.476253533,-3.563837353,-3.395773947,-3.260427656,-3.304518324,-3.193820026,-3.057991947,-2.988429556,-2.997402019,-3.029188389,-2.953114809,-3.006123085,-2.931814138,-2.964970718,-2.931072388,-2.944239535,-2.898252926,-2.95939766,-2.819300799,-2.882397308,-2.81079051,-2.835647144,-2.776244546,-2.746661995,-2.679023323,-2.649170726,-2.626352528,-2.564474149,-2.563042669,-2.509058795,-2.452840879,-2.445874418,-2.407379179,-2.377475138,-2.31309573,-2.308388126,-2.249954688,-2.242452147,-2.195111255,-2.174573882,-2.076704159,-2.093826636,-2.068898254,-1.997790727,-2.029002634,-1.911120044,-1.913462216,-1.858299443,-1.835825658,-1.768402994,-1.721955563,-1.682166401,-1.6383477,-1.598013901,-1.558147824,-1.517240719,-1.453568392,-1.424015909,-1.370254106,-1.348915911,-1.275978226,-1.247106845,-1.20554681,-1.159348242,-1.115873296,-1.065738961,-1.037408128,-0.982069767,-0.947240669,-0.907939367,-0.85198688,-0.812679552,-0.774933784,-0.734832994,-0.676554006,-0.654232348,-0.601641533,-0.587820113,-0.542295186,-0.54674895,-0.443613061,-0.441901309,-0.41511721,-0.368267136,-0.37923119,-0.309190137,-0.224984065,-0.445789556,-0.20224372
1973,-1.455758273,-2.823619308,-3.066512712,-3.251037139,-3.315154638,-3.48945499,-3.379863945,-3.581698709,-3.503070352,-3.524328812,-3.663540266,-3.515700161,-3.443697499,-3.363512104,-3.345823458,-3.361510743,-3.344861565,-3.150580586,-3.017276612,-3.032452024,-3.050122296,-2.996108834,-3.036684489,-3.036684489,-2.966978555,-3.013676223,-2.958607315,-2.974694135,-2.899284913,-2.866461092,-2.886390849,-2.812479279,-2.85667287,-2.806041022,-2.775208044,-2.72399801,-2.734946211,-2.67943832,-2.628562683,-2.622511617,-2.546528766,-2.543026986,-2.457423524,-2.44721015,-2.407379179,-2.355856949,-2.31884925,-2.294392837,-2.256647049,-2.218747406,-2.203981031,-2.147703034,-2.14454142,-2.057843072,-2.06459351,-2.01215505,-1.97094105,-1.982966661,-1.842301521,-1.851119831,-1.815336955,-1.764850464,-1.726651431,-1.69548793,-1.646353004,-1.599047772,-1.539072103,-1.496372719,-1.444313186,-1.404525824,-1.382810876,-1.329624249,-1.284506416,-1.22225428,-1.189908684,-1.154151899,-1.096334954,-1.052948783,-1.022477588,-0.980111394,-0.927628767,-0.897367374,-0.846364986,-0.796436814,-0.765981581,-0.720522417,-0.685734508,-0.651229932,-0.610024578,-0.564759417,-0.519761591,-0.505544845,-0.464154183,-0.465524594,-0.403691064,-0.412975246,-0.329889653,-0.268791711,-0.254870534,-0.202792032,-0.196693138
1974,-1.409002213,-2.843450849,-3.126098402,-3.215382707,-3.35753548,-3.359518563,-3.37161107,-3.403402904,-3.48945499,-3.492144128,-3.503070352,-3.515700161,-3.425968732,-3.500312917,-3.262012674,-3.278189385,-3.224025669,-3.193820026,-3.024108864,-3.018181393,-3.038578906,-2.976336082,-2.984640245,-2.979224512,-3.009661145,-2.978397284,-2.950781977,-2.955068454,-2.939679971,-2.985479461,-2.859491957,-2.802443787,-2.795880017,-2.777283529,-2.745451923,-2.73400363,-2.718058067,-2.662540739,-2.591760035,-2.606073993,-2.552997102,-2.479516467,-2.433209088,-2.427593132,-2.379447555,-2.373044049,-2.296364762,-2.277942229,-2.239879215,-2.203842123,-2.171855893,-2.147764061,-2.105241006,-2.096801453,-1.988049134,-2.031844063,-1.98146593,-1.918400687,-1.914709422,-1.821742679,-1.805208242,-1.762280368,-1.715930388,-1.684743575,-1.643266838,-1.595405724,-1.55121641,-1.5147756,-1.460785853,-1.415861084,-1.365734387,-1.334681729,-1.278436682,-1.250812695,-1.189875061,-1.151576858,-1.120279232,-1.070785496,-1.039424586,-0.985908087,-0.943861554,-0.897593739,-0.875264344,-0.80840648,-0.779625138,-0.737525179,-0.682410889,-0.65431463,-0.607545757,-0.571497508,-0.536183131,-0.529574807,-0.469238261,-0.434410711,-0.404906293,-0.412795446,-0.367523474,-0.29555862,-0.311135432,-0.258861012,-0.263863355
1975,-1.47375121,-2.923359556,-3.134896025,-3.229147988,-3.381951903,-3.463441557,-3.447331784,-3.498940738,-3.454692884,-3.450996738,-3.628932138,-3.560667306,-3.42365865,-3.463441557,-3.288192771,-3.302770657,-3.186419011,-3.066512712,-3.075720714,-3.051587034,-2.991399828,-2.97674754,-3.013228266,-2.991399828,-2.998266287,-2.966978555,-2.998266287,-2.959793372,-2.946153573,-2.963770456,-2.871923987,-2.803547458,-2.818728228,-2.765482716,-2.729321164,-2.755228239,-2.686343653,-2.650528201,-2.653842698,-2.596879479,-2.496073196,-2.515842576,-2.460547508,-2.428291168,-2.358823453,-2.312114475,-2.298863934,-2.259242677,-2.213106675,-2.168194191,-2.145147638,-2.132532512,-2.062682752,-2.059135024,-2.023741751,-1.949852342,-1.995077051,-1.912396026,-1.891130671,-1.882331059,-1.772036209,-1.756341973,-1.707190335,-1.665787591,-1.646449199,-1.600014944,-1.540034863,-1.500367895,-1.451905535,-1.408935393,-1.366077288,-1.301160304,-1.285117244,-1.22519117,-1.199049345,-1.131496627,-1.098351001,-1.056302729,-1.011726505,-0.972923696,-0.929999096,-0.883369015,-0.845311331,-0.800804502,-0.760560368,-0.72108414,-0.687033926,-0.633330546,-0.612989457,-0.550213153,-0.526342265,-0.468563237,-0.48450633,-0.460048664,-0.422479478,-0.391984509,-0.345665562,-0.312463013,-0.289426569,-0.397153562,-0.308253865
1976,-1.523588673,-2.926648298,-3.135488919,-3.318758763,-3.42365865,-3.360513511,-3.508638306,-3.591760035,-3.580044252,-3.591760035,-3.698970004,-3.575118363,-3.575118363,-3.40560745,-3.366531544,-3.269217724,-3.188424994,-3.122053048,-3.107348966,-3.030584088,-3.020451625,-3.018634491,-3.050609993,-3.024568191,-3.078313525,-3.015472687,-2.954677021,-2.940815382,-2.994390555,-2.878440156,-2.857610534,-2.847405922,-2.802719442,-2.804100348,-2.746904414,-2.739928612,-2.694433686,-2.644740094,-2.576590272,-2.515842576,-2.525783736,-2.53387413,-2.467118281,-2.386052523,-2.384365531,-2.314168725,-2.29081487,-2.251889533,-2.209644454,-2.168194191,-2.1590788,-2.115487841,-2.065905732,-2.039671949,-2.010416711,-1.984556412,-1.906473256,-1.935916564,-1.881768352,-1.817300097,-1.82474919,-1.724596497,-1.706593245,-1.69011444,-1.615449468,-1.589458952,-1.546467624,-1.491510682,-1.45671439,-1.408267761,-1.363131135,-1.318415082,-1.265184175,-1.235898624,-1.171533453,-1.145584639,-1.09293815,-1.059433714,-1.021814916,-0.981861452,-0.93420002,-0.905493934,-0.843066393,-0.793897651,-0.768859313,-0.717921945,-0.668653698,-0.654040416,-0.596030602,-0.57593711,-0.527211382,-0.519454119,-0.479960815,-0.447443717,-0.358255283,-0.354592469,-0.346950619,-0.275326892,-0.265224165,-0.384402364,-0.335685279
1977,-1.581881084,-2.951169913,-3.22184875,-3.425968732,-3.428291168,-3.407823243,-3.436518915,-3.463441557,-3.393618635,-3.602059991,-3.617982957,-3.460923901,-3.505845406,-3.562249437,-3.283996656,-3.343901798,-3.187755303,-3.117475462,-3.137868621,-2.971428747,-3.021363052,-3.022276395,-2.98505965,-3.085656843,-2.997833938,-3.074172425,-2.937794191,-2.935916564,-2.971022295,-2.915423722,-2.835052627,-2.834162375,-2.800519085,-2.792634963,-2.759450752,-2.655411257,-2.70158362,-2.624519285,-2.61852391,-2.567993313,-2.514420523,-2.504733256,-2.439017944,-2.383314479,-2.393403691,-2.296107046,-2.262330373,-2.262330373,-2.201418405,-2.174963559,-2.11696349,-2.098160408,-2.063084319,-2.035598929,-2.018634491,-1.984807958,-1.953270778,-1.851675037,-1.897737851,-1.830795963,-1.795391711,-1.786641646,-1.69184126,-1.686829052,-1.6377815,-1.592830124,-1.539027026,-1.500422879,-1.446833301,-1.403270987,-1.367350406,-1.333229378,-1.279973073,-1.227825039,-1.178814117,-1.144044952,-1.109456032,-1.051572362,-1.020064848,-0.977456162,-0.936351451,-0.912584196,-0.860020219,-0.822492358,-0.776932594,-0.741580637,-0.699395822,-0.654883197,-0.624442458,-0.577981717,-0.570973226,-0.527224542,-0.495112035,-0.453978309,-0.435779109,-0.382110999,-0.37187377,-0.34743845,-0.368214409,-0.249919167,-0.272551467
1978,-1.617748754,-2.929223537,-3.217527376,-3.42945706,-3.40560745,-3.377785977,-3.448550002,-3.404503778,-3.508638306,-3.709965389,-3.527243551,-3.395773947,-3.462180905,-3.55129368,-3.343901798,-3.27083521,-3.147520006,-3.145086978,-3.039529222,-3.013228266,-3.042392713,-3.049635146,-3.062983893,-3.003050752,-3.007446482,-2.979638717,-2.953504836,-2.973875483,-2.901356274,-2.925549281,-2.886390849,-2.793443956,-2.832978204,-2.688670048,-2.68613278,-2.665345233,-2.623423043,-2.593289541,-2.526367073,-2.511872504,-2.490528648,-2.405496956,-2.414877814,-2.394587202,-2.353008463,-2.263444153,-2.260823368,-2.190238335,-2.196133366,-2.131708312,-2.107348966,-2.071604148,-2.020952673,-2.016013078,-1.968187729,-1.942828558,-1.901287069,-1.906298215,-1.791128862,-1.846215614,-1.77715352,-1.725126617,-1.718058067,-1.62203843,-1.603208045,-1.562709335,-1.535331645,-1.486542672,-1.439866118,-1.392738039,-1.356873167,-1.300118934,-1.266040779,-1.21229163,-1.16790642,-1.120130309,-1.075544964,-1.044701991,-0.990782887,-0.963015991,-0.910967885,-0.867407351,-0.842658092,-0.792562227,-0.750843239,-0.71631667,-0.692106219,-0.634450245,-0.593313376,-0.570730717,-0.541389342,-0.491547047,-0.420216403,-0.424888394,-0.37604607,-0.394544109,-0.277160494,-0.367118744,-0.370143084,-0.245566802,-0.174972655
1979,-1.624391248,-2.982966661,-3.234331445,-3.417936637,-3.416801226,-3.399027104,-3.534617149,-3.501689446,-3.57024772,-3.463441557,-3.46470588,-3.614393726,-3.503070352,-3.424812155,-3.427128398,-3.359518563,-3.216096421,-3.115204636,-3.038104526,-2.972650392,-3.000869459,-3.020451625,-3.040005162,-3.102372909,-2.997833938,-2.988429556,-2.957818405,-2.927015255,-2.900319359,-2.856048884,-2.85667287,-2.805485658,-2.813043665,-2.743763467,-2.674279142,-2.661543506,-2.633203617,-2.582528307,-2.548060131,-2.531357332,-2.487582451,-2.413075292,-2.42400438,-2.318216234,-2.33866066,-2.308299792,-2.247413821,-2.204119983,-2.19388789,-2.131473113,-2.092642392,-2.060281118,-2.011262725,-1.990804146,-1.957345747,-1.95373902,-1.895717793,-1.845119755,-1.839291428,-1.747729654,-1.797975105,-1.725265015,-1.670846289,-1.679562896,-1.602999082,-1.576066355,-1.537946579,-1.494104219,-1.453580733,-1.405894864,-1.368434483,-1.311037649,-1.270155132,-1.241769592,-1.189875061,-1.149709186,-1.107549199,-1.058528322,-1.029397458,-0.979369439,-0.942885671,-0.89828385,-0.852911375,-0.826001283,-0.77649108,-0.767435859,-0.70963367,-0.671669334,-0.619540919,-0.590224062,-0.570556195,-0.516892189,-0.518003032,-0.457442201,-0.423557288,-0.365553968,-0.406531169,-0.386681549,-0.382451367,-0.367676357,-0.245874986
1980,-1.64851291,-2.974284616,-3.202732459,-3.333482019,-3.492144128,-3.474955193,-3.434152181,-3.524328812,-3.401209493,-3.642065153,-3.463441557,-3.518557371,-3.462180905,-3.437707136,-3.424812155,-3.316052869,-3.231361899,-3.141462802,-3.088309841,-2.984221244,-2.938170693,-2.973058372,-2.955852379,-2.994819487,-2.983384452,-2.987584625,-2.900319359,-2.929962133,-2.849857838,-2.854803594,-2.863913903,-2.813326133,-2.791827473,-2.744004273,-2.70333481,-2.637517525,-2.584025589,-2.53521248,-2.538351432,-2.474436942,-2.428174751,-2.402304814,-2.35753548,-2.32330639,-2.277777536,-2.244811414,-2.2153114,-2.20059052,-2.139123204,-2.090764997,-2.068949153,-2.039767127,-1.985983771,-1.954677021,-1.935766704,-1.908720036,-1.847436486,-1.843299447,-1.774923438,-1.774923438,-1.684827643,-1.735890844,-1.645008497,-1.608853094,-1.597532269,-1.53851648,-1.519202843,-1.481249237,-1.444446096,-1.388117444,-1.344573412,-1.301195059,-1.259061265,-1.207986732,-1.182249582,-1.124128809,-1.080482603,-1.047682296,-1.00101744,-0.970482302,-0.904980672,-0.877404076,-0.834411462,-0.799732416,-0.770958427,-0.723278616,-0.678385002,-0.644784178,-0.618989668,-0.546126913,-0.533755364,-0.498776367,-0.452066615,-0.427557098,-0.412433824,-0.35820574,-0.350026828,-0.31221161,-0.27793564,-0.205021471,-0.288406176
1981,-1.68432348,-3.023650021,-3.325138859,-3.401209493,-3.427128398,-3.54668166,-3.442492798,-3.53165267,-3.496209317,-3.716698771,-3.4867824,-3.692503962,-3.557520231,-3.443697499,-3.315154638,-3.327902142,-3.22475374,-3.164943898,-3.080398976,-2.936291441,-2.991825816,-2.925549281,-2.985479461,-3.03574037,-2.914352712,-2.913640169,-2.898940645,-2.907279355,-2.893469146,-2.845880474,-2.748848657,-2.777283529,-2.707300997,-2.730253627,-2.630969778,-2.661344334,-2.599462011,-2.540306024,-2.507099989,-2.440811811,-2.443335738,-2.363211311,-2.335640125,-2.329939783,-2.252588192,-2.240483241,-2.184687956,-2.171340103,-2.140081515,-2.089695832,-2.04320748,-2.005462896,-1.960268704,-1.9198788,-1.905703603,-1.878505814,-1.842573455,-1.823127714,-1.816075648,-1.766242637,-1.752345824,-1.661145254,-1.691179567,-1.647258085,-1.580093794,-1.585310707,-1.477868884,-1.468457221,-1.433303305,-1.389201481,-1.350139632,-1.307205939,-1.272922563,-1.221877704,-1.168302954,-1.140273431,-1.076227687,-1.049119362,-1.024402777,-0.960942982,-0.937508268,-0.884379505,-0.858155308,-0.8036414,-0.767769023,-0.743306302,-0.706575565,-0.643436868,-0.627008874,-0.595986061,-0.555167004,-0.526342265,-0.495061792,-0.449950295,-0.43514109,-0.362301179,-0.389980041,-0.381707093,-0.473500477,-0.27265723,-0.294628995
1982,-1.703927434,-2.966978555,-3.26760624,-3.448550002,-3.413412695,-3.530177984,-3.463441557,-3.490797478,-3.655607726,-3.496209317,-3.500312917,-3.627087997,-3.525783736,-3.478861916,-3.435333936,-3.247183569,-3.254144805,-3.126098402,-3.045275209,-3.012333735,-3.019088062,-2.98088371,-3.034328029,-3.067019178,-3.001304842,-2.970616222,-2.896196279,-2.950394387,-2.959793372,-2.887730232,-2.838631998,-2.788078916,-2.761953897,-2.715118285,-2.639406586,-2.620150821,-2.618884919,-2.539252458,-2.475603878,-2.487715937,-2.427709394,-2.413975618,-2.355561411,-2.299902295,-2.263842625,-2.242452147,-2.213887716,-2.156269035,-2.136498699,-2.092373695,-2.066917838,-2.01188716,-1.986657096,-1.927860437,-1.929149747,-1.898803014,-1.851489889,-1.81256389,-1.78130698,-1.76273281,-1.716789259,-1.698167302,-1.610993482,-1.663200169,-1.59311933,-1.558886407,-1.559862633,-1.454878519,-1.430029492,-1.402480322,-1.351776642,-1.309228197,-1.268000501,-1.221827035,-1.185565937,-1.13076828,-1.116253417,-1.073025097,-1.013228266,-0.976508847,-0.922417726,-0.885322309,-0.845837839,-0.818931404,-0.752829816,-0.73715751,-0.70104,-0.654302875,-0.615781035,-0.609987424,-0.564883783,-0.518917283,-0.479855913,-0.450100857,-0.410338535,-0.403049016,-0.367843477,-0.301728903,-0.318218041,-0.19446584,-0.256650185
1983,-1.722941164,-2.961379838,-3.250263684,-3.455931956,-3.425968732,-3.454692884,-3.453457337,-3.563837353,-3.623423043,-3.514278574,-3.53313238,-3.528708289,-3.590066877,-3.419075024,-3.389339837,-3.28567024,-3.286509457,-3.140861703,-3.036684489,-3.031050319,-2.95546024,-3.010105436,-2.943476276,-2.996539468,-2.973058372,-2.963371105,-2.8569852,-2.864867349,-2.874518734,-2.878768545,-2.790753151,-2.739213331,-2.685922008,-2.661543506,-2.644931794,-2.609418121,-2.547906751,-2.53521248,-2.434624497,-2.397831449,-2.398809467,-2.358129455,-2.315334136,-2.262171494,-2.239652921,-2.168258166,-2.173925197,-2.125344267,-2.084178212,-2.068389594,-2.032545632,-2.008419543,-1.951713607,-1.936516522,-1.912041211,-1.860026512,-1.82501035,-1.784336004,-1.76649624,-1.751707877,-1.727601368,-1.669829825,-1.650062303,-1.563662398,-1.60982469,-1.542133236,-1.506918547,-1.509072818,-1.416744533,-1.388765415,-1.351015834,-1.307690776,-1.256670575,-1.222870543,-1.183844904,-1.134333525,-1.091268415,-1.053881936,-1.024954403,-0.966069863,-0.920193097,-0.881722044,-0.844542499,-0.806174415,-0.759650473,-0.717844829,-0.690989783,-0.652404609,-0.602172923,-0.570313919,-0.545347186,-0.495662369,-0.475184717,-0.480206121,-0.428255076,-0.352816616,-0.438161895,-0.363480009,-0.360223746,-0.277642535,-0.235972645
1984,-1.685732401,-3.032920266,-3.22475374,-3.413412695,-3.661543506,-3.494850022,-3.612610174,-3.621602099,-3.671620397,-3.707743929,-3.560667306,-3.645891561,-3.559090918,-3.467245621,-3.543633967,-3.347753659,-3.191789027,-3.126098402,-3.148741651,-2.991825816,-2.953895213,-3.041436117,-3.037630664,-2.987162775,-2.910094889,-2.910094889,-2.923359556,-2.887060024,-2.857610534,-2.817870786,-2.807153885,-2.750312572,-2.665345233,-2.664141089,-2.603800653,-2.589391457,-2.569763647,-2.496754229,-2.459670525,-2.422623108,-2.385946894,-2.361111575,-2.313989709,-2.26520017,-2.237321436,-2.210560315,-2.162537829,-2.146423456,-2.093611079,-2.064492734,-2.005243055,-2.023879382,-1.964170175,-1.920023276,-1.906473256,-1.842361936,-1.833747548,-1.793551936,-1.758578048,-1.73379183,-1.695315634,-1.67302955,-1.639198387,-1.615736214,-1.537811712,-1.607584462,-1.506876687,-1.467411219,-1.468482765,-1.383976345,-1.359091435,-1.319292911,-1.284866115,-1.226484159,-1.191613454,-1.144923238,-1.105301882,-1.065163335,-1.017823779,-0.982378256,-0.935235118,-0.900464378,-0.843275228,-0.825536047,-0.778533598,-0.73721679,-0.715959743,-0.672583845,-0.634826618,-0.596526007,-0.562728376,-0.531020891,-0.508800847,-0.449753297,-0.409851718,-0.40595237,-0.375231272,-0.373949259,-0.260531297,-0.345521194,-0.272227018
1985,-1.673766579,-3.094743951,-3.258848401,-3.37161107,-3.360513511,-3.576754126,-3.446116973,-3.562249437,-3.739928612,-3.563837353,-3.643974143,-3.669586227,-3.632644079,-3.642065153,-3.474955193,-3.3400838,-3.246416941,-3.185752404,-3.053547735,-2.995248844,-2.972650392,-3.049148541,-3.01278077,-2.956637722,-2.957818405,-2.910801633,-2.903089987,-2.805208242,-2.862962545,-2.852014679,-2.75325529,-2.72514968,-2.677573948,-2.690156995,-2.585026652,-2.583193128,-2.512861625,-2.490125715,-2.454569171,-2.458295977,-2.392652223,-2.315423913,-2.303818413,-2.276134036,-2.255081458,-2.163929191,-2.146666895,-2.137510833,-2.084916898,-2.081445469,-2.041101805,-1.979348732,-1.958962792,-1.9466142,-1.896333086,-1.874681422,-1.827397069,-1.797321006,-1.753206081,-1.725541945,-1.695423311,-1.684449466,-1.647354481,-1.608623761,-1.592983209,-1.523530676,-1.558289158,-1.490488338,-1.430696332,-1.420284982,-1.324139205,-1.326960652,-1.277234493,-1.248389911,-1.20012897,-1.149163917,-1.103865265,-1.065703593,-1.031400321,-0.986147797,-0.952308566,-0.888357813,-0.851804687,-0.804244214,-0.775479886,-0.719428458,-0.694597034,-0.659167375,-0.627931642,-0.587655392,-0.558501244,-0.504398778,-0.493240689,-0.423694362,-0.42481331,-0.369611793,-0.368350294,-0.282682401,-0.324743308,-0.251113786,-0.273228793
1986,-1.719080337,-3.089909454,-3.214670165,-3.469800302,-3.428291168,-3.404503778,-3.543633967,-3.576754126,-3.623423043,-3.632644079,-3.591760035,-3.665546249,-3.657577319,-3.522878745,-3.517126416,-3.36251027,-3.339134522,-3.115204636,-3.079354999,-3.000434512,-3.112945622,-3.09420412,-3.078833949,-2.989276135,-2.970616222,-2.927382523,-2.958212681,-2.861381566,-2.841939206,-2.771856392,-2.742561433,-2.713094647,-2.683191248,-2.665747358,-2.598082749,-2.561141341,-2.548060131,-2.517555208,-2.490394295,-2.421934116,-2.395342028,-2.369165482,-2.291324207,-2.287939858,-2.241921178,-2.209714836,-2.167554959,-2.139123204,-2.109690783,-2.031050319,-2.037062712,-2.005770859,-1.953426802,-1.936554047,-1.91129704,-1.851212316,-1.828595365,-1.799477808,-1.774303128,-1.713341475,-1.696285691,-1.685058913,-1.62963497,-1.612930673,-1.566342153,-1.550691341,-1.460585133,-1.514590924,-1.445062845,-1.392716584,-1.393607885,-1.293154252,-1.282237989,-1.243576908,-1.198363082,-1.162588345,-1.118022232,-1.076388179,-1.028334575,-0.985903883,-0.956602351,-0.893119269,-0.850685415,-0.821967447,-0.773740447,-0.746005717,-0.705326596,-0.656059942,-0.646874639,-0.598392702,-0.54030301,-0.50331523,-0.494613938,-0.467361533,-0.419144563,-0.375525042,-0.436704063,-0.34952734,-0.301237638,-0.350629114,-0.225664089
1987,-1.757930888,-3.046723663,-3.224025669,-3.3400838,-3.403402904,-3.503070352,-3.659555885,-3.575118363,-3.655607726,-3.643974143,-3.621602099,-3.694648631,-3.675717545,-3.49757288,-3.476253533,-3.353596274,-3.290730039,-3.102922997,-3.084072788,-3.01188716,-3.139063379,-3.064492734,-3.054531415,-2.972242795,-2.946537395,-2.988852639,-2.911863911,-2.931072388,-2.818442226,-2.818156412,-2.780939668,-2.686765708,-2.709520187,-2.661344334,-2.643591673,-2.595679533,-2.57642648,-2.514278574,-2.488116639,-2.428640607,-2.408267761,-2.42136079,-2.311936303,-2.28777133,-2.267123959,-2.231066058,-2.182104243,-2.136974704,-2.101055533,-2.0759793,-2.029606628,-2.002919565,-1.962016051,-1.947113765,-1.905458999,-1.871116298,-1.831531981,-1.808241679,-1.791908155,-1.735441887,-1.71584008,-1.658268792,-1.648165057,-1.614304375,-1.586097002,-1.541770202,-1.545673555,-1.43860044,-1.502365541,-1.420719562,-1.379582838,-1.356172413,-1.279369433,-1.255276848,-1.212121727,-1.18482087,-1.133246119,-1.089920138,-1.049304195,-1.007433228,-0.953660944,-0.932033197,-0.88401692,-0.837635762,-0.788980966,-0.759076521,-0.732556043,-0.677666976,-0.637204735,-0.615291839,-0.579856043,-0.555167004,-0.464422352,-0.49573036,-0.443838668,-0.428841079,-0.418053753,-0.34324175,-0.318528105,-0.212879726,-0.25244837
1988,-1.79827523,-3.076238039,-3.303643611,-3.600326279,-3.379863945,-3.625251654,-3.534617149,-3.583359493,-3.684029655,-3.735182177,-3.580044252,-3.571865206,-3.684029655,-3.563837353,-3.48148606,-3.412289035,-3.346787486,-3.119758224,-3.028724151,-3.132532512,-3.099086932,-3.020451625,-3.050609993,-3.080921908,-2.966174306,-3.006123085,-2.914709422,-2.929592678,-2.816730156,-2.896880746,-2.795337488,-2.725842151,-2.697669071,-2.691222226,-2.622147581,-2.621420424,-2.548060131,-2.548827842,-2.462684727,-2.443576879,-2.427476902,-2.369368756,-2.349401102,-2.293367549,-2.251191995,-2.240709967,-2.191924132,-2.143996546,-2.112832979,-2.089215565,-2.044360347,-1.996194926,-1.986362388,-1.937756559,-1.912893256,-1.88679223,-1.853809927,-1.809640284,-1.786163612,-1.761351825,-1.725980777,-1.659694723,-1.634905305,-1.622784844,-1.580358114,-1.560983272,-1.51484665,-1.507309439,-1.411683465,-1.465326744,-1.396336085,-1.362800564,-1.342657263,-1.258273401,-1.233750788,-1.194709884,-1.149604981,-1.104931222,-1.054044215,-1.006343371,-0.976278509,-0.928674098,-0.898613843,-0.842636931,-0.802793899,-0.798859704,-0.743123571,-0.707168205,-0.652486546,-0.621771125,-0.578192134,-0.556879453,-0.53908713,-0.477383648,-0.468995234,-0.437424044,-0.367064134,-0.316154486,-0.319139842,-0.35462981,-0.35204031
1989,-1.799313624,-3.076755981,-3.279014256,-3.42945706,-3.327902142,-3.530177984,-3.557520231,-3.581698709,-3.488116639,-3.562249437,-3.642065153,-3.542118103,-3.698970004,-3.548213564,-3.453457337,-3.369572125,-3.220403509,-3.149966742,-3.139063379,-3.015022874,-3.063486258,-3.04769199,-2.97674754,-2.98088371,-2.946921557,-2.916855857,-2.94195377,-2.850780887,-2.84103474,-2.819014419,-2.736127323,-2.696156225,-2.66594856,-2.617262734,-2.59722293,-2.538801711,-2.51741223,-2.494714326,-2.455435903,-2.394156461,-2.407490152,-2.340464093,-2.306976932,-2.25641185,-2.220692172,-2.164309429,-2.154467883,-2.111932887,-2.079407138,-2.049781233,-2.01376587,-1.970048358,-1.943400024,-1.935729247,-1.876638441,-1.85870704,-1.839801674,-1.786588505,-1.751168807,-1.725772854,-1.696026797,-1.662261283,-1.625765048,-1.596930979,-1.586097002,-1.538201442,-1.513895541,-1.475045951,-1.467831868,-1.384723469,-1.42408509,-1.339732325,-1.321126683,-1.300318336,-1.195376773,-1.195084032,-1.149408897,-1.111040264,-1.058185561,-1.015702271,-0.982532583,-0.927683915,-0.882642517,-0.852135162,-0.794457321,-0.763946677,-0.729677595,-0.687926362,-0.659803841,-0.618973412,-0.57601727,-0.548731036,-0.527030112,-0.498773628,-0.446817504,-0.384473934,-0.400701108,-0.318784097,-0.340871375,-0.461124777,-0.269371934
1990,-1.81692955,-3.116906641,-3.341035157,-3.351639989,-3.478861916,-3.643974143,-3.443697499,-3.583359493,-3.410050399,-3.632644079,-3.595166283,-3.749579998,-3.653647026,-3.494850022,-3.443697499,-3.27083521,-3.244887734,-3.053056729,-3.096910013,-3.011441043,-2.948076084,-3.013228266,-2.987162775,-2.972650392,-2.935542011,-2.949233689,-2.915423722,-2.854803594,-2.830325566,-2.813043665,-2.7490923,-2.679023323,-2.636952405,-2.642065153,-2.574302787,-2.555642874,-2.500312917,-2.462558717,-2.387216143,-2.428058365,-2.376543952,-2.329290405,-2.294649537,-2.260427656,-2.224316751,-2.171984936,-2.103970088,-2.121708051,-2.079981084,-2.045757491,-2.016373713,-2.000130308,-1.942562132,-1.912254065,-1.881801432,-1.859491957,-1.811802983,-1.785686103,-1.757433727,-1.716902395,-1.698210653,-1.66594856,-1.636275231,-1.598082749,-1.57598455,-1.544911394,-1.518930193,-1.477634025,-1.452114582,-1.429667253,-1.346642746,-1.391687957,-1.321527147,-1.273982256,-1.246263778,-1.163302526,-1.156194356,-1.111719388,-1.055843171,-1.019428552,-0.969578404,-0.940277584,-0.89038771,-0.849160699,-0.810184158,-0.762112079,-0.742012011,-0.702655385,-0.653175817,-0.614527789,-0.575642772,-0.540048417,-0.520846666,-0.475585702,-0.435794508,-0.362521278,-0.343085746,-0.346382334,-0.324988305,-0.359273162,-0.390863602
1991,-1.800985729,-3.060480747,-3.344861565,-3.455931956,-3.449771647,-3.431798276,-3.588380294,-3.57024772,-3.627087997,-3.559090918,-3.573488739,-3.68613278,-3.735182177,-3.598599459,-3.580044252,-3.317854924,-3.347753659,-3.229147988,-3.104577454,-3.042871802,-2.97798426,-2.981299501,-3.007004902,-3.046723663,-3.03574037,-2.957030927,-2.910094889,-2.857923539,-2.796423225,-2.798056937,-2.819587367,-2.72607322,-2.645507399,-2.648590248,-2.571217489,-2.54090921,-2.51215488,-2.44648106,-2.433798281,-2.364114315,-2.346594509,-2.325230686,-2.268653024,-2.239803771,-2.208660296,-2.186285608,-2.1340082,-2.080764962,-2.053154886,-2.04272802,-1.998525903,-1.974120917,-1.941687879,-1.895581179,-1.884822334,-1.858330783,-1.819186224,-1.78968148,-1.752051271,-1.752026734,-1.694713135,-1.685732401,-1.627437782,-1.596707855,-1.576737738,-1.53624135,-1.524503145,-1.482461026,-1.462080211,-1.420822553,-1.4069134,-1.306563264,-1.367127846,-1.286635479,-1.238944632,-1.223451354,-1.130856322,-1.125413825,-1.067835831,-1.04714462,-0.992845623,-0.952328022,-0.902222265,-0.865086938,-0.813086023,-0.776369093,-0.738061823,-0.691032424,-0.665069993,-0.615702153,-0.611674956,-0.556758923,-0.519010535,-0.468124013,-0.45036906,-0.434002328,-0.377008261,-0.390753593,-0.343370999,-0.368520718,-0.296482504
1992,-1.855768382,-3.143875556,-3.223298816,-3.609064893,-3.559090918,-3.661543506,-3.804100348,-3.591760035,-3.522878745,-3.642065153,-3.571865206,-3.774690718,-3.659555885,-3.565431096,-3.540607512,-3.403402904,-3.26520017,-3.141462802,-3.13430394,-3.028724151,-3.056011125,-3.033858267,-3.011441043,-2.954677021,-2.972650392,-2.985479461,-2.954285941,-2.850780887,-2.940436582,-2.768020973,-2.755722879,-2.711080394,-2.631899148,-2.584525832,-2.536853863,-2.504594437,-2.466609292,-2.41273815,-2.41273815,-2.333014282,-2.308564848,-2.251037139,-2.213887716,-2.202040356,-2.170567566,-2.110194248,-2.131414333,-2.088150204,-2.033154576,-1.999522539,-1.991911064,-1.915888648,-1.896059515,-1.890185304,-1.856891477,-1.829474267,-1.796477583,-1.771471323,-1.731749745,-1.730370326,-1.696976831,-1.648725624,-1.646930497,-1.599427476,-1.574612525,-1.525084764,-1.489991487,-1.470903452,-1.440955641,-1.409726752,-1.369511104,-1.35919073,-1.27981588,-1.323507584,-1.235241213,-1.209348972,-1.193284274,-1.090395837,-1.072532111,-1.040157572,-0.98610994,-0.947868042,-0.90126285,-0.860227927,-0.825498269,-0.773255784,-0.75037612,-0.701568328,-0.670657047,-0.62027218,-0.589891167,-0.563261857,-0.505263952,-0.499013355,-0.476930207,-0.395143489,-0.385643881,-0.3928786,-0.326483303,-0.350607694,-0.238518708
1993,-1.906508273,-3.124360063,-3.2915791,-3.32330639,-3.507239611,-3.835647144,-3.696803943,-3.630784143,-3.580044252,-3.630784143,-3.602059991,-3.749579998,-3.795880017,-3.576754126,-3.435333936,-3.49757288,-3.327902142,-3.258848401,-3.212539525,-3.151195299,-3.109578981,-3.11463878,-3.086716098,-2.981299501,-3.058488567,-3.023650021,-2.966978555,-2.901356274,-2.871600731,-2.807153885,-2.727462223,-2.67141655,-2.705754284,-2.594482893,-2.596193389,-2.482408269,-2.40494491,-2.410832609,-2.327255802,-2.327163546,-2.296880654,-2.23047498,-2.200521601,-2.165706488,-2.150949309,-2.129771721,-2.073451775,-2.089002284,-2.01430414,-1.991144436,-1.951480512,-1.915566723,-1.898768613,-1.861192235,-1.85823677,-1.825271667,-1.811071516,-1.781097049,-1.732757851,-1.720036633,-1.671396171,-1.652689504,-1.612272125,-1.593630165,-1.556830924,-1.549073797,-1.507281506,-1.465631165,-1.430263354,-1.403853925,-1.381878655,-1.328271912,-1.32776356,-1.235584735,-1.308317457,-1.208169052,-1.161364962,-1.152297812,-1.042498067,-1.039434097,-1.003238855,-0.950630776,-0.911761111,-0.858948643,-0.824337456,-0.790369725,-0.741726777,-0.715161108,-0.670175156,-0.615087722,-0.567948344,-0.535960778,-0.5127018,-0.466721218,-0.453900494,-0.403239113,-0.387960377,-0.358026441,-0.303600796,-0.321647358,-0.169819516
1994,-1.939377696,-3.086716098,-3.302770657,-3.496209317,-3.625251654,-3.764471553,-3.628932138,-3.647817482,-3.806875402,-3.869666232,-3.634512015,-3.787812396,-3.809668302,-3.627087997,-3.517126416,-3.555955204,-3.313363731,-3.231361899,-3.232102384,-3.097997109,-3.069560405,-3.127843727,-3.028260409,-3.001740662,-3.107348966,-3.116906641,-2.966978555,-3.028724151,-2.94195377,-2.861381566,-2.840733669,-2.731422028,-2.686343653,-2.586030028,-2.617622697,-2.509199048,-2.469160221,-2.388595362,-2.351152292,-2.339513984,-2.302683458,-2.262568799,-2.20238627,-2.166852888,-2.145936988,-2.097290187,-2.095446737,-2.047449706,-2.053842605,-1.998699067,-1.946537395,-1.956755646,-1.907068924,-1.876213671,-1.863057587,-1.834399597,-1.799176851,-1.767613854,-1.756292413,-1.727184066,-1.683819901,-1.684470467,-1.6303204,-1.600118697,-1.581267943,-1.555424377,-1.518399735,-1.486649201,-1.447964831,-1.427628008,-1.381470783,-1.350752788,-1.305079065,-1.298596094,-1.210024654,-1.247344733,-1.168245371,-1.1401055,-1.131767132,-1.02974613,-1.004979394,-0.95280304,-0.933189724,-0.875156819,-0.849765641,-0.804399201,-0.758911962,-0.726813468,-0.682680614,-0.657516127,-0.607507055,-0.545313648,-0.507744021,-0.491836724,-0.472478364,-0.423085345,-0.418753697,-0.366808369,-0.317861244,-0.362312181,-0.265513007
1995,-1.968510744,-3.18243463,-3.387216143,-3.474955193,-3.485452247,-3.610833916,-3.610833916,-3.692503962,-3.754487332,-3.634512015,-3.688246139,-3.651695137,-3.580044252,-3.614393726,-3.4867824,-3.448550002,-3.373659633,-3.252588192,-3.18243463,-3.210419288,-3.219682688,-3.170696227,-3.142667504,-3.086186148,-3.071604148,-3.077793723,-3.024568191,-2.992679047,-2.929223537,-2.898596649,-2.815024809,-2.782779344,-2.735418271,-2.620513186,-2.575281663,-2.565431096,-2.487582451,-2.457921854,-2.382685067,-2.350178537,-2.315873074,-2.268330668,-2.221414672,-2.200039473,-2.171211252,-2.140921775,-2.106127321,-2.052762392,-2.021226216,-2.009794385,-1.97905894,-1.932891931,-1.943247559,-1.88585625,-1.879064307,-1.840793866,-1.816104085,-1.769499988,-1.748946098,-1.733133559,-1.6916277,-1.674320173,-1.64981015,-1.625728357,-1.585427724,-1.552283949,-1.515187853,-1.498707898,-1.470787874,-1.428582348,-1.404900777,-1.344640631,-1.332500351,-1.294760821,-1.260498857,-1.179844535,-1.219805143,-1.167842497,-1.108780435,-1.098084194,-0.985971156,-0.95409444,-0.930006489,-0.889107399,-0.835248728,-0.80072764,-0.759343439,-0.71473532,-0.686850169,-0.647155928,-0.61643236,-0.561214072,-0.544689095,-0.475027798,-0.501222314,-0.402214894,-0.427821034,-0.345348979,-0.294878985,-0.26764565,-0.290564665
1996,-1.977612874,-3.175223538,-3.329754147,-3.500312917,-3.707743929,-3.567030709,-3.642065153,-3.690369833,-3.946921557,-3.605548319,-3.790484985,-3.560667306,-3.73754891,-3.665546249,-3.53313238,-3.453457337,-3.36251027,-3.42136079,-3.296708622,-3.189095719,-3.193820026,-3.191114133,-3.211831629,-3.142064735,-3.154281982,-3.097453221,-3.095825632,-3.027797162,-2.939679971,-2.940436582,-2.910094889,-2.836540448,-2.761953897,-2.759950228,-2.729321164,-2.659555885,-2.508078287,-2.496754229,-2.468648835,-2.384470776,-2.373249146,-2.315962963,-2.295334815,-2.228927217,-2.195315485,-2.157577997,-2.119987162,-2.102317938,-2.075255648,-2.03498655,-2.027426919,-1.96385037,-1.946076849,-1.947575412,-1.924489535,-1.868862726,-1.824633169,-1.812930729,-1.778585762,-1.749336081,-1.733674209,-1.696307273,-1.669890745,-1.634343571,-1.604429003,-1.572254301,-1.539192332,-1.507840498,-1.46654571,-1.439292523,-1.393188853,-1.380239037,-1.308582524,-1.290390879,-1.251928317,-1.221696773,-1.139949622,-1.201066361,-1.119066422,-1.061345204,-1.032442664,-0.941873985,-0.919261707,-0.878538646,-0.837453515,-0.803315455,-0.760447777,-0.712283346,-0.669018362,-0.618982443,-0.600056442,-0.556014572,-0.516429818,-0.518146205,-0.466908251,-0.40970221,-0.385047974,-0.408135469,-0.280247883,-0.274230435,-0.378442579
1997,-2.013049212,-3.149966742,-3.353596274,-3.493494968,-3.537602002,-3.690369833,-3.844663963,-3.642065153,-3.673664139,-3.694648631,-4.142667504,-3.970616222,-3.806875402,-3.655607726,-3.623423043,-3.503070352,-3.384049948,-3.397940009,-3.2915791,-3.19859629,-3.220403509,-3.181114585,-3.207608311,-3.179798541,-3.129011186,-3.127843727,-3.08249449,-3.036684489,-2.987584625,-3.030118356,-2.934793872,-2.904481958,-2.831797253,-2.722620025,-2.67141655,-2.694433686,-2.590066877,-2.542572307,-2.480303233,-2.405496956,-2.37202001,-2.315962963,-2.255003326,-2.23069654,-2.183228588,-2.184090349,-2.158202701,-2.096910013,-2.073143291,-2.063737658,-2.029606628,-2.007446482,-1.943209452,-1.917753345,-1.918112861,-1.89869982,-1.831237424,-1.811043407,-1.788719232,-1.771420006,-1.735772652,-1.697474267,-1.65696579,-1.647856088,-1.624098732,-1.577640006,-1.546360645,-1.522922177,-1.48350429,-1.448257318,-1.412434947,-1.365099726,-1.353312066,-1.299054114,-1.279509932,-1.226711012,-1.204245077,-1.117800023,-1.167721069,-1.097676132,-1.02435684,-1.006854866,-0.925183559,-0.904077827,-0.86963728,-0.812380587,-0.776727364,-0.741156871,-0.690369833,-0.649327589,-0.618922843,-0.582242746,-0.535546223,-0.526486754,-0.470712124,-0.398948742,-0.397846645,-0.346585827,-0.371550784,-0.308817685,-0.328180364
1998,-2.015922966,-3.057495894,-3.373659633,-3.4867824,-3.543633967,-3.707743929,-3.640164518,-3.777283529,-3.675717545,-3.8569852,-3.71219827,-3.701146924,-3.669586227,-3.591760035,-3.690369833,-3.548213564,-3.447331784,-3.255707017,-3.315154638,-3.27572413,-3.2069084,-3.15739076,-3.158015195,-3.187086643,-3.116338565,-3.11577123,-3.123782159,-3.060480747,-3.014573526,-2.956244873,-2.853871964,-2.838931615,-2.821023053,-2.817585348,-2.726304412,-2.661344334,-2.564474149,-2.497163361,-2.453951134,-2.418050342,-2.343326954,-2.294392837,-2.260032303,-2.241390857,-2.181444221,-2.180192935,-2.123724411,-2.110586236,-2.062732928,-2.042775942,-2.000347575,-1.97118483,-1.960982678,-1.908262717,-1.857172705,-1.878407331,-1.866716634,-1.836540448,-1.795581542,-1.757533114,-1.731141325,-1.717196686,-1.686322561,-1.622475199,-1.604324215,-1.599565632,-1.545871936,-1.515757121,-1.49036743,-1.457971718,-1.411045167,-1.384407626,-1.343173791,-1.323297247,-1.263284866,-1.247759429,-1.19120181,-1.169193277,-1.075431281,-1.139847731,-1.045415016,-0.983342655,-0.985996386,-0.868217784,-0.877397526,-0.80423868,-0.786283071,-0.740628342,-0.695481468,-0.634540095,-0.619821332,-0.584277306,-0.535668461,-0.491303329,-0.455247551,-0.44515967,-0.399329801,-0.379716081,-0.336332048,-0.386342079,-0.283462469
1999,-2.07443009,-3.175874166,-3.36251027,-3.53165267,-3.627087997,-3.759450752,-3.76700389,-3.655607726,-3.756961951,-3.76700389,-3.747146969,-3.88941029,-3.568636236,-3.600326279,-3.488116639,-3.549750892,-3.427128398,-3.360513511,-3.314258261,-3.288192771,-3.256490235,-3.284832642,-3.089909454,-3.132532512,-3.185086819,-3.176525771,-3.024108864,-3.076755981,-3.08249449,-2.993106292,-2.987162775,-2.944621669,-2.874193542,-2.823330067,-2.687399561,-2.660946264,-2.630598586,-2.520568663,-2.474825572,-2.435097327,-2.359419194,-2.28567024,-2.291834142,-2.238448011,-2.17776652,-2.15539858,-2.126446906,-2.079146504,-2.064442355,-2.04072005,-1.99451919,-1.972772746,-1.950898322,-1.968995719,-1.883691185,-1.850073041,-1.854120204,-1.836808798,-1.795039386,-1.759251122,-1.713206824,-1.702239489,-1.686449129,-1.656926366,-1.625563285,-1.589813471,-1.554504773,-1.530074943,-1.47741233,-1.456888456,-1.418198202,-1.383850198,-1.334672343,-1.298095416,-1.265968663,-1.230666992,-1.19711686,-1.150015818,-1.120204764,-1.032672035,-1.058906168,-0.988611432,-0.948596624,-0.906133741,-0.823656923,-0.819335177,-0.755159034,-0.725588117,-0.681602721,-0.634558817,-0.605357482,-0.546114695,-0.550842619,-0.500018906,-0.458226116,-0.41725844,-0.378030661,-0.383051064,-0.32321497,-0.258326143,-0.264322072
2000,-2.024982002,-3.251037139,-3.443697499,-3.437707136,-3.517126416,-3.698970004,-3.8569852,-3.76700389,-3.744727495,-3.896196279,-3.728158393,-3.728158393,-3.562249437,-3.759450752,-3.657577319,-3.66756154,-3.565431096,-3.394694954,-3.259637311,-3.212539525,-3.317854924,-3.218963061,-3.111820506,-3.170696227,-3.151195299,-3.147520006,-3.166215625,-3.163043263,-3.04769199,-3.013676223,-2.984640245,-2.909389292,-2.866780543,-2.836540448,-2.741362717,-2.660548559,-2.696587929,-2.6181632,-2.524764777,-2.484258583,-2.41930306,-2.331241458,-2.338187314,-2.289797985,-2.221776373,-2.176460566,-2.183162369,-2.128251981,-2.05232126,-2.060380921,-2.030537492,-2.020724852,-1.969197951,-1.943666965,-1.961062081,-1.897360516,-1.86223458,-1.856235985,-1.805541163,-1.816844085,-1.759001714,-1.729810457,-1.692482569,-1.65315823,-1.647277363,-1.594414613,-1.582046947,-1.552376902,-1.515372783,-1.475616861,-1.453025724,-1.412828029,-1.377133471,-1.336110701,-1.29387989,-1.258856283,-1.220244825,-1.171378766,-1.122957091,-1.103595049,-1.001596793,-1.071337917,-0.990804146,-0.921691839,-0.914042612,-0.808781007,-0.798608339,-0.74903625,-0.717484378,-0.676224174,-0.6176335,-0.584507479,-0.553854434,-0.506611665,-0.490940025,-0.455387568,-0.434902223,-0.462115451,-0.359532477,-0.250116111,-0.266474529
2001,-2.089482314,-3.316052869,-3.510041521,-3.554395797,-3.725842151,-3.804100348,-3.718966633,-3.946921557,-3.920818754,-3.744727495,-3.924453039,-3.628932138,-3.583359493,-3.647817482,-3.823908741,-3.690369833,-3.559090918,-3.316952962,-3.37161107,-3.232844134,-3.223298816,-3.307153081,-3.260427656,-3.236572006,-3.140861703,-3.190440285,-3.19859629,-3.061980903,-3.124360063,-3.080398976,-2.977571629,-2.985899678,-2.930331903,-2.940815382,-2.810509686,-2.766242637,-2.788612447,-2.682772651,-2.566710315,-2.543482142,-2.42044504,-2.391046301,-2.319120826,-2.297397159,-2.25352149,-2.194567112,-2.172695359,-2.146666895,-2.109970414,-2.062682752,-2.043015632,-2.009306039,-1.989488037,-1.959674621,-1.939491024,-1.930813075,-1.864453932,-1.877325487,-1.84924356,-1.809108283,-1.768275617,-1.763992074,-1.719330592,-1.694541145,-1.662660561,-1.6327,-1.600793699,-1.559012249,-1.536794068,-1.507602839,-1.453296973,-1.429013652,-1.393962767,-1.350976855,-1.308741642,-1.260435566,-1.234502813,-1.185246466,-1.156898091,-1.10903715,-1.076678251,-0.974325551,-1.026322696,-0.946875439,-0.889723499,-0.888119426,-0.768527861,-0.759767853,-0.734967443,-0.679594046,-0.650254425,-0.612496275,-0.560045526,-0.508863918,-0.493650584,-0.48357966,-0.430740825,-0.394285638,-0.373556975,-0.306731324,-0.315040696
2002,-2.135133086,-3.209714836,-3.4867824,-3.575118363,-3.625251654,-3.623423043,-3.804100348,-3.698970004,-3.913640169,-3.812479279,-3.882728704,-3.821023053,-3.657577319,-3.709965389,-3.480172006,-3.521433504,-3.565431096,-3.442492798,-3.282329497,-3.268411235,-3.244125144,-3.209011525,-3.191114133,-3.200659451,-3.181114585,-3.11407366,-3.172630727,-3.191114133,-3.057495894,-3.097453221,-3.045275209,-3.009217308,-2.950394387,-2.937042166,-2.870632404,-2.835647144,-2.736837535,-2.620150821,-2.588043762,-2.457797218,-2.453087357,-2.386686839,-2.369165482,-2.275232754,-2.251889533,-2.209363038,-2.182632984,-2.147520006,-2.108295324,-2.073348923,-2.051098239,-2.021408673,-1.97674754,-1.976541762,-1.94290471,-1.935991513,-1.898321649,-1.849212869,-1.828624633,-1.829532924,-1.783966122,-1.767105491,-1.720150618,-1.694025586,-1.666713978,-1.634081678,-1.608429805,-1.575886405,-1.528590928,-1.510477439,-1.47400985,-1.41354773,-1.390886035,-1.344679046,-1.318921654,-1.268733651,-1.239276028,-1.207692376,-1.143132206,-1.126266811,-1.061310193,-1.03002527,-0.947409932,-0.977534511,-0.914784368,-0.838111157,-0.836507661,-0.729181467,-0.715661775,-0.676642692,-0.641899467,-0.602364104,-0.567009876,-0.55397105,-0.465949767,-0.483629914,-0.414517838,-0.3736237,-0.360404951,-0.32862441,-0.33010878
2003,-2.136201461,-3.297569464,-3.446116973,-3.563837353,-3.931814138,-3.756961951,-3.860120914,-3.756961951,-3.698970004,-3.759450752,-3.76700389,-3.882728704,-3.68613278,-3.692503962,-3.627087997,-3.677780705,-3.42136079,-3.381951903,-3.366531544,-3.384049948,-3.239577517,-3.315154638,-3.304518324,-3.247183569,-3.140261434,-3.169411331,-3.197226275,-3.172630727,-3.155522824,-3.087246696,-3.035269079,-3.028724151,-2.945386945,-2.90517962,-2.819300799,-2.827981191,-2.76700389,-2.74208155,-2.658169943,-2.565431096,-2.510182092,-2.425043224,-2.410497204,-2.31452698,-2.243820483,-2.223008415,-2.190709699,-2.145572494,-2.083019953,-2.094365999,-2.068847361,-2.010372229,-1.995034113,-1.965853023,-1.941232445,-1.906298215,-1.868509654,-1.876867336,-1.817243069,-1.773168189,-1.780101261,-1.748167181,-1.722092955,-1.690369833,-1.650256366,-1.64288499,-1.605390741,-1.578428975,-1.524837481,-1.486369617,-1.461087106,-1.421062959,-1.377620168,-1.349381684,-1.310948774,-1.27465201,-1.228228846,-1.185945615,-1.156549195,-1.104306795,-1.060495723,-1.006418294,-0.962426106,-0.886364103,-0.939098278,-0.839549477,-0.795394422,-0.791830162,-0.698900523,-0.681533877,-0.636410581,-0.602619723,-0.543770654,-0.50727173,-0.461650006,-0.419970754,-0.415552301,-0.395724254,-0.399864936,-0.336554451,-0.31211893
2004,-2.169218924,-3.27083521,-3.600326279,-3.71219827,-3.774690718,-3.826813732,-3.812479279,-3.829738285,-3.832682665,-3.718966633,-3.913640169,-3.89279003,-3.943095149,-3.70333481,-3.559090918,-3.571865206,-3.4710833,-3.43062609,-3.32330639,-3.246416941,-3.310691141,-3.321481621,-3.207608311,-3.276544328,-3.191789027,-3.180456064,-3.140261434,-3.108462542,-3.11577123,-3.129596095,-3.084600165,-2.993106292,-2.980468315,-2.910094889,-2.896196279,-2.839831707,-2.814457845,-2.73400363,-2.624519285,-2.559563234,-2.523313257,-2.445389715,-2.38563016,-2.342561677,-2.306185146,-2.259479414,-2.198321941,-2.171984936,-2.116168287,-2.07582413,-2.043399412,-2.035080706,-1.966817586,-1.974366489,-1.928780982,-1.9213982,-1.892823961,-1.854461764,-1.852509179,-1.803602716,-1.750361454,-1.75256687,-1.731539041,-1.696847158,-1.665445729,-1.641456044,-1.612841622,-1.579516154,-1.549673896,-1.506988324,-1.482091863,-1.455089002,-1.409704441,-1.356665784,-1.338963872,-1.280362163,-1.254253977,-1.19426133,-1.17508053,-1.13928477,-1.073487779,-1.034398537,-0.985395467,-0.955232961,-0.857986167,-0.920565489,-0.849249699,-0.774946717,-0.772599257,-0.659417092,-0.63934033,-0.612943142,-0.576727905,-0.521872349,-0.479223106,-0.44264922,-0.424374616,-0.372704824,-0.426975144,-0.363265438,-0.310283681
2005,-2.198116293,-3.298432015,-3.377785977,-3.725842151,-3.735182177,-4.026872146,-3.651695137,-3.841637508,-3.663540266,-3.88941029,-4,-3.946921557,-4.167491087,-3.8569852,-3.669586227,-3.628932138,-3.500312917,-3.395773947,-3.3400838,-3.236572006,-3.266000713,-3.272458743,-3.277366077,-3.274905479,-3.226213555,-3.185086819,-3.194499142,-3.145086978,-3.099632871,-3.043351421,-3.070581074,-3.085128182,-3.026872146,-2.960585881,-2.943857738,-2.852014679,-2.758702613,-2.729321164,-2.652669985,-2.576918042,-2.534914712,-2.532391894,-2.419645339,-2.304255725,-2.310069896,-2.230253533,-2.174898588,-2.147093241,-2.09323411,-2.093611079,-2.03193754,-2.01376587,-1.986025823,-1.926831738,-1.943209452,-1.90132167,-1.881768352,-1.847803418,-1.830501905,-1.825387858,-1.783860499,-1.741362717,-1.736458611,-1.712758289,-1.668471481,-1.641075785,-1.612574577,-1.57155742,-1.559831108,-1.518084635,-1.473466884,-1.430029492,-1.405077337,-1.377226626,-1.331959046,-1.30165583,-1.236167851,-1.199853652,-1.160119898,-1.113300638,-1.071870542,-1.014322094,-0.985240119,-0.923712815,-0.890181932,-0.804150142,-0.857185209,-0.77848144,-0.716275992,-0.721257828,-0.618309251,-0.603336955,-0.542619269,-0.534873041,-0.500300548,-0.456900892,-0.408837409,-0.379482933,-0.351786405,-0.333412762,-0.248570767
2006,-2.231583912,-3.236572006,-3.575118363,-3.679853714,-3.602059991,-3.950781977,-4.026872146,-3.896196279,-4.036212173,-4.102372909,-3.806875402,-3.764471553,-3.614393726,-3.669586227,-3.625251654,-3.583359493,-3.536107011,-3.411168274,-3.244125144,-3.253365801,-3.286509457,-3.348721986,-3.293282218,-3.325138859,-3.253365801,-3.232102384,-3.137868621,-3.15490196,-3.149966742,-3.150580586,-3.060480747,-3.070581074,-3.01188716,-2.936291441,-2.916139199,-2.85917782,-2.800244823,-2.793174124,-2.724458312,-2.651111277,-2.562249437,-2.499351937,-2.463694128,-2.387958255,-2.335452038,-2.283495836,-2.226725652,-2.172243137,-2.116679322,-2.093664958,-2.062632582,-2.008286724,-1.989233766,-1.946691019,-1.93516778,-1.923833061,-1.884389488,-1.859774875,-1.82156986,-1.809220229,-1.796831077,-1.750263695,-1.71819423,-1.703751757,-1.686090617,-1.646911235,-1.612129868,-1.589273367,-1.554489203,-1.529060562,-1.50477491,-1.458208653,-1.430930554,-1.387036107,-1.371294406,-1.305359708,-1.281390374,-1.230430681,-1.195301867,-1.139081326,-1.093654182,-1.054019623,-0.990765881,-0.957129283,-0.896661599,-0.883604807,-0.786086644,-0.826402949,-0.760537847,-0.69355996,-0.707746144,-0.590800897,-0.577454478,-0.544383239,-0.515455316,-0.514600866,-0.432715958,-0.423292476,-0.401036685,-0.372167323,-0.307211225
2007,-2.227971835,-3.337242168,-3.510041521,-3.769551079,-3.752026734,-3.903089987,-3.879426069,-3.982966661,-3.863279433,-3.841637508,-3.89279003,-3.675717545,-3.962573502,-3.663540266,-3.524328812,-3.54515514,-3.522878745,-3.459670525,-3.260427656,-3.318758763,-3.321481621,-3.240332155,-3.287350298,-3.251037139,-3.326058001,-3.260427656,-3.218244625,-3.227678293,-3.231361899,-3.125518182,-3.161780778,-3.028260409,-3.046723663,-2.966174306,-2.913996294,-2.885055584,-2.850780887,-2.769551079,-2.765735876,-2.619788758,-2.566550206,-2.511167366,-2.433798281,-2.372941536,-2.335828295,-2.285754089,-2.233438447,-2.185819019,-2.094042301,-2.094419972,-2.071245798,-2.013676223,-2.007755856,-1.957030927,-1.943323785,-1.919085041,-1.874974413,-1.864644691,-1.816787117,-1.805707718,-1.786322898,-1.775001039,-1.731001041,-1.688458042,-1.689604106,-1.645891561,-1.636538451,-1.608641398,-1.560020295,-1.540698,-1.516569619,-1.460635304,-1.419759492,-1.393242553,-1.36671338,-1.305307074,-1.272491276,-1.230666992,-1.192965849,-1.142896775,-1.093805076,-1.04089657,-1.007247715,-0.940800224,-0.917365403,-0.873459503,-0.835221982,-0.750853027,-0.806277267,-0.708486853,-0.652108205,-0.667149661,-0.548130703,-0.53864406,-0.49135987,-0.449222703,-0.407618917,-0.376720724,-0.381059117,-0.299891033,-0.326208927
2008,-2.243592127,-3.447331784,-3.651695137,-3.645891561,-3.896196279,-3.903089987,-3.779891912,-3.913640169,-4.080921908,-3.801342913,-3.987162775,-3.966576245,-3.806875402,-3.721246399,-3.614393726,-3.525783736,-3.477555766,-3.303643611,-3.301029996,-3.294136288,-3.454692884,-3.322393047,-3.349692477,-3.289036881,-3.252588192,-3.246416941,-3.218244625,-3.187086643,-3.238072162,-3.227678293,-3.086186148,-3.076755981,-3.087246696,-3.047207557,-3.007004902,-2.934420285,-2.880414225,-2.799696817,-2.817300097,-2.712870379,-2.656000931,-2.555330769,-2.508218224,-2.475603878,-2.369979149,-2.312471039,-2.288867928,-2.216382235,-2.159831151,-2.12947905,-2.080869586,-2.022871099,-2.002176919,-1.977241806,-1.945080673,-1.926428272,-1.886524601,-1.877882464,-1.850319118,-1.836153124,-1.783781299,-1.751953131,-1.751119834,-1.702633486,-1.671722356,-1.665767474,-1.643228638,-1.621402261,-1.598496068,-1.537512157,-1.51792717,-1.484536812,-1.445365494,-1.411918864,-1.359180799,-1.335179455,-1.303311682,-1.238605965,-1.209869717,-1.154108547,-1.123851467,-1.054797391,-1.007738172,-0.981391029,-0.926567608,-0.889642649,-0.828197515,-0.805019701,-0.70227012,-0.781777068,-0.671830458,-0.622540753,-0.613091012,-0.520159904,-0.51874661,-0.490962891,-0.41536691,-0.43647264,-0.384935212,-0.355810635,-0.364100254
2009,-2.289459552,-3.434152181,-3.790484985,-3.651695137,-3.987162775,-3.935542011,-3.903089987,-3.869666232,-3.950781977,-3.835647144,-4.200659451,-3.844663963,-3.804100348,-3.640164518,-3.681936665,-3.585026652,-3.446116973,-3.522878745,-3.40560745,-3.396855627,-3.252588192,-3.257274869,-3.241845378,-3.338187314,-3.324221658,-3.332547047,-3.350665141,-3.292429824,-3.192464972,-3.156144577,-3.13430394,-3.116338565,-3.111259039,-3.090443971,-2.994819487,-2.969400278,-2.886056648,-2.809948582,-2.78994915,-2.702458332,-2.680893941,-2.622511617,-2.506123889,-2.479647496,-2.437350328,-2.3341377,-2.311936303,-2.219826756,-2.199970641,-2.162853656,-2.11356568,-2.030677294,-2.014124643,-1.971062923,-1.945080673,-1.921180817,-1.891468801,-1.873738681,-1.843329723,-1.826609749,-1.781700874,-1.758080147,-1.720127818,-1.732476284,-1.681143966,-1.664461868,-1.64109479,-1.599220323,-1.586951831,-1.544454739,-1.51671232,-1.487849463,-1.463732026,-1.429422038,-1.357011477,-1.328133211,-1.31398076,-1.24722961,-1.211075455,-1.166763615,-1.124365846,-1.078063942,-1.013698633,-0.988137869,-0.941164171,-0.88643097,-0.842612749,-0.789601211,-0.768140637,-0.664670501,-0.717951435,-0.649742288,-0.589052455,-0.570680616,-0.490069334,-0.477927619,-0.444906761,-0.424499252,-0.390816604,-0.373081984,-0.329972277
2010,-2.283412422,-3.444905551,-3.764471553,-3.821023053,-3.91721463,-3.876148359,-4.193820026,-3.943095149,-3.982966661,-4.040958608,-3.835647144,-3.896196279,-4.142667504,-3.752026734,-3.806875402,-3.539102157,-3.53165267,-3.580044252,-3.458420756,-3.336299075,-3.419075024,-3.534617149,-3.279840697,-3.381951903,-3.442492798,-3.293282218,-3.256490235,-3.272458743,-3.235823868,-3.251037139,-3.211124884,-3.181114585,-3.140861703,-3.077274542,-3.033858267,-2.953895213,-2.915781313,-2.881074247,-2.805485658,-2.772627558,-2.697236292,-2.64168436,-2.597910649,-2.496481687,-2.471983659,-2.375202421,-2.345630909,-2.272458743,-2.216739767,-2.154281982,-2.104964403,-2.091514981,-2.043639446,-2.004935466,-1.956205608,-1.93711731,-1.908790435,-1.87237695,-1.853654871,-1.81690106,-1.794497905,-1.76250653,-1.743498734,-1.715095749,-1.713274145,-1.679729054,-1.65150043,-1.63109977,-1.589526457,-1.574351678,-1.519044972,-1.483187084,-1.457548053,-1.416710521,-1.365563037,-1.346295565,-1.297190483,-1.270665091,-1.213951682,-1.171707541,-1.123886125,-1.085466451,-1.028997992,-0.984753444,-0.935946542,-0.885135584,-0.828694885,-0.781388356,-0.746061378,-0.725062046,-0.620389948,-0.680240387,-0.574992665,-0.527068114,-0.541538926,-0.451884636,-0.425128751,-0.390989667,-0.40763557,-0.369173611,-0.359044775
2011,-2.303556237,-3.450996738,-3.671620397,-3.818156412,-3.671620397,-3.954677021,-3.946921557,-4.070581074,-4.026872146,-4.080921908,-3.879426069,-3.899629455,-4.075720714,-4.036212173,-3.756961951,-3.68613278,-3.43062609,-3.48148606,-3.48945499,-3.351639989,-3.395773947,-3.351639989,-3.366531544,-3.293282218,-3.313363731,-3.279014256,-3.312471039,-3.313363731,-3.297569464,-3.252588192,-3.246416941,-3.122053048,-3.163043263,-3.159893906,-3.073657553,-3.026872146,-2.975925013,-2.924818145,-2.91721463,-2.839231438,-2.790753151,-2.684869683,-2.609241471,-2.556893543,-2.496890563,-2.459545386,-2.365925975,-2.294906389,-2.263922363,-2.175288557,-2.127727154,-2.102262975,-2.071143466,-2.021089423,-1.983468059,-1.942524084,-1.914852188,-1.878834252,-1.868830617,-1.843541715,-1.80615218,-1.770164633,-1.752861774,-1.725680475,-1.697128164,-1.690050616,-1.63682065,-1.618668278,-1.621202514,-1.589205901,-1.544759122,-1.504844343,-1.450273516,-1.435807539,-1.38625329,-1.350743049,-1.297974649,-1.248590011,-1.235345734,-1.185066867,-1.137534676,-1.105052896,-1.045246289,-0.997717278,-0.955311319,-0.891485715,-0.852592682,-0.794744195,-0.767082628,-0.725786712,-0.688742153,-0.586081932,-0.645340395,-0.565814466,-0.507484058,-0.482595585,-0.414672399,-0.434740293,-0.396130604,-0.338143793,-0.302212015
2012,-2.307153081,-3.450996738,-3.826813732,-3.761953897,-4.040958608,-4.148741651,-3.954677021,-4.142667504,-3.970616222,-3.866461092,-3.679853714,-3.950781977,-3.93930216,-3.63638802,-3.850780887,-3.679853714,-3.754487332,-3.571865206,-3.458420756,-3.434152181,-3.355561411,-3.412289035,-3.348721986,-3.336299075,-3.263603498,-3.364516253,-3.19314197,-3.263603498,-3.28567024,-3.229147988,-3.214670165,-3.153662888,-3.214670165,-3.069050969,-3.089375595,-3.040481623,-3.032452024,-3.001304842,-2.890421453,-2.855114582,-2.769295686,-2.690369833,-2.670195478,-2.579054594,-2.52900183,-2.436163081,-2.422163659,-2.346787486,-2.263762901,-2.231509895,-2.155957958,-2.115487841,-2.085392432,-2.054777683,-2.022413562,-1.975473286,-1.940171618,-1.904760888,-1.878472984,-1.846490011,-1.81889992,-1.794903952,-1.755079956,-1.737382818,-1.709631444,-1.681435845,-1.674895017,-1.635223943,-1.585712042,-1.579928675,-1.539989685,-1.526790483,-1.47143036,-1.424361924,-1.396660726,-1.361800369,-1.328160948,-1.262974426,-1.223175372,-1.187922629,-1.132296867,-1.079824478,-1.063109429,-0.993037905,-0.952709553,-0.90190338,-0.844181344,-0.818453663,-0.759221185,-0.707449329,-0.660894542,-0.637242408,-0.544902256,-0.586294637,-0.492677208,-0.441796801,-0.498994172,-0.332351892,-0.374290485,-0.378329444,-0.346664936
2013,-2.290730039,-3.521433504,-3.688246139,-4.017728767,-3.879426069,-4.040958608,-4.15490196,-4.148741651,-4.080921908,-3.970616222,-3.804100348,-4.080921908,-4.086186148,-3.835647144,-3.723538196,-3.76700389,-3.607303047,-3.455931956,-3.485452247,-3.460923901,-3.508638306,-3.406713933,-3.341035157,-3.397940009,-3.448550002,-3.348721986,-3.324221658,-3.274905479,-3.334419009,-3.232102384,-3.351639989,-3.247951552,-3.252588192,-3.147520006,-3.085656843,-3.073657553,-3.032452024,-2.968591536,-2.901702464,-2.838033384,-2.848936747,-2.749824052,-2.746177561,-2.662940274,-2.557363474,-2.485452247,-2.41589503,-2.392223396,-2.309892561,-2.264161666,-2.238222462,-2.175093529,-2.107126593,-2.071552937,-2.021363052,-2.00665196,-1.948770277,-1.932259797,-1.906053276,-1.856454373,-1.836182906,-1.802361124,-1.763311618,-1.742177484,-1.723147736,-1.69308198,-1.663580295,-1.673602687,-1.615915527,-1.586381758,-1.553711427,-1.537646931,-1.488758533,-1.459357746,-1.429025315,-1.369287435,-1.325828033,-1.292710929,-1.225643643,-1.18719356,-1.156468241,-1.103435205,-1.049017251,-1.013622444,-0.965945367,-0.905130747,-0.855846281,-0.815774337,-0.766387172,-0.72989206,-0.686774154,-0.630251809,-0.609162002,-0.528419344,-0.592248891,-0.436534341,-0.429446553,-0.419068185,-0.36140393,-0.339166763,-0.331231216
2014,-2.334794372,-3.447331784,-3.723538196,-3.866461092,-3.860120914,-3.954677021,-3.882728704,-4.15490196,-3.995678626,-4.207608311,-3.970616222,-3.93930216,-4.026872146,-3.844663963,-3.777283529,-3.701146924,-3.600326279,-3.562249437,-3.628932138,-3.476253533,-3.42365865,-3.446116973,-3.373659633,-3.348721986,-3.380906669,-3.366531544,-3.37161107,-3.395773947,-3.218244625,-3.241845378,-3.290730039,-3.187755303,-3.147520006,-3.161780778,-3.103473783,-3.092588639,-3.006123085,-2.973466735,-2.943857738,-2.893809103,-2.792634963,-2.754487332,-2.693574972,-2.660946264,-2.573163546,-2.544850479,-2.500587874,-2.387004344,-2.341606974,-2.306624849,-2.229221604,-2.212043877,-2.110586236,-2.073554652,-2.028909787,-1.986446569,-1.960308338,-1.928596716,-1.887797309,-1.878374508,-1.824894259,-1.808968391,-1.768810855,-1.744317521,-1.707234596,-1.679770603,-1.662640588,-1.647933309,-1.648590248,-1.587237148,-1.530619864,-1.529442515,-1.501372458,-1.461665093,-1.424708214,-1.392630772,-1.33270585,-1.311144322,-1.249946966,-1.199344772,-1.145505703,-1.112855505,-1.054797391,-1.02179665,-0.988028009,-0.935841628,-0.893020811,-0.830340258,-0.771815302,-0.751452961,-0.691830579,-0.658057282,-0.612555,-0.579960043,-0.477102146,-0.52039878,-0.494883952,-0.446634067,-0.443543111,-0.353146527,-0.323644815
2015,-2.384997385,-3.380906669,-3.630784143,-3.653647026,-3.798602876,-4.070581074,-4.214670165,-3.850780887,-3.795880017,-3.742321425,-4.207608311,-4.017728767,-4.080921908,-3.982966661,-3.761953897,-3.752026734,-3.679853714,-3.568636236,-3.424812155,-3.372634143,-3.321481621,-3.434152181,-3.488116639,-3.380906669,-3.284832642,-3.363512104,-3.326058001,-3.223298816,-3.19859629,-3.178486472,-3.223298816,-3.312471039,-3.209714836,-3.124938737,-3.036212173,-3.025028006,-3.004364805,-2.998266287,-2.904481958,-2.879755204,-2.845880474,-2.762707662,-2.775208044,-2.667157733,-2.611721137,-2.573814175,-2.484391051,-2.412064651,-2.397940009,-2.273843534,-2.232547282,-2.167299529,-2.132768285,-2.091193401,-2.040290976,-2.011664044,-1.959279016,-1.909424545,-1.883890586,-1.858330783,-1.819043049,-1.791988851,-1.770830297,-1.717763191,-1.706107333,-1.673930533,-1.666290817,-1.632961062,-1.600360885,-1.604289291,-1.550845707,-1.50243459,-1.489642688,-1.4588078,-1.415917661,-1.371672386,-1.320762944,-1.278684119,-1.238117246,-1.196331252,-1.13547112,-1.08255226,-1.059359022,-0.986009002,-0.95386397,-0.926076462,-0.865803761,-0.824708579,-0.76520947,-0.724953681,-0.678718552,-0.615680642,-0.590673961,-0.544205303,-0.511697523,-0.428890046,-0.480105096,-0.374806945,-0.312349774,-0.387153652,-0.344678086
2016,-2.401100113,-3.367542708,-3.640164518,-4,-4.259637311,-4.638272164,-4.022276395,-3.954677021,-4.301029996,-3.920818754,-3.850780887,-4.031517051,-3.860120914,-3.835647144,-3.903089987,-3.73754891,-3.603800653,-3.55129368,-3.369572125,-3.449771647,-3.463441557,-3.416801226,-3.36251027,-3.446116973,-3.388276692,-3.30980392,-3.403402904,-3.424812155,-3.259637311,-3.251811973,-3.28567024,-3.161150909,-3.136082623,-3.166852888,-3.175874166,-3.003488328,-3.118615343,-2.953504836,-2.943095149,-2.906228219,-2.877456476,-2.803823815,-2.732828272,-2.661344334,-2.704872915,-2.603451962,-2.534171185,-2.439376125,-2.34930402,-2.34959533,-2.256725476,-2.222138376,-2.134659094,-2.127319393,-2.070274622,-2.017864505,-1.978232027,-1.922159897,-1.891096872,-1.870213465,-1.841637508,-1.802829753,-1.780992122,-1.725334231,-1.706063186,-1.676500392,-1.669890745,-1.635861921,-1.61659759,-1.579516154,-1.576393729,-1.527345922,-1.48145974,-1.46484518,-1.434163983,-1.396779822,-1.352685505,-1.311473397,-1.256396174,-1.204252028,-1.172501492,-1.100464015,-1.071404459,-1.025451465,-0.985739948,-0.941980368,-0.915827822,-0.857275868,-0.81595055,-0.753471876,-0.710544834,-0.672749397,-0.619810474,-0.562338207,-0.523781568,-0.479820514,-0.424285777,-0.495166358,-0.408474617,-0.415643895,-0.463715603
2017,-2.457050151,-3.521433504,-3.76700389,-3.732828272,-3.876148359,-3.701146924,-3.991399828,-4.022276395,-4.040958608,-3.882728704,-3.920818754,-4,-3.785156152,-3.89279003,-3.70333481,-3.705533774,-3.764471553,-3.586700236,-3.467245621,-3.438898616,-3.453457337,-3.510041521,-3.399027104,-3.388276692,-3.4867824,-3.404503778,-3.368556231,-3.287350298,-3.201349355,-3.314258261,-3.238824187,-3.147520006,-3.059483515,-3.093664958,-3.034798299,-3.063486258,-2.970616222,-2.955852379,-2.93330145,-2.917933066,-2.884056823,-2.844967771,-2.785421046,-2.748848657,-2.700492701,-2.570732334,-2.497846107,-2.461175011,-2.378304538,-2.336581788,-2.282745687,-2.216954428,-2.18276527,-2.098214855,-2.070581074,-2.008552402,-1.993405614,-1.946268684,-1.907560089,-1.869087558,-1.82226155,-1.799669435,-1.770036738,-1.732077708,-1.690029343,-1.67180394,-1.665767474,-1.614018572,-1.594568258,-1.566726329,-1.537227772,-1.532406692,-1.481854709,-1.451917829,-1.426896217,-1.372613658,-1.347366932,-1.291953213,-1.245812261,-1.203710202,-1.162487317,-1.104268143,-1.04941124,-0.998076001,-0.976315519,-0.909234215,-0.881665819,-0.835551967,-0.801076371,-0.744115089,-0.681237763,-0.652955053,-0.608939566,-0.565324132,-0.561532018,-0.487726617,-0.465296314,-0.379749398,-0.493029805,-0.336197343,-0.310719562
2018,-2.487849463,-3.548213564,-3.66756154,-3.931814138,-3.850780887,-4.48148606,-4.180456064,-4.468521083,-4.27572413,-3.954677021,-4.040958608,-4.397940009,-4.096910013,-4.387216143,-3.860120914,-3.943095149,-3.754487332,-3.518557371,-3.512861625,-3.319664487,-3.3400838,-3.374687549,-3.337242168,-3.374687549,-3.36552273,-3.374687549,-3.319664487,-3.403402904,-3.238072162,-3.256490235,-3.206209615,-3.081969663,-3.180456064,-3.100179498,-3.105130343,-3.007446482,-3.028260409,-2.993106292,-2.946537395,-2.924818145,-2.897223385,-2.790753151,-2.757210191,-2.68697689,-2.654822383,-2.601886308,-2.526221165,-2.475733731,-2.400553624,-2.381742655,-2.259479414,-2.258769589,-2.211054273,-2.123147352,-2.089482314,-2.032920266,-1.97510404,-1.953504836,-1.911013881,-1.870245677,-1.83407345,-1.784732657,-1.762079434,-1.737857535,-1.688013165,-1.665224668,-1.66170291,-1.624409537,-1.594773203,-1.579747117,-1.560020295,-1.522488056,-1.495270948,-1.451266722,-1.414460315,-1.399898744,-1.345833088,-1.300995253,-1.259203233,-1.217405561,-1.152624792,-1.114955569,-1.073492923,-1.008862565,-0.970336254,-0.925190871,-0.888042231,-0.834631014,-0.804471178,-0.762074411,-0.722911334,-0.671895741,-0.607255576,-0.590112505,-0.556094263,-0.479962126,-0.451744515,-0.461301877,-0.391750034,-0.438895037,-0.351889902
2019,-2.439256699,-3.692503962,-3.657577319,-3.8569852,-3.742321425,-3.886056648,-3.879426069,-3.91721463,-3.906578315,-3.935542011,-3.995678626,-4.096910013,-4.15490196,-3.677780705,-3.785156152,-3.974694135,-3.603800653,-3.68613278,-3.494850022,-3.428291168,-3.453457337,-3.343901798,-3.472370099,-3.4710833,-3.343901798,-3.286509457,-3.344861565,-3.336299075,-3.313363731,-3.304518324,-3.278189385,-3.290730039,-3.102372909,-3.142667504,-3.1123827,-3.016824928,-2.959793372,-3.010105436,-2.954285941,-2.959002308,-2.89245087,-2.799696817,-2.76421913,-2.753747688,-2.667157733,-2.596879479,-2.580209414,-2.521145032,-2.439495585,-2.371406744,-2.317674381,-2.276052024,-2.213319547,-2.160207816,-2.109634879,-2.043783531,-2.01278077,-1.955773923,-1.913248769,-1.882132373,-1.851089007,-1.826260286,-1.772730483,-1.747851145,-1.690966332,-1.681999308,-1.653353682,-1.628821268,-1.608888386,-1.572984794,-1.548643468,-1.530443058,-1.50599855,-1.475915591,-1.433008944,-1.379968105,-1.352421446,-1.316412682,-1.261409685,-1.226754933,-1.166381224,-1.122553782,-1.081068441,-1.037630664,-0.98049738,-0.908762274,-0.875776266,-0.83464882,-0.809172648,-0.787532725,-0.736285836,-0.710038891,-0.655688304,-0.606962075,-0.55987682,-0.501274652,-0.48590936,-0.440561421,-0.391152109,-0.344482204,-0.399361389
2020,-2.467245621,-3.585026652,-3.860120914,-4.026872146,-3.89279003,-4.070581074,-4.060480747,-4.180456064,-3.879426069,-4.102372909,-4.27572413,-4.301029996,-4.096910013,-4.096910013,-3.958607315,-3.815308569,-3.744727495,-3.605548319,-3.498940738,-3.500312917,-3.318758763,-3.336299075,-3.41453927,-3.388276692,-3.341035157,-3.329754147,-3.307153081,-3.345823458,-3.281498311,-3.131355562,-3.258848401,-3.168130226,-3.199282922,-3.090443971,-3.053056729,-3.066006836,-2.978810701,-2.906928694,-2.920095532,-2.874193542,-2.851705903,-2.788612447,-2.770574152,-2.702677286,-2.668572703,-2.57626275,-2.563042669,-2.452717692,-2.42934033,-2.383734595,-2.328271912,-2.257431966,-2.188760227,-2.13418562,-2.085868487,-2.016418813,-2.000521466,-1.963570734,-1.890961704,-1.876475019,-1.821829115,-1.770471736,-1.75654027,-1.713251703,-1.670114195,-1.636444426,-1.610284748,-1.591658259,-1.566950588,-1.543725087,-1.517626715,-1.487449007,-1.438314382,-1.418573766,-1.412356373,-1.332584407,-1.303128356,-1.277975175,-1.217735256,-1.195717417,-1.129362037,-1.096676642,-1.052370253,-0.983815199,-0.951367894,-0.887857688,-0.830616564,-0.804498864,-0.753863482,-0.738000051,-0.743662368,-0.684396967,-0.637174598,-0.59614369,-0.554361553,-0.52848533,-0.508116066,-0.433854886,-0.443032091,-0.424503869,-0.32343807
