1950,-1.174937569,-1.948307358,-2.421934116,-2.653060537,-2.795066478,-2.898596649,-2.975925013,-3.022276395,-3.095825632,-3.136082623,-3.137868621,-3.119186408,-3.137868621,-3.107905397,-3.073143291,-3.019088062,-2.962573502,-2.925549281,-2.887394998,-2.853561865,-2.841637508,-2.798876103,-2.792365633,-2.746177561,-2.775725986,-2.757707095,-2.737311656,-2.732359018,-2.722849386,-2.715794932,-2.693360559,-2.697236292,-2.691008971,-2.675511767,-2.645315446,-2.632085261,-2.617982957,-2.580870692,-2.554551486,-2.523748204,-2.494850022,-2.475733731,-2.434624497,-2.416461181,-2.361011841,-2.324496615,-2.294735138,-2.2892059,-2.240709967,-2.189162849,-2.176721443,-2.141763665,-2.087884271,-2.064744718,-2.030258023,-1.998482623,-1.965331444,-1.925147004,-1.902326301,-1.858612945,-1.824459196,-1.800848429,-1.743667182,-1.705864581,-1.678442992,-1.615754142,-1.581715285,-1.54992033,-1.484112916,-1.460284227,-1.399462706,-1.350285543,-1.301664529,-1.25379408,-1.200604306,-1.175730944,-1.117720284,-1.066603832,-1.029550839,-0.994810905,-0.924701278,-0.903649719,-0.850685415,-0.819280746,-0.760900818,-0.735737201,-0.697811983,-0.660445215,-0.621335063,-0.594783452,-0.531875783,-0.52483021,-0.474841125,-0.47711778,-0.410477088,-0.383529738,-0.389127,-0.29790738,-0.333620567,-0.187117379
1951,-1.170664058,-1.957070267,-2.457797218,-2.683610249,-2.81079051,-2.92885471,-3.003050752,-3.049635146,-3.105683937,-3.151810883,-3.152427341,-3.149966742,-3.13667714,-3.092588639,-3.095284455,-3.030584088,-2.962175249,-2.938547521,-2.90274269,-2.880414225,-2.867420152,-2.826231177,-2.814741235,-2.787812396,-2.769040444,-2.771086594,-2.751046385,-2.73095429,-2.721475035,-2.744245213,-2.709520187,-2.691649051,-2.67141655,-2.68131073,-2.655411257,-2.643018599,-2.611543547,-2.59311933,-2.572027286,-2.537751785,-2.523313257,-2.471340355,-2.43794517,-2.400116928,-2.372429336,-2.335264031,-2.299729063,-2.252432837,-2.210913085,-2.1893643,-2.153724758,-2.125054564,-2.084336396,-2.055912321,-2.022779553,-2.006916639,-1.951053496,-1.911438688,-1.872765581,-1.838901644,-1.814401189,-1.775001039,-1.729647298,-1.69795061,-1.646199135,-1.605128237,-1.568893672,-1.50814825,-1.475915591,-1.403556859,-1.384249791,-1.322338308,-1.264968289,-1.226367121,-1.173471694,-1.111242207,-1.089103579,-1.039795684,-0.976685797,-0.941923374,-0.904785303,-0.84092633,-0.817234515,-0.762770535,-0.72531808,-0.679473613,-0.64026694,-0.601431588,-0.574434806,-0.541584264,-0.514487255,-0.467926252,-0.438259576,-0.408395644,-0.376223672,-0.390074927,-0.352855762,-0.355405841,-0.292747571,-0.290812325
1952,-1.181055278,-1.997488369,-2.467755356,-2.70333481,-2.817585348,-2.927750102,-3.016824928,-3.090979146,-3.124360063,-3.162411562,-3.18243463,-3.202040356,-3.166215625,-3.139063379,-3.124360063,-3.094743951,-3.010550182,-2.994390555,-2.970210529,-2.941194513,-2.913996294,-2.893129456,-2.861697302,-2.869023308,-2.843148099,-2.855737226,-2.82131076,-2.823330067,-2.796151536,-2.785686103,-2.775208044,-2.736837535,-2.739451627,-2.723078868,-2.720561212,-2.677780705,-2.656197667,-2.645315446,-2.61960784,-2.567511744,-2.557520231,-2.525055665,-2.483729117,-2.448916135,-2.389765825,-2.346112442,-2.333950262,-2.286845598,-2.246800086,-2.204050501,-2.172630727,-2.13076828,-2.103253384,-2.078209514,-2.024706085,-1.994733667,-1.962414157,-1.920746378,-1.880942162,-1.84215052,-1.807014621,-1.77772585,-1.732241783,-1.698839736,-1.656552016,-1.599289363,-1.562852161,-1.520856752,-1.473764138,-1.441783589,-1.366238747,-1.348964405,-1.281830595,-1.222718208,-1.187848998,-1.130909155,-1.07577759,-1.051401227,-0.994686473,-0.928254191,-0.902503217,-0.852734982,-0.795850161,-0.777275727,-0.725057434,-0.676877898,-0.644801429,-0.610341404,-0.574581542,-0.530039621,-0.49951241,-0.473940002,-0.437876127,-0.413066298,-0.389636919,-0.325545799,-0.32732962,-0.317355907,-0.316369489,-0.309819874
1953,-1.218158493,-2.095068173,-2.5172693,-2.748848657,-2.853871964,-2.964970718,-3.022276395,-3.063989204,-3.158015195,-3.167491087,-3.188424994,-3.235077015,-3.207608311,-3.187086643,-3.127261173,-3.100179498,-3.062983893,-3.026872146,-3.004364805,-2.962175249,-2.925915311,-2.937794191,-2.891434976,-2.885055584,-2.894489815,-2.863596552,-2.865822892,-2.844967771,-2.812479279,-2.804931004,-2.821886748,-2.775725986,-2.77314243,-2.732124581,-2.708187313,-2.72514968,-2.697452628,-2.659555885,-2.624336386,-2.606775884,-2.573814175,-2.528855035,-2.490931955,-2.452717692,-2.427476902,-2.366733589,-2.349886836,-2.298432015,-2.251656896,-2.228927217,-2.161402747,-2.13834613,-2.120846754,-2.067120542,-2.035080706,-2.006431517,-1.963211467,-1.935654343,-1.88585625,-1.85811145,-1.807627716,-1.774044927,-1.734899034,-1.685900937,-1.652669985,-1.60523322,-1.563773725,-1.519892404,-1.468904453,-1.423589537,-1.376203017,-1.314043406,-1.298622006,-1.21583221,-1.173271008,-1.128444577,-1.071983297,-1.023054249,-1.010719305,-0.947240669,-0.901058772,-0.855687382,-0.814171809,-0.754013815,-0.729724208,-0.680267426,-0.648733361,-0.610392755,-0.581586006,-0.541558572,-0.509211673,-0.481987763,-0.45865419,-0.444975722,-0.38868782,-0.373870157,-0.31571851,-0.284071829,-0.278911887,-0.119800568
1954,-1.24895967,-2.189162849,-2.604324215,-2.783042793,-2.914352712,-3.03574037,-3.091514981,-3.145086978,-3.191114133,-3.226213555,-3.222573178,-3.235077015,-3.238072162,-3.199970641,-3.14327111,-3.089909454,-3.07211659,-3.044793462,-3.029188389,-2.970616222,-2.929962133,-2.938170693,-2.916855857,-2.936291441,-2.86998805,-2.886056648,-2.846185136,-2.855737226,-2.830325566,-2.819014419,-2.793984123,-2.812479279,-2.808548986,-2.761452112,-2.730020323,-2.736837535,-2.702239489,-2.689519109,-2.63921731,-2.621965678,-2.575608446,-2.573163546,-2.499763525,-2.491739694,-2.455807889,-2.401100113,-2.365825128,-2.330311292,-2.303381541,-2.252821329,-2.207468238,-2.165706488,-2.128543826,-2.09685573,-2.066360887,-2.009172949,-1.978273336,-1.961419574,-1.923578033,-1.893367211,-1.841366159,-1.802168307,-1.756639452,-1.723101823,-1.682438063,-1.643457888,-1.604638655,-1.553524968,-1.519906782,-1.465516982,-1.413829188,-1.380718794,-1.315064917,-1.296863448,-1.223989297,-1.176564898,-1.129256752,-1.09082923,-1.031633813,-1.020966346,-0.945038577,-0.899884592,-0.865071022,-0.817297245,-0.764888373,-0.734880164,-0.698933091,-0.66291829,-0.619651253,-0.594238842,-0.549019983,-0.536661052,-0.497293001,-0.456495663,-0.457678846,-0.376644217,-0.384482355,-0.354274224,-0.3325265,-0.2815988
1955,-1.278906934,-2.252277538,-2.625251654,-2.815308569,-2.917573699,-3.010995384,-3.079354999,-3.137272472,-3.205511953,-3.256490235,-3.26760624,-3.258848401,-3.222573178,-3.191114133,-3.147520006,-3.13667714,-3.07109231,-3.034328029,-2.995248844,-2.947306058,-2.956244873,-2.929592678,-2.936666641,-2.912928794,-2.883060353,-2.889747083,-2.865504144,-2.862645889,-2.85667287,-2.820735536,-2.774432287,-2.797239313,-2.784098187,-2.774690718,-2.716020716,-2.703993331,-2.7070797,-2.68172792,-2.675100503,-2.6413039,-2.573163546,-2.578067187,-2.537003388,-2.48399377,-2.464452721,-2.432385557,-2.374173287,-2.333107789,-2.297828049,-2.249800272,-2.216239304,-2.16488041,-2.125286311,-2.104798525,-2.066563332,-2.037914919,-1.993448391,-1.947459954,-1.922341451,-1.897634909,-1.832505438,-1.802995272,-1.757557964,-1.721200686,-1.691392906,-1.643381458,-1.601122927,-1.558666272,-1.51792717,-1.482263221,-1.419885095,-1.372245092,-1.34143535,-1.272409949,-1.244887734,-1.185066867,-1.128076968,-1.091236264,-1.031292957,-0.981715692,-0.954274214,-0.908927747,-0.863466505,-0.826236999,-0.78885275,-0.737283194,-0.701998889,-0.678903048,-0.634465219,-0.589950292,-0.550984684,-0.538996978,-0.495438074,-0.478323307,-0.434732021,-0.438016606,-0.378082518,-0.379509988,-0.308653236,-0.215674474
1956,-1.296347577,-2.283996656,-2.654038458,-2.84924356,-2.962175249,-3.060480747,-3.096910013,-3.130181792,-3.207608311,-3.231361899,-3.253365801,-3.283996656,-3.234331445,-3.233587153,-3.170053304,-3.115204636,-3.104577454,-3.053056729,-3.007004902,-3.014124643,-2.958607315,-2.960982678,-2.967381239,-2.943857738,-2.91721463,-2.897909474,-2.9076303,-2.882397308,-2.848936747,-2.894149326,-2.835349784,-2.825940192,-2.7780644,-2.774174009,-2.763210901,-2.713768146,-2.703773713,-2.695078838,-2.674689628,-2.638649976,-2.593289541,-2.55705013,-2.520712684,-2.490125715,-2.453457337,-2.40263395,-2.356054087,-2.318397001,-2.268653024,-2.23128792,-2.192532624,-2.147886139,-2.109187901,-2.070376748,-2.020315076,-1.9870363,-1.957621402,-1.925293244,-1.875169851,-1.836808798,-1.80997662,-1.769576626,-1.719103082,-1.670886997,-1.645142761,-1.60528572,-1.56293153,-1.519590586,-1.465961195,-1.421062959,-1.376688672,-1.326877677,-1.280428426,-1.227626944,-1.168687042,-1.150009683,-1.076574631,-1.023732577,-0.981574142,-0.924055422,-0.877243639,-0.853757202,-0.799299945,-0.749362905,-0.711777611,-0.670571609,-0.617739749,-0.599658912,-0.55787471,-0.510554825,-0.485898724,-0.447502129,-0.415852032,-0.412476484,-0.38453183,-0.335547952,-0.312562901,-0.251050299,-0.272763018,-0.142667504
1957,-1.280362163,-2.257196342,-2.648977147,-2.799970733,-2.929223537,-3.046723663,-3.11463878,-3.124938737,-3.184422252,-3.203425667,-3.19859629,-3.211124884,-3.226945307,-3.199970641,-3.150580586,-3.100726813,-3.088842391,-3.022276395,-2.988852639,-2.97674754,-2.931814138,-2.954677021,-2.948076084,-2.920095532,-2.921543182,-2.89245087,-2.877129077,-2.85917782,-2.884722409,-2.865504144,-2.825649403,-2.832387327,-2.783306401,-2.791021483,-2.738499227,-2.726767166,-2.680477551,-2.641113796,-2.638272164,-2.630598586,-2.565590792,-2.543178652,-2.534022632,-2.502103257,-2.467755356,-2.417595702,-2.37161107,-2.338376591,-2.288445832,-2.23128792,-2.186953035,-2.15391042,-2.110754339,-2.079094396,-2.032264868,-1.997661119,-1.960784234,-1.922486749,-1.881074247,-1.839831707,-1.808604883,-1.771163512,-1.733157051,-1.6840926,-1.646064544,-1.600239774,-1.564123795,-1.524328812,-1.477660114,-1.432597173,-1.385577394,-1.351483866,-1.297009722,-1.255206497,-1.219437881,-1.153081743,-1.130392837,-1.06881174,-1.013456666,-0.976731075,-0.938539981,-0.886651705,-0.864701935,-0.806193872,-0.76054035,-0.717699706,-0.679241147,-0.633605063,-0.622183971,-0.568015799,-0.549527642,-0.494098799,-0.474622146,-0.437564377,-0.406366193,-0.39349288,-0.370753547,-0.277784123,-0.307629039,-0.27690735
1958,-1.302918936,-2.269298456,-2.664141089,-2.85667287,-2.980053318,-3.045757491,-3.103473783,-3.15864053,-3.211124884,-3.294992041,-3.308918508,-3.328827157,-3.2644011,-3.276544328,-3.199282922,-3.175223538,-3.099632871,-3.056011125,-3.036212173,-3.007888512,-2.982966661,-2.979224512,-2.994819487,-2.949620244,-2.949620244,-2.930701988,-2.944621669,-2.903785415,-2.879426069,-2.892111975,-2.868060705,-2.828273546,-2.837137007,-2.836838625,-2.778325003,-2.764976841,-2.732593581,-2.716698771,-2.680893941,-2.66514431,-2.627087997,-2.599807511,-2.546528766,-2.517698233,-2.474436942,-2.454940415,-2.399353764,-2.367846516,-2.316952962,-2.283662712,-2.224025669,-2.188626103,-2.151626116,-2.101603954,-2.068745594,-2.027843464,-1.992337553,-1.953270778,-1.919806581,-1.88038125,-1.830913643,-1.804183342,-1.762808263,-1.728390699,-1.680977267,-1.636990057,-1.599755669,-1.561568414,-1.518973232,-1.485133616,-1.433315083,-1.387300892,-1.346334126,-1.293162782,-1.24814376,-1.205560753,-1.134540677,-1.127092378,-1.051171523,-1.003575896,-0.966114047,-0.917103378,-0.865306638,-0.845950528,-0.798059665,-0.74997055,-0.715043919,-0.668759014,-0.6344334,-0.601936669,-0.590202087,-0.532054652,-0.496182089,-0.483821727,-0.438763815,-0.427804751,-0.360567303,-0.343526147,-0.292096992,-0.28342827
1959,-1.319519444,-2.330218385,-2.689094371,-2.855737226,-3.015472687,-3.057991947,-3.154281982,-3.232844134,-3.220403509,-3.262012674,-3.304518324,-3.300162274,-3.27083521,-3.253365801,-3.251811973,-3.152427341,-3.111259039,-3.080921908,-3.022276395,-3.019996628,-2.998699067,-2.999132278,-2.976336082,-2.935542011,-2.950781977,-2.920095532,-2.930701988,-2.937418016,-2.909389292,-2.903089987,-2.874518734,-2.834458923,-2.808548986,-2.799696817,-2.789413975,-2.77237035,-2.733533105,-2.709742731,-2.669992299,-2.653451441,-2.615288257,-2.594824454,-2.562407968,-2.522734005,-2.507239611,-2.458920232,-2.406160339,-2.370998381,-2.335640125,-2.293965339,-2.247874693,-2.181774106,-2.158828306,-2.115431185,-2.070274622,-2.042775942,-1.995893677,-1.957030927,-1.922377771,-1.877129077,-1.844421069,-1.805818791,-1.771548309,-1.731983979,-1.689540356,-1.655411257,-1.609241471,-1.572092136,-1.536107011,-1.491093383,-1.450506287,-1.407401371,-1.359677602,-1.31535209,-1.262839175,-1.217670731,-1.171391655,-1.123712863,-1.091402401,-1.025308732,-0.979452276,-0.94412878,-0.884233104,-0.845426925,-0.811656591,-0.774380619,-0.732520853,-0.692932049,-0.654928322,-0.617527277,-0.593158473,-0.542729875,-0.511202595,-0.488236922,-0.473880511,-0.445381237,-0.394441779,-0.37926863,-0.401104488,-0.164124338
1960,-1.342122253,-2.363211311,-2.737786295,-2.906928694,-3.014573526,-3.128427064,-3.161150909,-3.235077015,-3.273272791,-3.351639989,-3.30980392,-3.343901798,-3.316052869,-3.266802735,-3.249491605,-3.221125528,-3.110698297,-3.083546051,-3.041436117,-3.001304842,-2.993533958,-3.028724151,-3.010550182,-2.963770456,-2.922632095,-2.904481958,-2.91721463,-2.934420285,-2.920095532,-2.884389488,-2.85823677,-2.867420152,-2.838631998,-2.817015033,-2.795880017,-2.76649624,-2.744727495,-2.723308471,-2.694433686,-2.650334016,-2.60153915,-2.579714115,-2.565910362,-2.526951195,-2.475863623,-2.432620692,-2.39631445,-2.35615269,-2.312471039,-2.28869904,-2.226798858,-2.197089511,-2.148802824,-2.120044415,-2.060880282,-2.027612001,-1.982590991,-1.943018963,-1.904726012,-1.881801432,-1.827426256,-1.799724201,-1.743643114,-1.715636954,-1.684176542,-1.638140008,-1.590811053,-1.550444468,-1.518399735,-1.466418575,-1.428640607,-1.388074988,-1.337761744,-1.298630644,-1.257502678,-1.193392728,-1.149053721,-1.107638221,-1.04153646,-1.028803037,-0.949133241,-0.911116505,-0.870900092,-0.818445085,-0.77599556,-0.749262932,-0.697805486,-0.659191152,-0.623481439,-0.589577093,-0.531196457,-0.516750857,-0.47059403,-0.432444329,-0.409993464,-0.408935393,-0.327159856,-0.363185252,-0.340010632,-0.214242489
1961,-1.365401829,-2.435097327,-2.785156152,-2.937042166,-3.073657553,-3.116338565,-3.172630727,-3.266802735,-3.336299075,-3.329754147,-3.336299075,-3.30980392,-3.301899454,-3.289036881,-3.220403509,-3.191114133,-3.101823517,-3.058985756,-3.018634491,-2.996108834,-2.990124366,-2.969805215,-2.999565923,-2.94577009,-2.943095149,-2.9476909,-2.937418016,-2.92190585,-2.898596649,-2.91150953,-2.884722409,-2.84375381,-2.857610534,-2.789413975,-2.802719442,-2.784362437,-2.737786295,-2.70158362,-2.693789492,-2.660946264,-2.616543703,-2.597910649,-2.54408976,-2.534617149,-2.492009275,-2.447696891,-2.410944469,-2.382265965,-2.341130408,-2.287687091,-2.241012453,-2.210771943,-2.160710544,-2.115431185,-2.083125121,-2.04282387,-1.995506662,-1.962055845,-1.914959293,-1.872635999,-1.836123344,-1.804128011,-1.769934449,-1.732194898,-1.688267325,-1.663240166,-1.615091302,-1.56480884,-1.537317558,-1.490716811,-1.451967009,-1.415442639,-1.366966056,-1.317665356,-1.265680319,-1.228361083,-1.171849442,-1.12677243,-1.094231095,-1.036443543,-0.990328189,-0.931932936,-0.896281778,-0.854868883,-0.808434418,-0.757279723,-0.732387159,-0.685359749,-0.642579754,-0.614812137,-0.5778174,-0.526251802,-0.51266362,-0.50015627,-0.440847764,-0.414058992,-0.363113097,-0.352401892,-0.317619331,-0.212278885
1962,-1.359458939,-2.43687504,-2.761452112,-2.958607315,-3.073657553,-3.162411562,-3.19314197,-3.249491605,-3.287350298,-3.322393047,-3.35753548,-3.358525889,-3.318758763,-3.308918508,-3.241088108,-3.200659451,-3.13430394,-3.060980224,-3.005682847,-2.960585881,-2.996970529,-3.001740662,-2.986741335,-2.948461609,-2.940436582,-2.937042166,-2.94195377,-2.933674075,-2.91829273,-2.893809103,-2.891434976,-2.860435734,-2.83386603,-2.811352704,-2.77237035,-2.769806621,-2.749336081,-2.685079944,-2.671620397,-2.664141089,-2.604498876,-2.573326112,-2.550984684,-2.504733256,-2.499489089,-2.451119437,-2.395342028,-2.36552273,-2.313900228,-2.274741934,-2.224171186,-2.198184831,-2.152057361,-2.111371275,-2.061280185,-2.011485634,-1.984640245,-1.921253266,-1.893809103,-1.851860263,-1.82139711,-1.775337471,-1.734262636,-1.710032208,-1.660568435,-1.61469766,-1.594448752,-1.553229905,-1.500849245,-1.455671457,-1.404569919,-1.379073146,-1.325533852,-1.291902179,-1.24062682,-1.186986433,-1.148876242,-1.088730502,-1.049090185,-1.007442064,-0.942935175,-0.918469074,-0.851116748,-0.82303524,-0.772900364,-0.724755465,-0.683143089,-0.660028115,-0.608798396,-0.570863272,-0.531510882,-0.505948424,-0.474355374,-0.434022384,-0.405694759,-0.376580127,-0.346115333,-0.324834134,-0.280348912,-0.27490139
1963,-1.37746478,-2.489053051,-2.822175028,-2.972650392,-3.046240308,-3.159893906,-3.201349355,-3.221125528,-3.295849483,-3.318758763,-3.342944147,-3.313363731,-3.316052869,-3.297569464,-3.278189385,-3.143875556,-3.079354999,-3.025028006,-2.988429556,-2.937042166,-2.946921557,-2.958212681,-2.980053318,-2.92885471,-2.935542011,-2.91649738,-2.911863911,-2.92190585,-2.886390849,-2.897909474,-2.862013267,-2.84924356,-2.845271793,-2.819014419,-2.799970733,-2.765989182,-2.710411047,-2.696803943,-2.654038458,-2.614393726,-2.612966299,-2.561299467,-2.527828853,-2.511026475,-2.465846926,-2.436993813,-2.392330563,-2.339798799,-2.308918508,-2.277037191,-2.248874928,-2.184555084,-2.142788158,-2.09323411,-2.073246095,-2.024936004,-1.983886334,-1.949272329,-1.90132167,-1.854337529,-1.815280185,-1.77255038,-1.738285224,-1.703071681,-1.663540266,-1.609718592,-1.574694072,-1.546360645,-1.497340772,-1.46165252,-1.410486028,-1.372859543,-1.326739421,-1.281548137,-1.24130001,-1.193962552,-1.151386037,-1.108261888,-1.047798638,-0.997566098,-0.962378313,-0.900865159,-0.882294627,-0.813038017,-0.780156232,-0.735633228,-0.682730813,-0.64853611,-0.634654307,-0.571810112,-0.537663407,-0.50421014,-0.482393762,-0.419409138,-0.40098092,-0.358776822,-0.347403656,-0.363729807,-0.272381488,-0.281419431
1964,-1.417936637,-2.547906751,-2.871600731,-3.029188389,-3.093664958,-3.219682688,-3.241845378,-3.273272791,-3.347753659,-3.378823718,-3.366531544,-3.378823718,-3.343901798,-3.360513511,-3.312471039,-3.209011525,-3.136082623,-3.101274818,-3.017276612,-3.024108864,-3.030584088,-3.019542108,-3.020451625,-2.955852379,-2.977159389,-2.983384452,-2.966174306,-2.988006885,-2.951558196,-2.935542011,-2.919012953,-2.883060353,-2.872895202,-2.819014419,-2.826813732,-2.788345599,-2.753009301,-2.729088361,-2.685922008,-2.649945906,-2.619426997,-2.586365003,-2.56320149,-2.513144645,-2.487849463,-2.455931956,-2.424581209,-2.390298898,-2.319664487,-2.277448338,-2.245728131,-2.210771943,-2.167938385,-2.13578567,-2.094960072,-2.049002666,-2.003707281,-1.963091777,-1.924380054,-1.876181014,-1.834310624,-1.795907162,-1.764092973,-1.722070053,-1.687462997,-1.645718646,-1.6062669,-1.55918534,-1.538246434,-1.476865097,-1.441627478,-1.397180658,-1.351318047,-1.315971952,-1.274676533,-1.231073451,-1.177420059,-1.130680257,-1.098285646,-1.038080821,-0.993829293,-0.955997561,-0.89438083,-0.873920568,-0.819303663,-0.782160869,-0.742888057,-0.688723065,-0.657693805,-0.63636734,-0.583186475,-0.561451323,-0.53140162,-0.49068186,-0.456480754,-0.424297313,-0.382951407,-0.362897706,-0.326953276,-0.311489413
1965,-1.439149243,-2.589897923,-2.890759031,-3.043351421,-3.152427341,-3.226945307,-3.277366077,-3.293282218,-3.367542708,-3.35753548,-3.403402904,-3.42136079,-3.374687549,-3.388276692,-3.258848401,-3.2069084,-3.166852888,-3.088842391,-3.060980224,-3.037157319,-3.058488567,-3.077793723,-3.030118356,-3.029188389,-3.01188716,-3.010550182,-3.016824928,-3.008773924,-2.960585881,-2.975514332,-2.942333896,-2.910094889,-2.883724412,-2.863913903,-2.835647144,-2.771599641,-2.76649624,-2.719649307,-2.67840157,-2.629857153,-2.611898798,-2.58236226,-2.556267759,-2.509760515,-2.485186705,-2.437707136,-2.411056357,-2.382370702,-2.320027306,-2.279509932,-2.247567391,-2.194499142,-2.177962752,-2.121708051,-2.084072788,-2.048613905,-2.01623844,-1.95939766,-1.923286755,-1.871213141,-1.826609749,-1.787359686,-1.737572643,-1.709809516,-1.670703841,-1.629727532,-1.586515826,-1.533963225,-1.501648087,-1.472537663,-1.414843947,-1.375924269,-1.331576806,-1.284690411,-1.252642579,-1.201515095,-1.168251768,-1.109713147,-1.061855691,-1.025143035,-0.966938307,-0.926795044,-0.888106,-0.831328716,-0.805891004,-0.750919102,-0.713750172,-0.677121492,-0.629161358,-0.566313354,-0.566270158,-0.526200742,-0.473180163,-0.448204899,-0.427430419,-0.360955002,-0.352865549,-0.345995862,-0.288489711,-0.316678236
1966,-1.450923135,-2.624702262,-2.95546024,-3.112945622,-3.179798541,-3.229147988,-3.307153081,-3.37161107,-3.390405591,-3.397940009,-3.478861916,-3.406713933,-3.393618635,-3.363512104,-3.303643611,-3.204119983,-3.158015195,-3.116338565,-3.106238238,-3.057000407,-3.066512712,-3.12090412,-3.035269079,-3.049635146,-3.018634491,-3.07007044,-3.025949097,-3.025488307,-2.996108834,-2.970210529,-2.963770456,-2.936291441,-2.915781313,-2.881404635,-2.849550591,-2.827105302,-2.807153885,-2.75325529,-2.729088361,-2.711080394,-2.647046088,-2.61672335,-2.566390157,-2.543026986,-2.499900808,-2.455683858,-2.41128022,-2.39351115,-2.340654364,-2.315334136,-2.257982253,-2.221486988,-2.205442249,-2.149660145,-2.096747183,-2.057148993,-2.022688027,-1.992721753,-1.933152489,-1.891773344,-1.858644308,-1.809416204,-1.764042521,-1.730206956,-1.698275688,-1.659436917,-1.620024065,-1.568539737,-1.528737634,-1.480986251,-1.451622868,-1.404239314,-1.352587687,-1.315900039,-1.274946375,-1.240770447,-1.193053901,-1.14888848,-1.097779472,-1.046496419,-0.99783826,-0.95950051,-0.912254065,-0.874762789,-0.815175179,-0.796643418,-0.744741972,-0.704092195,-0.666867224,-0.617305914,-0.578978813,-0.572846718,-0.524366578,-0.478664436,-0.447201637,-0.423233779,-0.379820205,-0.363333608,-0.327657343,-0.345114337
1967,-1.473298961,-2.67243674,-2.963371105,-3.116338565,-3.197910742,-3.279014256,-3.30980392,-3.36552273,-3.404503778,-3.440093375,-3.406713933,-3.399027104,-3.408935393,-3.384049948,-3.333482019,-3.2069084,-3.177178355,-3.129596095,-3.062482108,-3.07007044,-3.101274818,-3.046723663,-3.047207557,-3.002613616,-3.010995384,-3.006123085,-3.008773924,-3.042392713,-3.016824928,-2.971022295,-2.996108834,-2.945386945,-2.932185489,-2.878112015,-2.863596552,-2.817015033,-2.792365633,-2.772884917,-2.729088361,-2.677780705,-2.609241471,-2.625618302,-2.570409198,-2.544698228,-2.498940738,-2.465339424,-2.424119684,-2.383839687,-2.349012906,-2.307329301,-2.242679903,-2.217026005,-2.188357979,-2.140741583,-2.098105968,-2.060281118,-2.017774008,-1.975432243,-1.941156585,-1.892416969,-1.857329022,-1.819043049,-1.77580373,-1.728437175,-1.692225931,-1.644586796,-1.621057301,-1.573944418,-1.521318093,-1.472769782,-1.427790795,-1.404404585,-1.35518735,-1.304737277,-1.255816582,-1.226096589,-1.19277626,-1.139476335,-1.090433274,-1.047193032,-0.992845623,-0.948353628,-0.904760888,-0.86001078,-0.831181481,-0.772905513,-0.747921626,-0.69003147,-0.649670559,-0.62509409,-0.573674207,-0.531877261,-0.501077729,-0.469838737,-0.43856348,-0.429583164,-0.386320937,-0.342353373,-0.3435386,-0.340720979
1968,-1.480276984,-2.68613278,-2.98088371,-3.095284455,-3.188424994,-3.262807357,-3.331614083,-3.401209493,-3.389339837,-3.377785977,-3.42365865,-3.448550002,-3.395773947,-3.359518563,-3.244125144,-3.218244625,-3.120330794,-3.147520006,-3.07211659,-3.073657553,-3.126098402,-3.062983893,-3.062983893,-3.038578906,-3.058985756,-3.040958608,-3.049635146,-3.040481623,-3.037630664,-2.996539468,-2.971835581,-2.970616222,-2.912928794,-2.88008459,-2.876801925,-2.823330067,-2.807153885,-2.776763727,-2.709297757,-2.708409174,-2.640354207,-2.623423043,-2.575445023,-2.526805091,-2.484258583,-2.44551084,-2.407157317,-2.37975981,-2.340178842,-2.296966695,-2.252899069,-2.228780098,-2.171211252,-2.128076968,-2.099414413,-2.06363708,-2.007137329,-1.96826846,-1.93203691,-1.893435165,-1.843814427,-1.809276213,-1.769091481,-1.724803858,-1.688436847,-1.632494991,-1.601417711,-1.566502185,-1.530016074,-1.468291223,-1.411190661,-1.38094843,-1.34066388,-1.296553851,-1.254745591,-1.200342462,-1.157553027,-1.134682782,-1.078870402,-1.034948893,-0.963303251,-0.938381676,-0.884825666,-0.840366645,-0.797394543,-0.767034367,-0.704578056,-0.683459362,-0.620603825,-0.590894006,-0.554831867,-0.509403899,-0.480005406,-0.468601563,-0.418625005,-0.398414735,-0.387330558,-0.365594278,-0.344449565,-0.276412171
1969,-1.497477291,-2.705533774,-2.973466735,-3.140861703,-3.218963061,-3.262012674,-3.343901798,-3.428291168,-3.404503778,-3.417936637,-3.443697499,-3.468521083,-3.42945706,-3.370590401,-3.226213555,-3.186419011,-3.13076828,-3.124360063,-3.054039296,-3.054039296,-3.123782159,-3.031517051,-3.038578906,-3.033858267,-3.057991947,-3.035269079,-3.043351421,-3.005243055,-3.025028006,-3.010550182,-2.975514332,-2.959793372,-2.940436582,-2.903785415,-2.860120914,-2.827397069,-2.822175028,-2.76700389,-2.717151397,-2.689306688,-2.629857153,-2.602233744,-2.573326112,-2.515842576,-2.482804102,-2.432503109,-2.419987887,-2.361510743,-2.327994555,-2.285083752,-2.22811868,-2.209222399,-2.16953965,-2.126795691,-2.092105165,-2.038104526,-2.005330978,-1.953778063,-1.926574943,-1.876638441,-1.830354951,-1.785580061,-1.743619047,-1.706107333,-1.662520772,-1.619192014,-1.578412524,-1.541211118,-1.506388614,-1.45670196,-1.396639076,-1.356320365,-1.307249993,-1.273965934,-1.234480457,-1.192343224,-1.159072536,-1.125274721,-1.099999035,-1.054339422,-1.005550863,-0.962796683,-0.91659414,-0.882881231,-0.835052627,-0.785768303,-0.757115843,-0.713765899,-0.695244582,-0.635030858,-0.60588643,-0.576950832,-0.530016074,-0.495303553,-0.479967372,-0.438935605,-0.411783214,-0.374523948,-0.38361377,-0.255201808
1970,-1.524663013,-2.746177561,-3.015922966,-3.151195299,-3.246416941,-3.289036881,-3.341988603,-3.35753548,-3.438898616,-3.458420756,-3.476253533,-3.465973894,-3.413412695,-3.332547047,-3.258060922,-3.221125528,-3.135488919,-3.062983893,-3.054531415,-3.058488567,-3.122053048,-3.057495894,-3.051098239,-3.048662481,-3.050122296,-3.029188389,-3.041914151,-3.015472687,-3.043351421,-3.045757491,-2.998699067,-2.970210529,-2.953114809,-2.930701988,-2.896196279,-2.855114582,-2.837734386,-2.77702355,-2.771343042,-2.724688645,-2.677160727,-2.639785387,-2.579549141,-2.530914701,-2.516555352,-2.455931956,-2.4225082,-2.379968105,-2.345919765,-2.308741642,-2.266241164,-2.228045251,-2.193277497,-2.152982902,-2.105296347,-2.074842673,-2.029839157,-1.983426254,-1.948423042,-1.913568979,-1.863247734,-1.830031826,-1.779813432,-1.753747688,-1.692953465,-1.675779297,-1.626315787,-1.581317625,-1.543375896,-1.510139916,-1.457759834,-1.403369921,-1.349673046,-1.31082438,-1.275265495,-1.223131812,-1.182804963,-1.138101341,-1.097349959,-1.061145177,-1.009363724,-0.966306905,-0.917372584,-0.884169901,-0.839762634,-0.792567614,-0.757053783,-0.716065887,-0.67869161,-0.661465818,-0.587096144,-0.558606541,-0.514981678,-0.484755545,-0.434049521,-0.437336062,-0.413671549,-0.357592862,-0.331986096,-0.290914144
1971,-1.530163262,-2.823908741,-3.025949097,-3.190440285,-3.243363892,-3.310691141,-3.350665141,-3.384049948,-3.419075024,-3.492144128,-3.485452247,-3.480172006,-3.444905551,-3.380906669,-3.288192771,-3.235077015,-3.176525771,-3.087246696,-3.054039296,-3.079876674,-3.07211659,-3.047207557,-3.066006836,-3.074172425,-3.048662481,-3.039529222,-3.04769199,-3.087777943,-3.017728767,-3.003050752,-3.023191663,-3.011441043,-2.968995719,-2.934420285,-2.940058112,-2.877784122,-2.845271793,-2.782516056,-2.730253627,-2.71489297,-2.68613278,-2.642636969,-2.621057301,-2.549289122,-2.51741223,-2.456428576,-2.423543468,-2.401100113,-2.34920696,-2.316862869,-2.264880366,-2.227604939,-2.184754408,-2.175874166,-2.105960999,-2.077949598,-2.033529736,-2.002832129,-1.956873602,-1.910342118,-1.87913006,-1.841125102,-1.792985341,-1.741123371,-1.712556599,-1.672457168,-1.638706676,-1.596279091,-1.556690064,-1.518213512,-1.484497054,-1.433916216,-1.371069817,-1.319410693,-1.272767901,-1.244658816,-1.193263942,-1.145766853,-1.100743243,-1.059503437,-1.0116462,-0.965155052,-0.925618803,-0.875658829,-0.837280303,-0.795684629,-0.758177193,-0.716488461,-0.681510931,-0.63058189,-0.614465221,-0.557833914,-0.53262279,-0.489656099,-0.470674895,-0.413115766,-0.41939659,-0.368798814,-0.337536833,-0.278355883
1972,-1.560256894,-2.857923539,-3.090443971,-3.226945307,-3.266802735,-3.359518563,-3.351639989,-3.397940009,-3.417936637,-3.468521083,-3.484126156,-3.457174573,-3.458420756,-3.420216403,-3.299296283,-3.205511953,-3.138465589,-3.121478204,-3.022276395,-3.060980224,-3.066006836,-3.025488307,-3.04769199,-3.09420412,-3.05207638,-3.08249449,-3.064996849,-3.034328029,-3.020451625,-3.031984286,-3.008773924,-2.998266287,-2.967381239,-2.923723745,-2.901010361,-2.877456476,-2.84924356,-2.81389162,-2.781989957,-2.699187206,-2.674484337,-2.648396928,-2.611898798,-2.566230166,-2.517698233,-2.484126156,-2.422853015,-2.370488466,-2.346980549,-2.297138829,-2.270754193,-2.215810795,-2.192600287,-2.143815073,-2.115657852,-2.086716098,-2.032545632,-2.005506877,-1.962892367,-1.912822188,-1.871826985,-1.849458459,-1.794173341,-1.768785352,-1.705115113,-1.673643654,-1.635392728,-1.598444382,-1.557222442,-1.515628971,-1.479123618,-1.442745508,-1.388712267,-1.332145627,-1.273729325,-1.23541294,-1.203238392,-1.15569061,-1.106732161,-1.068816829,-1.031316295,-0.985089024,-0.937162402,-0.896418613,-0.849950055,-0.806585968,-0.773750765,-0.735957045,-0.694169451,-0.655476082,-0.615051922,-0.59434805,-0.532093096,-0.510694155,-0.473433295,-0.436983122,-0.386102178,-0.401714093,-0.409762453,-0.274132452
1973,-1.577311692,-2.918652692,-3.126098402,-3.215382707,-3.303643611,-3.316952962,-3.374687549,-3.444905551,-3.450996738,-3.449771647,-3.446116973,-3.472370099,-3.442492798,-3.41453927,-3.310691141,-3.215382707,-3.177831921,-3.09420412,-3.058488567,-3.055517328,-3.119758224,-3.079354999,-3.083546051,-3.039053804,-3.068542129,-3.055517328,-3.066006836,-3.073143291,-3.098541679,-2.997833938,-3.011441043,-2.98254927,-3.009217308,-2.94577009,-2.943095149,-2.895854449,-2.860435734,-2.833273944,-2.77702355,-2.732828272,-2.68006156,-2.652669985,-2.627456199,-2.569924944,-2.531357332,-2.468138051,-2.434270212,-2.382999659,-2.342084063,-2.307241182,-2.28777133,-2.229810977,-2.187353984,-2.155709257,-2.112213965,-2.077585976,-2.049489107,-2.001261284,-1.96806666,-1.920963543,-1.879524783,-1.839321426,-1.80126046,-1.748946098,-1.721566523,-1.671763146,-1.635430245,-1.590472633,-1.550166905,-1.505553191,-1.46151424,-1.429165294,-1.39303853,-1.335941235,-1.272914422,-1.224280355,-1.173419895,-1.140405423,-1.090968436,-1.043409011,-0.999552907,-0.962091663,-0.915756272,-0.86114176,-0.824482388,-0.782747741,-0.73598542,-0.695809015,-0.659633232,-0.613158728,-0.579662966,-0.529089931,-0.514184912,-0.45684369,-0.444134426,-0.421643919,-0.37232185,-0.343662187,-0.325672644,-0.270897604
1974,-1.631731715,-2.973058372,-3.21395879,-3.308918508,-3.385102784,-3.424812155,-3.437707136,-3.428291168,-3.492144128,-3.504455662,-3.571865206,-3.519993057,-3.476253533,-3.463441557,-3.392544977,-3.268411235,-3.192464972,-3.170053304,-3.101274818,-3.097453221,-3.15490196,-3.127261173,-3.119758224,-3.137272472,-3.129011186,-3.13076828,-3.111820506,-3.12090412,-3.110698297,-3.097997109,-3.073657553,-3.022276395,-3.005682847,-2.983802646,-2.933674075,-2.905528871,-2.866461092,-2.855737226,-2.810509686,-2.782252927,-2.71354353,-2.662141571,-2.654038458,-2.57888987,-2.537602002,-2.491604967,-2.417822962,-2.387110231,-2.355266073,-2.302857874,-2.273109859,-2.243516036,-2.191451449,-2.163929191,-2.121363327,-2.086663074,-2.046047117,-2.017864505,-1.968591536,-1.935804164,-1.881801432,-1.852632892,-1.80997662,-1.775907412,-1.728692881,-1.682877262,-1.635392728,-1.600672468,-1.57115277,-1.522516984,-1.481078278,-1.436163081,-1.39130285,-1.362920743,-1.31091323,-1.245942311,-1.190750125,-1.147965509,-1.124793996,-1.070928649,-1.025147637,-0.983279967,-0.937609825,-0.892633984,-0.844296638,-0.807691863,-0.757023998,-0.726006197,-0.685888294,-0.635447129,-0.598022507,-0.566241363,-0.526657576,-0.509666418,-0.440452444,-0.422517392,-0.394804888,-0.352658114,-0.32559543,-0.296242758
1975,-1.68006156,-3.019088062,-3.216811309,-3.316052869,-3.348721986,-3.438898616,-3.389339837,-3.519993057,-3.477555766,-3.534617149,-3.552841969,-3.543633967,-3.477555766,-3.474955193,-3.343901798,-3.27083521,-3.186419011,-3.161780778,-3.072629637,-3.085128182,-3.079876674,-3.089909454,-3.102922997,-3.100726813,-3.13076828,-3.124938737,-3.126679398,-3.116338565,-3.089909454,-3.097453221,-3.061980903,-3.047207557,-3.024108864,-3.001304842,-2.969805215,-2.925549281,-2.869344651,-2.844360366,-2.815876646,-2.779891912,-2.735654493,-2.653451441,-2.625251654,-2.57446578,-2.538351432,-2.500725418,-2.448672012,-2.38902062,-2.352421446,-2.310513552,-2.258848401,-2.221342368,-2.193209728,-2.154715874,-2.114808459,-2.0839147,-2.029327757,-1.998699067,-1.9690766,-1.921325727,-1.884456052,-1.844572861,-1.799122154,-1.758752449,-1.71561439,-1.675696963,-1.634380998,-1.578642901,-1.553897967,-1.504039605,-1.465656543,-1.423186597,-1.376543952,-1.338007578,-1.298777516,-1.244559656,-1.179437326,-1.129484901,-1.089642443,-1.051709319,-1.006325744,-0.966439544,-0.918843593,-0.873258346,-0.832744712,-0.790686094,-0.750349233,-0.709288862,-0.672089606,-0.627529877,-0.592456142,-0.560902679,-0.513376859,-0.47954529,-0.461344592,-0.421501758,-0.39503994,-0.366695193,-0.312304309,-0.270893552
1976,-1.715907809,-3.033858267,-3.251037139,-3.349692477,-3.395773947,-3.446116973,-3.460923901,-3.482804102,-3.459670525,-3.576754126,-3.53313238,-3.501689446,-3.490797478,-3.457174573,-3.410050399,-3.302770657,-3.214670165,-3.151810883,-3.123205024,-3.089375595,-3.11463878,-3.095825632,-3.092051478,-3.156767222,-3.122628654,-3.127261173,-3.163043263,-3.119758224,-3.123205024,-3.095284455,-3.04769199,-3.064492734,-3.018181393,-2.986741335,-2.970616222,-2.957818405,-2.884056823,-2.86106606,-2.800244823,-2.785421046,-2.73072061,-2.70421306,-2.628747371,-2.587707491,-2.530767257,-2.516412703,-2.453210648,-2.39924485,-2.343805938,-2.309981219,-2.262807357,-2.221486988,-2.181114585,-2.159831151,-2.12239832,-2.083598696,-2.031470356,-2.004715892,-1.979348732,-1.938472129,-1.882463567,-1.851273984,-1.810621994,-1.76728335,-1.731702913,-1.684512472,-1.638706676,-1.604935836,-1.553167812,-1.520309546,-1.472125314,-1.428337744,-1.379010775,-1.345044161,-1.306721643,-1.257927193,-1.208772658,-1.147977721,-1.101664323,-1.046047117,-1.029290588,-0.974174112,-0.929588985,-0.885919699,-0.844569825,-0.802821479,-0.75341772,-0.716839035,-0.672880249,-0.632191381,-0.594382184,-0.56172828,-0.527623908,-0.497343502,-0.460779579,-0.448581721,-0.395017292,-0.380553948,-0.332358427,-0.276284978
1977,-1.747219762,-3.055024092,-3.292429824,-3.361510743,-3.458420756,-3.498940738,-3.450996738,-3.467245621,-3.53313238,-3.53313238,-3.580044252,-3.512861625,-3.53165267,-3.49757288,-3.361510743,-3.331614083,-3.214670165,-3.159266765,-3.149353765,-3.09420412,-3.115204636,-3.09420412,-3.131355562,-3.080921908,-3.151195299,-3.133712661,-3.176525771,-3.163675884,-3.126679398,-3.122053048,-3.085656843,-3.069050969,-3.086186148,-3.015472687,-2.965772739,-2.943476276,-2.878112015,-2.863596552,-2.851397345,-2.811071516,-2.758951849,-2.68613278,-2.653255945,-2.598771833,-2.557363474,-2.497846107,-2.477295007,-2.426316307,-2.376854125,-2.320299619,-2.278849156,-2.236497135,-2.186819467,-2.170053304,-2.13768969,-2.098759698,-2.040529298,-2.006255243,-1.963890333,-1.952374722,-1.90815725,-1.846063246,-1.826551485,-1.783649331,-1.742201471,-1.699774193,-1.657103802,-1.613679426,-1.570409198,-1.509900995,-1.48355718,-1.435073674,-1.401932095,-1.350499635,-1.304483301,-1.27335428,-1.222863287,-1.172210853,-1.114435252,-1.063823167,-1.033839487,-0.994510613,-0.943979877,-0.899960472,-0.849808664,-0.807192887,-0.758530723,-0.721184688,-0.675324593,-0.633636821,-0.597688741,-0.55847296,-0.523719194,-0.493550442,-0.456510573,-0.415090102,-0.400086376,-0.386503849,-0.385658657,-0.271639724
1978,-1.77059976,-3.063486258,-3.295849483,-3.364516253,-3.452225295,-3.53313238,-3.473660723,-3.540607512,-3.55129368,-3.565431096,-3.559090918,-3.563837353,-3.568636236,-3.490797478,-3.356547324,-3.339134522,-3.246416941,-3.21395879,-3.143875556,-3.151195299,-3.177831921,-3.144480844,-3.111259039,-3.146301788,-3.165579296,-3.147520006,-3.131355562,-3.139063379,-3.149966742,-3.126098402,-3.101274818,-3.088309841,-3.079876674,-3.039053804,-2.968591536,-2.985899678,-2.904133547,-2.907279355,-2.835052627,-2.809668302,-2.762205007,-2.721703792,-2.653842698,-2.630042393,-2.570086302,-2.529736553,-2.487849463,-2.433680378,-2.381219975,-2.338092707,-2.266080849,-2.235599677,-2.208870999,-2.169796401,-2.126795691,-2.092534893,-2.053596866,-2.015112799,-1.984263126,-1.936779264,-1.910236146,-1.862266205,-1.822348088,-1.783966122,-1.757756817,-1.707146078,-1.672702382,-1.622948863,-1.572400301,-1.537123045,-1.476318552,-1.450273516,-1.403314955,-1.365361537,-1.314079208,-1.272597024,-1.234577342,-1.191559445,-1.136706887,-1.085233863,-1.03857416,-1.002434517,-0.968834,-0.912495427,-0.864985085,-0.827178226,-0.780478344,-0.733958908,-0.697450464,-0.660391565,-0.609220278,-0.579639869,-0.538021523,-0.504674946,-0.493409741,-0.451641297,-0.418972447,-0.398118106,-0.319069213,-0.300101599
1979,-1.812987193,-3.086186148,-3.316052869,-3.4225082,-3.494850022,-3.515700161,-3.588380294,-3.602059991,-3.560667306,-3.580044252,-3.590066877,-3.519993057,-3.560667306,-3.492144128,-3.402304814,-3.331614083,-3.199970641,-3.170696227,-3.145086978,-3.133712661,-3.104025268,-3.133712661,-3.13076828,-3.11463878,-3.121478204,-3.133712661,-3.134896025,-3.116906641,-3.148741651,-3.118045029,-3.086186148,-3.093664958,-3.07109231,-3.026410377,-2.990549104,-2.966576245,-2.944621669,-2.881404635,-2.865504144,-2.827689031,-2.772627558,-2.703115524,-2.71489297,-2.652279783,-2.586030028,-2.519418213,-2.486116814,-2.445874418,-2.392652223,-2.343518484,-2.296966695,-2.236497135,-2.210419288,-2.180061431,-2.136736636,-2.085921415,-2.071450533,-2.033201454,-1.989403264,-1.950007143,-1.892756102,-1.88153686,-1.83386603,-1.799833754,-1.763664314,-1.728344228,-1.673992032,-1.624720564,-1.595080801,-1.552904015,-1.501882509,-1.457896924,-1.413615263,-1.372265559,-1.329921215,-1.283879747,-1.238673678,-1.19890514,-1.158008947,-1.103225842,-1.051919729,-1.002425782,-0.961701804,-0.926618954,-0.87072269,-0.831249203,-0.796624384,-0.756443589,-0.700183379,-0.661762701,-0.619114316,-0.591637907,-0.552378452,-0.511622754,-0.471933447,-0.452118272,-0.435636983,-0.397100461,-0.40413908,-0.360184926
1980,-1.83878178,-3.074687909,-3.26520017,-3.364516253,-3.469800302,-3.480172006,-3.465973894,-3.488116639,-3.54515514,-3.498940738,-3.595166283,-3.511449283,-3.515700161,-3.453457337,-3.364516253,-3.284832642,-3.168130226,-3.13430394,-3.107905397,-3.119758224,-3.107348966,-3.107905397,-3.087246696,-3.099086932,-3.1123827,-3.132532512,-3.12090412,-3.11463878,-3.116906641,-3.155522824,-3.090979146,-3.062482108,-3.026872146,-3.01188716,-3.021819483,-2.978397284,-2.909036923,-2.887394998,-2.854182286,-2.797239313,-2.776504059,-2.715794932,-2.675306086,-2.660151217,-2.588885581,-2.541211118,-2.507239611,-2.431211788,-2.410273744,-2.354970935,-2.308123177,-2.273598838,-2.215382707,-2.183294816,-2.140261434,-2.094527938,-2.060331016,-2.0266412,-1.98682559,-1.946959991,-1.909001702,-1.871213141,-1.838631998,-1.793497942,-1.754462657,-1.717083473,-1.677325968,-1.635730496,-1.586884724,-1.545749845,-1.503001202,-1.460848597,-1.398907391,-1.365956233,-1.313354795,-1.278997743,-1.224659022,-1.190729912,-1.14298731,-1.099567322,-1.052061692,-1.003107612,-0.961669994,-0.91650813,-0.877616991,-0.819762267,-0.789127927,-0.744710606,-0.699550175,-0.66078515,-0.609916662,-0.580553153,-0.53466177,-0.500273063,-0.485247765,-0.431441597,-0.398516918,-0.381912138,-0.33377508,-0.294078158
1981,-1.84807882,-3.124938737,-3.363512104,-3.434152181,-3.557520231,-3.563837353,-3.586700236,-3.610833916,-3.68613278,-3.596879479,-3.681936665,-3.675717545,-3.640164518,-3.534617149,-3.389339837,-3.37161107,-3.230622674,-3.159893906,-3.111259039,-3.129596095,-3.096910013,-3.12090412,-3.163043263,-3.118615343,-3.162411562,-3.13430394,-3.139063379,-3.140261434,-3.140861703,-3.135488919,-3.089375595,-3.14327111,-3.080921908,-3.07211659,-3.042871802,-3.028724151,-2.957030927,-2.937418016,-2.871277716,-2.831797253,-2.794795636,-2.750312572,-2.724458312,-2.668977829,-2.620694482,-2.562566556,-2.497436331,-2.458420756,-2.416008201,-2.371713269,-2.326058001,-2.289628736,-2.237471478,-2.181312337,-2.15391042,-2.102978044,-2.068287933,-2.025718641,-2.000347575,-1.958291579,-1.924453039,-1.868702203,-1.829356977,-1.804737042,-1.767537561,-1.727415851,-1.689285451,-1.650275777,-1.599479279,-1.566246162,-1.516412703,-1.470813556,-1.418881288,-1.37915632,-1.332500351,-1.285309875,-1.242588786,-1.195799212,-1.142510703,-1.109405745,-1.056060536,-1.01085287,-0.968393623,-0.920297913,-0.879314219,-0.835682841,-0.785320367,-0.750051145,-0.703154988,-0.674426872,-0.6265179,-0.585594947,-0.553307534,-0.514632114,-0.486126126,-0.456570217,-0.43481475,-0.367862726,-0.377936296,-0.313310117
1982,-1.882231705,-3.17327748,-3.37161107,-3.484126156,-3.562249437,-3.576754126,-3.548213564,-3.643974143,-3.647817482,-3.649751982,-3.716698771,-3.665546249,-3.612610174,-3.555955204,-3.463441557,-3.348721986,-3.276544328,-3.168130226,-3.148130399,-3.148741651,-3.153662888,-3.162411562,-3.102922997,-3.148130399,-3.156144577,-3.151810883,-3.1837587,-3.124360063,-3.173925197,-3.119758224,-3.153662888,-3.128427064,-3.085128182,-3.084600165,-3.032920266,-3.014573526,-2.9476909,-2.931072388,-2.882397308,-2.871277716,-2.810509686,-2.734474665,-2.725842151,-2.675306086,-2.636764196,-2.575771929,-2.538801711,-2.483729117,-2.43687504,-2.39051231,-2.331987028,-2.301986496,-2.260744197,-2.226872076,-2.170567566,-2.128427064,-2.077949598,-2.032686082,-2.00449643,-1.971022295,-1.93092419,-1.884056823,-1.853871964,-1.810593914,-1.777647761,-1.745935547,-1.697972274,-1.672355036,-1.62391601,-1.580358114,-1.523690186,-1.488517711,-1.445922919,-1.395115442,-1.343643024,-1.298976303,-1.25195159,-1.212730856,-1.162638868,-1.115646516,-1.080378072,-1.029955468,-0.985702126,-0.947814122,-0.895622159,-0.855537883,-0.817999294,-0.767006429,-0.726318288,-0.698071944,-0.653390828,-0.615748764,-0.577223089,-0.536417546,-0.508931203,-0.479083044,-0.435718699,-0.412821288,-0.400420385,-0.370907572
1983,-1.921506932,-3.142667504,-3.328827157,-3.438898616,-3.53165267,-3.630784143,-3.612610174,-3.655607726,-3.677780705,-3.673664139,-3.663540266,-3.653647026,-3.605548319,-3.567030709,-3.48148606,-3.366531544,-3.2644011,-3.188424994,-3.189095719,-3.13667714,-3.140261434,-3.128427064,-3.151810883,-3.15739076,-3.149966742,-3.148741651,-3.146301788,-3.140261434,-3.14327111,-3.131943638,-3.128427064,-3.124938737,-3.088309841,-3.086716098,-3.041436117,-3.019088062,-2.973466735,-2.944621669,-2.891773344,-2.830031826,-2.795066478,-2.779107751,-2.705974906,-2.68172792,-2.626720107,-2.596022036,-2.550675907,-2.501138311,-2.42934033,-2.385419133,-2.333107789,-2.301203748,-2.247337057,-2.206698646,-2.142064735,-2.124533584,-2.077326432,-2.04072005,-2.000304113,-1.953426802,-1.929444984,-1.88562257,-1.837764276,-1.80515278,-1.759850287,-1.730346983,-1.689880463,-1.653607902,-1.613590221,-1.567223059,-1.531224495,-1.481012543,-1.431845229,-1.383188524,-1.343441862,-1.284732239,-1.239441821,-1.19766421,-1.142703696,-1.101340626,-1.053095989,-1.008689733,-0.960546221,-0.922948391,-0.873232397,-0.832245636,-0.786330864,-0.754879855,-0.693918254,-0.659758206,-0.620147199,-0.584399049,-0.548202822,-0.496823754,-0.474043484,-0.439029879,-0.418423502,-0.371028995,-0.328779008,-0.287291386
1984,-1.951402842,-3.279840697,-3.415668776,-3.485452247,-3.549750892,-3.681936665,-3.649751982,-3.659555885,-3.655607726,-3.721246399,-3.705533774,-3.681936665,-3.701146924,-3.581698709,-3.525783736,-3.35753548,-3.298432015,-3.248720896,-3.201349355,-3.19314197,-3.199970641,-3.145693958,-3.124360063,-3.166852888,-3.140261434,-3.189095719,-3.18243463,-3.209714836,-3.158015195,-3.141462802,-3.136082623,-3.13076828,-3.095284455,-3.056505484,-3.053547735,-3.050122296,-2.996539468,-2.975925013,-2.908333042,-2.877456476,-2.816730156,-2.76649624,-2.726767166,-2.707743929,-2.656394492,-2.605198223,-2.557677044,-2.518700727,-2.464452721,-2.411504199,-2.365724305,-2.317854924,-2.277695213,-2.233661525,-2.182038195,-2.141703475,-2.097616316,-2.058190527,-2.018770513,-1.981299501,-1.937907107,-1.905983319,-1.865950457,-1.830413727,-1.780022743,-1.744365734,-1.716766635,-1.677801386,-1.62808286,-1.592252288,-1.552640379,-1.513782115,-1.459607951,-1.414336271,-1.370223546,-1.325056232,-1.271345969,-1.232977784,-1.191424454,-1.135227946,-1.08786832,-1.049971221,-1.00179735,-0.956374474,-0.919312197,-0.869624413,-0.824099873,-0.79000806,-0.750356566,-0.702979623,-0.657531918,-0.635805591,-0.605953032,-0.548093881,-0.525745846,-0.489656099,-0.468037242,-0.406144848,-0.407618917,-0.33405428
1985,-1.986236145,-3.259637311,-3.436518915,-3.507239611,-3.565431096,-3.694648631,-3.669586227,-3.70333481,-3.675717545,-3.707743929,-3.669586227,-3.709965389,-3.643974143,-3.647817482,-3.498940738,-3.431798276,-3.280668713,-3.195860568,-3.187086643,-3.170696227,-3.164309429,-3.161780778,-3.184422252,-3.15490196,-3.165579296,-3.153044675,-3.186419011,-3.164309429,-3.184422252,-3.168770306,-3.125518182,-3.165579296,-3.12090412,-3.084600165,-3.069050969,-2.993106292,-3.030584088,-2.985479461,-2.891096872,-2.871600731,-2.825940192,-2.785686103,-2.760950907,-2.702020756,-2.6712128,-2.631155493,-2.588548658,-2.513853003,-2.479254528,-2.445026542,-2.385313658,-2.321663753,-2.292089334,-2.245345931,-2.210207832,-2.139602095,-2.110082317,-2.056653902,-2.025258095,-1.979597279,-1.938434438,-1.90142549,-1.879821062,-1.828800283,-1.790109831,-1.751953131,-1.707566702,-1.667642347,-1.63425002,-1.599082277,-1.556173969,-1.509269192,-1.46977468,-1.419291656,-1.372152999,-1.3221103,-1.274464048,-1.226191622,-1.179266675,-1.133210706,-1.087538802,-1.046143702,-1.001731941,-0.953169392,-0.908776354,-0.866007874,-0.824549073,-0.774233399,-0.745522015,-0.702156357,-0.654271528,-0.621313271,-0.570220275,-0.53331325,-0.50801533,-0.466878982,-0.434631586,-0.400680348,-0.398880187,-0.361911277
1986,-2.001827878,-3.300162274,-3.488116639,-3.609064893,-3.671620397,-3.718966633,-3.677780705,-3.707743929,-3.752026734,-3.772113295,-3.698970004,-3.681936665,-3.787812396,-3.567030709,-3.507239611,-3.462180905,-3.32330639,-3.258848401,-3.240332155,-3.226945307,-3.177178355,-3.179798541,-3.174573882,-3.171984936,-3.197910742,-3.15864053,-3.166852888,-3.167491087,-3.163043263,-3.174573882,-3.131943638,-3.131355562,-3.13076828,-3.088309841,-3.087777943,-3.015022874,-3.007446482,-2.956244873,-2.947306058,-2.889073758,-2.841336019,-2.773400095,-2.735890844,-2.686765708,-2.668370282,-2.6127882,-2.580374639,-2.543178652,-2.489589052,-2.440452444,-2.400335221,-2.361710465,-2.301899454,-2.261615876,-2.207048292,-2.165261481,-2.111764327,-2.07582413,-2.033623577,-1.996367163,-1.956952257,-1.90490042,-1.874453676,-1.850257585,-1.803740889,-1.75114432,-1.721772442,-1.673684625,-1.635974603,-1.611366031,-1.562566556,-1.528693617,-1.479477166,-1.428419263,-1.380395422,-1.346777835,-1.295858066,-1.251099075,-1.194390412,-1.146995754,-1.098901469,-1.05612972,-1.008539114,-0.962948193,-0.918659894,-0.872292793,-0.838257767,-0.789502234,-0.748276632,-0.709248837,-0.674160173,-0.618240727,-0.592962794,-0.556893543,-0.513624786,-0.463008741,-0.465529668,-0.429424373,-0.420206118,-0.32041495
1987,-2.011307297,-3.225483034,-3.505845406,-3.575118363,-3.588380294,-3.688246139,-3.688246139,-3.747146969,-3.716698771,-3.777283529,-3.718966633,-3.795880017,-3.701146924,-3.661543506,-3.590066877,-3.507239611,-3.308034897,-3.289882635,-3.20481541,-3.217527376,-3.187086643,-3.191114133,-3.171340103,-3.136082623,-3.152427341,-3.151810883,-3.133712661,-3.159266765,-3.144480844,-3.147520006,-3.170053304,-3.109020403,-3.089909454,-3.104577454,-3.093126465,-3.017728767,-3.006123085,-2.981299501,-2.943476276,-2.90274269,-2.84924356,-2.807711387,-2.765735876,-2.7000571,-2.673664139,-2.649751982,-2.600153287,-2.5551748,-2.499077761,-2.467500414,-2.416914634,-2.371508895,-2.308830066,-2.266401539,-2.222645687,-2.184090349,-2.141041945,-2.087459117,-2.051342568,-2.006123085,-1.968955283,-1.921833292,-1.882562975,-1.84585002,-1.818070704,-1.780913443,-1.74009568,-1.690923698,-1.662980247,-1.624976871,-1.583892288,-1.541800443,-1.504303062,-1.452385263,-1.411773126,-1.361420898,-1.317872982,-1.266842875,-1.218833655,-1.16971936,-1.127511575,-1.083172456,-1.036972854,-0.990731869,-0.943133246,-0.905099331,-0.859916403,-0.813583338,-0.773696599,-0.721525351,-0.6943327,-0.643817289,-0.613759726,-0.574066556,-0.54568576,-0.493953857,-0.462591476,-0.455721064,-0.42339723,-0.357069778
1988,-2.028816959,-3.295849483,-3.4710833,-3.571865206,-3.673664139,-3.659555885,-3.759450752,-3.728158393,-3.8569852,-3.772113295,-3.841637508,-3.76700389,-3.688246139,-3.694648631,-3.576754126,-3.460923901,-3.308918508,-3.253365801,-3.247951552,-3.216096421,-3.175223538,-3.146301788,-3.137868621,-3.150580586,-3.126098402,-3.111820506,-3.123205024,-3.119186408,-3.096367484,-3.130181792,-3.111259039,-3.100179498,-3.080921908,-3.08249449,-3.057000407,-3.055517328,-2.992252222,-2.966978555,-2.960585881,-2.912573543,-2.871277716,-2.823041019,-2.778846678,-2.740167301,-2.68006156,-2.64244628,-2.589054141,-2.565750548,-2.5172693,-2.476123524,-2.441291429,-2.389978975,-2.345630909,-2.296880654,-2.244506272,-2.194363234,-2.152735898,-2.104246058,-2.069509435,-2.025442255,-1.973671061,-1.932817514,-1.889342962,-1.854679261,-1.82185793,-1.786774527,-1.74641971,-1.705754284,-1.668754963,-1.62453758,-1.582262663,-1.556017697,-1.510435234,-1.468495537,-1.411549009,-1.380249461,-1.322301819,-1.2822879,-1.234987479,-1.174931072,-1.128059471,-1.089829334,-1.040992016,-0.989797601,-0.944025687,-0.90613724,-0.855055477,-0.81540509,-0.77319395,-0.723547387,-0.679758138,-0.654944019,-0.610442341,-0.568764935,-0.523800427,-0.510182092,-0.460502363,-0.417459403,-0.414185211,-0.38590993
1989,-2.064492734,-3.372634143,-3.485452247,-3.647817482,-3.690369833,-3.739928612,-3.764471553,-3.785156152,-3.798602876,-3.790484985,-3.832682665,-3.804100348,-3.754487332,-3.718966633,-3.575118363,-3.469800302,-3.296708622,-3.238072162,-3.189767482,-3.214670165,-3.190440285,-3.139661993,-3.138465589,-3.147520006,-3.135488919,-3.097453221,-3.078313525,-3.086716098,-3.067526235,-3.048662481,-3.048176965,-3.066512712,-3.056011125,-3.026410377,-3.010995384,-2.988429556,-3.044793462,-2.989276135,-2.949233689,-2.902395671,-2.864549301,-2.826522357,-2.824488187,-2.761201437,-2.712870379,-2.654822383,-2.605723473,-2.568153954,-2.529148675,-2.484656107,-2.439017944,-2.391794992,-2.361910278,-2.310247304,-2.272133551,-2.208870999,-2.173471694,-2.133830852,-2.088150204,-2.04349541,-2.008552402,-1.952919927,-1.913426634,-1.8713423,-1.824111459,-1.794470849,-1.766217285,-1.72415906,-1.682605325,-1.642122301,-1.599824794,-1.555050066,-1.512508108,-1.478665743,-1.439555327,-1.394436394,-1.350236901,-1.297052754,-1.255534898,-1.19828766,-1.158402796,-1.099005101,-1.065946171,-1.012785243,-0.972479155,-0.918508671,-0.881345146,-0.834916004,-0.782255557,-0.751918787,-0.704914739,-0.661894271,-0.617082865,-0.600722688,-0.53322577,-0.521035463,-0.47830371,-0.456723092,-0.438082099,-0.376438543
1990,-2.086769129,-3.36251027,-3.552841969,-3.638272164,-3.657577319,-3.701146924,-3.832682665,-3.779891912,-3.812479279,-3.742321425,-3.815308569,-3.798602876,-3.747146969,-3.679853714,-3.573488739,-3.391473966,-3.268411235,-3.223298816,-3.211124884,-3.191789027,-3.177831921,-3.109578981,-3.149966742,-3.126098402,-3.097453221,-3.053547735,-3.051587034,-3.047207557,-3.024108864,-3.031984286,-3.031517051,-3.017276612,-3.017728767,-2.990974258,-3.014573526,-2.98254927,-2.959002308,-2.931443105,-2.913996294,-2.895854449,-2.851089007,-2.83386603,-2.779107751,-2.756713854,-2.709520187,-2.677987561,-2.630784143,-2.579384229,-2.535063571,-2.511167366,-2.457672617,-2.421704695,-2.383629528,-2.328641997,-2.282828973,-2.237546518,-2.187688391,-2.134481481,-2.090604454,-2.057892691,-2.006079041,-1.966536034,-1.926354954,-1.887026541,-1.843299447,-1.804986437,-1.754586047,-1.730043648,-1.690838442,-1.65200685,-1.614036429,-1.560588351,-1.517397935,-1.476826035,-1.434400083,-1.394468706,-1.34681644,-1.30793781,-1.252510508,-1.209637416,-1.158033942,-1.116810016,-1.060570611,-1.007548109,-0.968236166,-0.917731784,-0.87480185,-0.827951966,-0.781874301,-0.741389053,-0.692927766,-0.65738785,-0.6120712,-0.580849185,-0.554076809,-0.495612062,-0.470075827,-0.462615417,-0.399396248,-0.352691375
1991,-2.072578305,-3.304518324,-3.498940738,-3.596879479,-3.692503962,-3.627087997,-3.71219827,-3.798602876,-3.714442691,-3.88941029,-3.850780887,-3.772113295,-3.752026734,-3.66756154,-3.536107011,-3.48945499,-3.269217724,-3.212539525,-3.173925197,-3.165579296,-3.125518182,-3.105683937,-3.120330794,-3.08249449,-3.09420412,-3.045275209,-3.022733788,-2.997833938,-2.992252222,-2.978810701,-2.97798426,-2.962175249,-2.945004138,-2.956244873,-2.968995719,-2.957030927,-2.965772739,-2.973058372,-2.916139199,-2.886725308,-2.86106606,-2.85886391,-2.774690718,-2.763714723,-2.721932669,-2.680893941,-2.61960784,-2.554395797,-2.531209738,-2.499900808,-2.457548053,-2.425968732,-2.381742655,-2.334982175,-2.289967301,-2.233289793,-2.196338077,-2.143694134,-2.105683937,-2.055616042,-2.021226216,-1.976130499,-1.928117993,-1.882066165,-1.848752763,-1.806013237,-1.768555897,-1.732171458,-1.700209511,-1.655195244,-1.609347453,-1.564665369,-1.522285615,-1.485319456,-1.439961791,-1.401986887,-1.35966766,-1.308626718,-1.266473727,-1.215325661,-1.169963371,-1.11261341,-1.070979786,-1.016459408,-0.97427643,-0.921789763,-0.877079989,-0.826216623,-0.785916833,-0.7388966,-0.691995087,-0.65926447,-0.615453052,-0.571270889,-0.551904595,-0.504124171,-0.477794498,-0.421822832,-0.3758737,-0.366445704
1992,-2.08175991,-3.303643611,-3.46470588,-3.617982957,-3.730487056,-3.709965389,-3.790484985,-3.779891912,-3.742321425,-3.829738285,-3.761953897,-3.774690718,-3.681936665,-3.723538196,-3.469800302,-3.424812155,-3.295849483,-3.222573178,-3.168770306,-3.188424994,-3.131355562,-3.129011186,-3.128427064,-3.105130343,-3.095284455,-3.108462542,-3.074687909,-3.031050319,-3.019542108,-2.996539468,-2.93330145,-2.942714356,-2.967784297,-2.953895213,-2.951946827,-2.950007143,-2.969400278,-2.91150953,-2.922995673,-2.897566294,-2.884389488,-2.863913903,-2.809668302,-2.759201229,-2.733063089,-2.682772651,-2.646660905,-2.604673607,-2.527243551,-2.47469599,-2.488383979,-2.440691989,-2.399898744,-2.34428545,-2.297741837,-2.252821329,-2.221776373,-2.172436889,-2.124880835,-2.076963331,-2.02839948,-1.996151878,-1.953192786,-1.912964335,-1.864453932,-1.822925454,-1.784071771,-1.73405071,-1.706085259,-1.671783542,-1.628322705,-1.587841968,-1.543588414,-1.49105302,-1.453112012,-1.409091322,-1.372460051,-1.327366535,-1.280287629,-1.232799593,-1.181958952,-1.138143124,-1.089791949,-1.038498225,-0.99000127,-0.942417569,-0.894023412,-0.850162228,-0.804493327,-0.769045548,-0.71436169,-0.673617025,-0.635937039,-0.582847294,-0.554546814,-0.52919127,-0.502739916,-0.457615313,-0.423727774,-0.381923649
1993,-2.156206802,-3.316952962,-3.373659633,-3.438898616,-3.643974143,-3.669586227,-3.619788758,-3.73754891,-3.735182177,-3.732828272,-3.774690718,-3.701146924,-3.759450752,-3.653647026,-3.55129368,-3.476253533,-3.320572103,-3.26760624,-3.248720896,-3.190440285,-3.199282922,-3.173925197,-3.156144577,-3.171340103,-3.149353765,-3.170053304,-3.093126465,-3.105683937,-3.029653124,-2.990124366,-2.988006885,-2.967381239,-2.953895213,-2.956637722,-2.953504836,-2.982966661,-2.924818145,-2.954285941,-2.904481958,-2.90517962,-2.882728704,-2.848017605,-2.811352704,-2.764724123,-2.746661995,-2.71354353,-2.648783655,-2.611898798,-2.567190995,-2.515700161,-2.475863623,-2.443335738,-2.401100113,-2.348915911,-2.311847244,-2.27335428,-2.234108024,-2.172824652,-2.138764381,-2.108629825,-2.047255976,-2.00656377,-1.969886247,-1.920637836,-1.875202432,-1.830913643,-1.791961951,-1.748288795,-1.714397689,-1.669931364,-1.644299507,-1.592813117,-1.556033322,-1.504955458,-1.449490364,-1.414674656,-1.371355678,-1.324010976,-1.286803566,-1.231273125,-1.186946355,-1.140855696,-1.091161256,-1.040381523,-0.99573883,-0.947267593,-0.89775501,-0.860130355,-0.809808419,-0.763452662,-0.712655191,-0.681951281,-0.625757709,-0.5927502,-0.564630306,-0.533902341,-0.490856643,-0.462105382,-0.415753607,-0.40599108
1994,-2.189095719,-3.388276692,-3.449771647,-3.524328812,-3.617982957,-3.698970004,-3.71219827,-3.732828272,-3.829738285,-3.744727495,-3.790484985,-3.860120914,-3.793174124,-3.764471553,-3.537602002,-3.500312917,-3.350665141,-3.244887734,-3.244887734,-3.21395879,-3.203425667,-3.202732459,-3.241845378,-3.19859629,-3.18243463,-3.17327748,-3.128427064,-3.107905397,-3.042871802,-3.025949097,-2.973058372,-2.931443105,-2.919012953,-2.923723745,-2.915781313,-2.924453039,-2.935916564,-2.924453039,-2.90517962,-2.890084137,-2.857923539,-2.840132153,-2.808548986,-2.775725986,-2.743041847,-2.699621935,-2.656985503,-2.627456199,-2.565590792,-2.527389802,-2.464073259,-2.432855955,-2.397722916,-2.372429336,-2.325322532,-2.27417001,-2.239276028,-2.204328494,-2.14611935,-2.107571453,-2.066360887,-2.023741751,-1.973630188,-1.933487722,-1.882662405,-1.84752819,-1.795066478,-1.761251561,-1.720447119,-1.676521012,-1.640354207,-1.601695337,-1.559988758,-1.516783688,-1.46719468,-1.414212263,-1.376574959,-1.33170729,-1.285008404,-1.24318139,-1.203120519,-1.154846126,-1.10334153,-1.058632694,-0.999262326,-0.958118022,-0.906721936,-0.857654341,-0.816178028,-0.772002808,-0.715885232,-0.676032574,-0.633360417,-0.590012804,-0.568129854,-0.523020638,-0.477319773,-0.465533474,-0.443640803,-0.386609614
1995,-2.208239196,-3.348721986,-3.492144128,-3.596879479,-3.785156152,-3.651695137,-3.653647026,-3.747146969,-3.777283529,-3.928117993,-3.801342913,-3.801342913,-3.764471553,-3.677780705,-3.537602002,-3.493494968,-3.364516253,-3.317854924,-3.199282922,-3.19859629,-3.174573882,-3.168770306,-3.164309429,-3.176525771,-3.148741651,-3.181774106,-3.159893906,-3.101274818,-3.098541679,-3.025488307,-2.971835581,-2.93930216,-2.911863911,-2.92885471,-2.897566294,-2.898940645,-2.904830649,-2.88941029,-2.877129077,-2.886725308,-2.854492829,-2.840432807,-2.827689031,-2.78994915,-2.729554092,-2.697020063,-2.672028376,-2.630969778,-2.591251394,-2.519274621,-2.490394295,-2.445026542,-2.411728293,-2.382580253,-2.351932871,-2.289967301,-2.237771716,-2.213745604,-2.161213855,-2.130357655,-2.080242219,-2.024568191,-1.985521465,-1.956677026,-1.908614458,-1.854244376,-1.809388202,-1.764244365,-1.729810457,-1.692076296,-1.641475066,-1.610231639,-1.571427891,-1.523414706,-1.486156721,-1.431129742,-1.375862349,-1.350149358,-1.303757224,-1.251261698,-1.213887716,-1.16812383,-1.122064553,-1.057724008,-1.022436427,-0.96725234,-0.921742612,-0.864479361,-0.823668498,-0.780090791,-0.738499227,-0.690216579,-0.638682105,-0.606477442,-0.559117669,-0.544390845,-0.492476045,-0.471034476,-0.431530739,-0.376382749
1996,-2.211054273,-3.37161107,-3.603800653,-3.688246139,-3.659555885,-3.723538196,-3.815308569,-3.728158393,-3.787812396,-3.821023053,-3.863279433,-3.774690718,-3.774690718,-3.66756154,-3.524328812,-3.449771647,-3.390405591,-3.30980392,-3.224025669,-3.244125144,-3.227678293,-3.208309351,-3.187755303,-3.199282922,-3.151195299,-3.163675884,-3.133712661,-3.121478204,-3.099086932,-3.065501549,-3.014573526,-3.020907099,-2.929223537,-2.927750102,-2.898252926,-2.917933066,-2.908333042,-2.906578315,-2.869344651,-2.923359556,-2.87095494,-2.856360765,-2.852323676,-2.797511683,-2.749824052,-2.728855682,-2.676541633,-2.648783655,-2.580705278,-2.548827842,-2.500863005,-2.474307475,-2.41408829,-2.380906669,-2.349886836,-2.309006968,-2.27433334,-2.234405945,-2.172501492,-2.126040345,-2.085921415,-2.0473044,-1.995291803,-1.972079864,-1.921833292,-1.867644238,-1.820936778,-1.78438887,-1.738784728,-1.699056872,-1.659496397,-1.615825861,-1.580126825,-1.538756662,-1.497627512,-1.456726821,-1.395795554,-1.344794312,-1.301238507,-1.267654498,-1.22189942,-1.176721443,-1.132927505,-1.084521017,-1.029941509,-0.981923936,-0.92783469,-0.883870642,-0.830105242,-0.784777633,-0.741456098,-0.707024394,-0.656999303,-0.623353707,-0.5977885,-0.547299899,-0.509438986,-0.470694151,-0.438681523,-0.417619559
1997,-2.260348556,-3.37675071,-3.53165267,-3.548213564,-3.705533774,-3.756961951,-3.716698771,-3.785156152,-3.88941029,-3.896196279,-3.913640169,-3.754487332,-3.847711656,-3.795880017,-3.568636236,-3.534617149,-3.435333936,-3.326058001,-3.288192771,-3.229147988,-3.245651664,-3.226945307,-3.181774106,-3.188424994,-3.177831921,-3.191789027,-3.200659451,-3.189095719,-3.12090412,-3.15490196,-3.102372909,-3.080921908,-3.074687909,-3.007888512,-2.995678626,-2.972650392,-2.98505965,-2.955068454,-2.9476909,-2.935916564,-2.909036923,-2.858550227,-2.830619505,-2.809668302,-2.76674999,-2.73095429,-2.699404516,-2.638461029,-2.614751318,-2.568958055,-2.523023534,-2.466355021,-2.42934033,-2.376854125,-2.340464093,-2.304430773,-2.279840697,-2.240256632,-2.196474604,-2.150396342,-2.102702878,-2.056703385,-2.014932967,-1.963530801,-1.929703482,-1.886156881,-1.852354587,-1.796042908,-1.752517739,-1.709297757,-1.661782633,-1.623222365,-1.587253937,-1.538216439,-1.505720147,-1.459257704,-1.410676055,-1.355138155,-1.304492056,-1.267244479,-1.221017149,-1.182348705,-1.132998288,-1.084637105,-1.034779478,-0.981049978,-0.931039039,-0.879557693,-0.841393286,-0.780355232,-0.734297967,-0.693725125,-0.651784732,-0.608170744,-0.577753333,-0.535017419,-0.49228442,-0.432578359,-0.417600246,-0.378063849
1998,-2.267525823,-3.530177984,-3.677780705,-3.68613278,-3.860120914,-3.958607315,-3.8569852,-3.886056648,-3.928117993,-3.809668302,-3.872895202,-3.826813732,-3.798602876,-3.71219827,-3.614393726,-3.505845406,-3.388276692,-3.392544977,-3.245651664,-3.226213555,-3.219682688,-3.1837587,-3.188424994,-3.151810883,-3.166852888,-3.171340103,-3.215382707,-3.175874166,-3.171984936,-3.147520006,-3.161780778,-3.106238238,-3.102922997,-3.075720714,-3.066006836,-3.055517328,-3.019996628,-2.968995719,-2.960982678,-2.926648298,-2.876148359,-2.871277716,-2.85823677,-2.795608668,-2.770830297,-2.742321425,-2.678815973,-2.64454848,-2.635449005,-2.571541226,-2.526659036,-2.494578672,-2.423889106,-2.39008559,-2.351542406,-2.307681956,-2.272214826,-2.23935138,-2.206698646,-2.155895769,-2.110194248,-2.059383918,-2.026364227,-1.979017557,-1.926464935,-1.885722703,-1.855270159,-1.801975574,-1.753550662,-1.713341475,-1.661443909,-1.624610764,-1.572189427,-1.541075234,-1.497559223,-1.456155365,-1.415906345,-1.364697247,-1.308635557,-1.255011138,-1.21556816,-1.171604369,-1.131208667,-1.079501004,-1.030612047,-0.985286298,-0.923053874,-0.885135584,-0.830604803,-0.785193227,-0.733855359,-0.69006338,-0.640804103,-0.604465685,-0.56076681,-0.532044302,-0.480875845,-0.430850905,-0.405880489,-0.389434583
1999,-2.28810845,-3.510041521,-3.777283529,-3.801342913,-3.872895202,-3.853871964,-3.8569852,-3.958607315,-4.091514981,-3.982966661,-3.987162775,-3.903089987,-3.798602876,-3.795880017,-3.621602099,-3.485452247,-3.505845406,-3.401209493,-3.254925208,-3.277366077,-3.212539525,-3.212539525,-3.206209615,-3.186419011,-3.244887734,-3.202732459,-3.20481541,-3.208309351,-3.187755303,-3.202040356,-3.137272472,-3.12090412,-3.163675884,-3.108462542,-3.098541679,-3.059981845,-3.046240308,-3.003050752,-2.966576245,-2.958212681,-2.931814138,-2.869344651,-2.852323676,-2.838033384,-2.76853041,-2.742321425,-2.707965564,-2.675717545,-2.626720107,-2.596879479,-2.547293773,-2.49757288,-2.450138812,-2.410273744,-2.363111093,-2.312560225,-2.279262023,-2.25305459,-2.214955042,-2.170374647,-2.131179294,-2.077274542,-2.051195954,-2.005726851,-1.95373902,-1.909883089,-1.865631615,-1.826376742,-1.781411984,-1.725911459,-1.7012124,-1.636594876,-1.592592098,-1.556627475,-1.512988961,-1.466698322,-1.422404809,-1.381753115,-1.333734807,-1.279468604,-1.222979386,-1.176493167,-1.131108807,-1.081670795,-1.042349621,-0.990230512,-0.940792645,-0.885515787,-0.850956489,-0.788022933,-0.750806536,-0.691813491,-0.659682821,-0.617813598,-0.564271865,-0.534086503,-0.496747413,-0.458456949,-0.429513102,-0.408172151
2000,-2.34170235,-3.511449283,-3.725842151,-3.8569852,-3.860120914,-3.899629455,-3.863279433,-3.970616222,-3.853871964,-3.913640169,-4.036212173,-3.826813732,-3.774690718,-3.790484985,-3.70333481,-3.536107011,-3.500312917,-3.396855627,-3.262012674,-3.2915791,-3.202040356,-3.210419288,-3.197910742,-3.20481541,-3.244887734,-3.187755303,-3.197226275,-3.196542884,-3.174573882,-3.166215625,-3.186419011,-3.178486472,-3.163043263,-3.119186408,-3.1123827,-3.083019953,-3.05207638,-3.023191663,-2.956637722,-2.966174306,-2.921543182,-2.912928794,-2.877129077,-2.840132153,-2.785421046,-2.769295686,-2.710188161,-2.676541633,-2.633763876,-2.60502328,-2.550830268,-2.51698358,-2.465466244,-2.425621436,-2.374173287,-2.347270304,-2.279014256,-2.257510535,-2.217670731,-2.200108315,-2.163865851,-2.100179498,-2.05507339,-2.02397116,-1.969481235,-1.933748638,-1.89279003,-1.841426444,-1.797593427,-1.759176284,-1.715073213,-1.666008938,-1.616417995,-1.576197275,-1.527521471,-1.481420263,-1.429608856,-1.400826783,-1.347598927,-1.303870867,-1.245147319,-1.197712135,-1.152914962,-1.099971699,-1.051675076,-1.000538859,-0.947152217,-0.906189725,-0.85183865,-0.809920546,-0.766508924,-0.71195209,-0.664650436,-0.620420754,-0.583277966,-0.544941855,-0.492330294,-0.470741652,-0.429450055,-0.39283353
2001,-2.331987028,-3.528708289,-3.655607726,-3.782516056,-3.787812396,-3.906578315,-3.93930216,-4.026872146,-4,-3.950781977,-3.982966661,-3.886056648,-3.920818754,-3.821023053,-3.692503962,-3.525783736,-3.453457337,-3.401209493,-3.316052869,-3.27083521,-3.262807357,-3.222573178,-3.244887734,-3.217527376,-3.211124884,-3.218963061,-3.2069084,-3.243363892,-3.194499142,-3.199282922,-3.179142011,-3.174573882,-3.15490196,-3.145086978,-3.111820506,-3.087777943,-3.057991947,-3.019088062,-3.000434512,-2.957818405,-2.936291441,-2.886390849,-2.870632404,-2.838631998,-2.79128998,-2.779368981,-2.719194072,-2.679230772,-2.647431614,-2.607127255,-2.566710315,-2.519131076,-2.479778564,-2.426432227,-2.400335221,-2.344861565,-2.321754848,-2.255785275,-2.235674394,-2.180982801,-2.16481693,-2.121420762,-2.075410614,-2.02923484,-1.994133398,-1.948114621,-1.905039998,-1.848599502,-1.814514508,-1.773915884,-1.733392046,-1.681248186,-1.641760492,-1.589323973,-1.539613393,-1.497095146,-1.45032251,-1.398026876,-1.361241265,-1.314177678,-1.264976283,-1.211866996,-1.152791462,-1.114017189,-1.068511618,-1.024407371,-0.97441562,-0.916579804,-0.86917431,-0.819750796,-0.775998153,-0.718216928,-0.679928527,-0.622478841,-0.588080768,-0.542826869,-0.518118998,-0.469084754,-0.440700376,-0.396341493
2002,-2.352323687,-3.530177984,-3.679853714,-3.752026734,-3.826813732,-3.899629455,-3.832682665,-3.89279003,-3.869666232,-3.910094889,-3.913640169,-4.013228266,-3.832682665,-3.847711656,-3.694648631,-3.54668166,-3.469800302,-3.457174573,-3.274905479,-3.318758763,-3.272458743,-3.268411235,-3.211124884,-3.227678293,-3.237321436,-3.235823868,-3.199282922,-3.249491605,-3.184422252,-3.224025669,-3.205511953,-3.211831629,-3.164943898,-3.171340103,-3.111820506,-3.11407366,-3.096367484,-3.055024092,-3.01188716,-2.986320303,-2.939679971,-2.897909474,-2.876148359,-2.845271793,-2.82131076,-2.756961951,-2.728623128,-2.707743929,-2.643018599,-2.611721137,-2.597394758,-2.541513236,-2.500175504,-2.451856363,-2.39815721,-2.358922687,-2.329939783,-2.276134036,-2.230032199,-2.200659451,-2.169475486,-2.135607595,-2.098378236,-2.051440338,-1.999652703,-1.964930656,-1.908931268,-1.875169851,-1.827951966,-1.787759111,-1.748848657,-1.694885192,-1.6455458,-1.601938406,-1.555050066,-1.503374741,-1.458495641,-1.409849486,-1.364064099,-1.322785549,-1.273223905,-1.223982023,-1.160628811,-1.118609636,-1.06911207,-1.015904946,-0.979568275,-0.926021517,-0.871455345,-0.821615938,-0.767565534,-0.724580373,-0.678648092,-0.637747551,-0.580713547,-0.551780796,-0.516134672,-0.465360981,-0.428409946,-0.403405103
2003,-2.42573717,-3.602059991,-3.809668302,-3.829738285,-3.872895202,-3.995678626,-3.970616222,-3.943095149,-4.050609993,-4.060480747,-4.065501549,-3.991399828,-3.958607315,-3.899629455,-3.735182177,-3.669586227,-3.488116639,-3.403402904,-3.316952962,-3.372634143,-3.30980392,-3.302770657,-3.331614083,-3.301029996,-3.313363731,-3.300162274,-3.295849483,-3.236572006,-3.305394801,-3.272458743,-3.266000713,-3.261219442,-3.228412519,-3.186419011,-3.204119983,-3.138465589,-3.112945622,-3.092588639,-3.016373713,-3.007446482,-2.965772739,-2.934793872,-2.90517962,-2.901010361,-2.811071516,-2.783306401,-2.747875447,-2.702458332,-2.656394492,-2.625434939,-2.588548658,-2.538351432,-2.492144128,-2.450996738,-2.42573717,-2.365724305,-2.327348077,-2.281581358,-2.244201343,-2.199764211,-2.163106484,-2.119643801,-2.094365999,-2.059732609,-2.01215505,-1.968995719,-1.932519976,-1.883724412,-1.837226561,-1.786747948,-1.751609815,-1.701016,-1.653979721,-1.606565197,-1.552314931,-1.494795738,-1.459032694,-1.408034332,-1.358198805,-1.311900677,-1.260989675,-1.203245326,-1.158265221,-1.100168558,-1.051944202,-1.001069681,-0.947979756,-0.895335383,-0.848853944,-0.798561906,-0.752397392,-0.698679124,-0.65398951,-0.60535223,-0.566391757,-0.521573482,-0.480827222,-0.438506258,-0.403934278,-0.344108928
2004,-2.416121402,-3.588380294,-3.801342913,-3.906578315,-3.924453039,-4.045757491,-4.022276395,-4.075720714,-4.045757491,-4.080921908,-4.124938737,-3.954677021,-4.096910013,-3.913640169,-3.742321425,-3.671620397,-3.542118103,-3.447331784,-3.355561411,-3.341988603,-3.330683119,-3.284832642,-3.354577731,-3.295849483,-3.338187314,-3.322393047,-3.311580178,-3.302770657,-3.289882635,-3.297569464,-3.277366077,-3.239577517,-3.260427656,-3.245651664,-3.22475374,-3.19314197,-3.140861703,-3.123782159,-3.101274818,-3.031517051,-2.988429556,-2.93330145,-2.93404702,-2.87484417,-2.851705903,-2.808828544,-2.751291264,-2.741123371,-2.680477551,-2.652279783,-2.598599459,-2.5636783,-2.512296137,-2.487983031,-2.441651491,-2.39870069,-2.373249146,-2.312114475,-2.279923427,-2.227238353,-2.187019834,-2.146362618,-2.102867957,-2.084916898,-2.048419655,-1.997445192,-1.958607315,-1.909565584,-1.864708296,-1.814118022,-1.773039406,-1.737335375,-1.687886142,-1.645104395,-1.589779695,-1.544104961,-1.494958609,-1.450788229,-1.399658869,-1.349148735,-1.30185594,-1.254285174,-1.20114917,-1.15740324,-1.097681571,-1.05139145,-0.997566098,-0.954669196,-0.897267948,-0.856105006,-0.800434045,-0.760693012,-0.705723406,-0.679017101,-0.621473102,-0.591882197,-0.53330287,-0.513437765,-0.465558846,-0.434129759
2005,-2.445389715,-3.671620397,-3.844663963,-3.821023053,-3.931814138,-3.962573502,-4.022276395,-4.008773924,-4.13076828,-4.013228266,-4.055517328,-4.193820026,-3.899629455,-3.910094889,-3.761953897,-3.675717545,-3.602059991,-3.522878745,-3.411168274,-3.35753548,-3.350665141,-3.372634143,-3.313363731,-3.334419009,-3.283996656,-3.307153081,-3.343901798,-3.241845378,-3.303643611,-3.304518324,-3.30980392,-3.298432015,-3.26520017,-3.235077015,-3.240332155,-3.209714836,-3.146301788,-3.148130399,-3.087777943,-3.079354999,-3.014124643,-2.968591536,-2.911863911,-2.909741947,-2.854803594,-2.8224635,-2.781989957,-2.745451923,-2.690156995,-2.655411257,-2.627640417,-2.571217489,-2.523893283,-2.496617937,-2.453951134,-2.407046428,-2.373249146,-2.328734567,-2.27335428,-2.248336054,-2.191518943,-2.142908845,-2.120158944,-2.086769129,-2.054088483,-2.000912977,-1.967018807,-1.920529321,-1.882364183,-1.824198367,-1.786641646,-1.734639648,-1.689242982,-1.64814574,-1.597635431,-1.549073797,-1.499461655,-1.443950912,-1.393779913,-1.352763776,-1.294221787,-1.242414199,-1.195438069,-1.139661993,-1.090550953,-1.034887708,-0.978790021,-0.932345267,-0.884472694,-0.826685502,-0.786277761,-0.735160935,-0.691328893,-0.636196296,-0.601117727,-0.551892213,-0.508435216,-0.463256012,-0.436279288,-0.396479979
2006,-2.460798401,-3.625251654,-3.879426069,-3.946921557,-3.829738285,-4.050609993,-3.974694135,-4.091514981,-4.107905397,-4.075720714,-4.200659451,-4.107905397,-4.080921908,-3.991399828,-3.823908741,-3.696803943,-3.549750892,-3.436518915,-3.404503778,-3.419075024,-3.424812155,-3.356547324,-3.329754147,-3.358525889,-3.335358024,-3.326058001,-3.382999659,-3.324221658,-3.313363731,-3.30980392,-3.314258261,-3.297569464,-3.247183569,-3.261219442,-3.235823868,-3.20481541,-3.179798541,-3.117475462,-3.140861703,-3.069560405,-3.026410377,-2.988006885,-2.949620244,-2.895171596,-2.853871964,-2.81389162,-2.780677492,-2.743282254,-2.720789487,-2.667157733,-2.63732907,-2.582528307,-2.532391894,-2.506541949,-2.458420756,-2.416687848,-2.378615972,-2.346980549,-2.283829652,-2.252899069,-2.201418405,-2.169668007,-2.128952739,-2.094581931,-2.061480275,-2.022322112,-1.978810701,-1.940020283,-1.896196279,-1.859900675,-1.811493366,-1.766902312,-1.702786804,-1.667198097,-1.625086763,-1.570376897,-1.51671232,-1.470210449,-1.417754772,-1.366571946,-1.314052356,-1.260688785,-1.207783465,-1.152470526,-1.110491006,-1.056683591,-0.994459155,-0.950216212,-0.901480871,-0.855372871,-0.801689387,-0.756054604,-0.70805425,-0.669192699,-0.617406683,-0.582126583,-0.535760907,-0.500325287,-0.447839366,-0.431224682
2007,-2.479254528,-3.649751982,-3.823908741,-3.928117993,-4.008773924,-4.102372909,-4.004364805,-4.026872146,-3.995678626,-4.15490196,-3.987162775,-4.065501549,-4.045757491,-3.954677021,-3.744727495,-3.600326279,-3.49757288,-3.512861625,-3.397940009,-3.384049948,-3.370590401,-3.397940009,-3.332547047,-3.373659633,-3.372634143,-3.336299075,-3.325138859,-3.347753659,-3.350665141,-3.315154638,-3.319664487,-3.351639989,-3.312471039,-3.283996656,-3.287350298,-3.2069084,-3.19314197,-3.144480844,-3.127261173,-3.070581074,-3.057991947,-2.997402019,-2.949233689,-2.895854449,-2.879426069,-2.820448209,-2.784362437,-2.747146969,-2.727694156,-2.660946264,-2.63601217,-2.588211995,-2.548981548,-2.50751899,-2.469800302,-2.442372512,-2.39739748,-2.340559218,-2.317674381,-2.271321633,-2.208028799,-2.171597922,-2.153291855,-2.089856039,-2.066613958,-2.015382687,-1.992636346,-1.946498998,-1.906018296,-1.868188929,-1.821944388,-1.766293346,-1.725403458,-1.673643654,-1.627548299,-1.576148176,-1.524241671,-1.475785683,-1.427639633,-1.366319499,-1.3087328,-1.266177031,-1.206167724,-1.151792403,-1.108507145,-1.048934608,-0.996543776,-0.940345719,-0.888199993,-0.847079025,-0.795671063,-0.751928599,-0.698831052,-0.655224694,-0.616035707,-0.560999076,-0.525177895,-0.474725791,-0.451034771,-0.407475724
2008,-2.475084852,-3.705533774,-3.759450752,-3.809668302,-4.060480747,-4.102372909,-4.065501549,-4.167491087,-4.13076828,-4.161150909,-4.086186148,-4.086186148,-4.050609993,-3.920818754,-3.815308569,-3.690369833,-3.578396073,-3.501689446,-3.412289035,-3.390405591,-3.403402904,-3.419075024,-3.344861565,-3.476253533,-3.400116928,-3.375717904,-3.438898616,-3.380906669,-3.361510743,-3.335358024,-3.280668713,-3.344861565,-3.341035157,-3.273272791,-3.251037139,-3.259637311,-3.211124884,-3.179142011,-3.131355562,-3.100726813,-3.069050969,-3.011441043,-2.993533958,-2.93516778,-2.877456476,-2.844360366,-2.78968148,-2.749824052,-2.730020323,-2.67325462,-2.643018599,-2.601712695,-2.565111879,-2.506263198,-2.479516467,-2.430509046,-2.393941251,-2.343710099,-2.30980392,-2.284498055,-2.22701855,-2.182963774,-2.151564545,-2.109355464,-2.064845553,-2.028724151,-1.992807176,-1.959239476,-1.920674013,-1.879031435,-1.82611476,-1.782700341,-1.74489642,-1.685774529,-1.632718642,-1.587858781,-1.53466177,-1.487248917,-1.434317433,-1.375357002,-1.309378697,-1.268056853,-1.209081805,-1.153230046,-1.106904334,-1.057005359,-0.998777013,-0.943781419,-0.886487815,-0.832198416,-0.792874807,-0.746889865,-0.695350088,-0.64844525,-0.601355269,-0.558003397,-0.513061135,-0.487721277,-0.449131076,-0.430100807
2009,-2.462810774,-3.640164518,-3.866461092,-4.050609993,-3.970616222,-4.091514981,-4.091514981,-3.970616222,-4.161150909,-4.026872146,-4.13076828,-3.970616222,-3.974694135,-4.013228266,-3.829738285,-3.732828272,-3.549750892,-3.567030709,-3.474955193,-3.437707136,-3.369572125,-3.431798276,-3.339134522,-3.404503778,-3.408935393,-3.385102784,-3.389339837,-3.385102784,-3.416801226,-3.370590401,-3.361510743,-3.320572103,-3.344861565,-3.333482019,-3.289036881,-3.227678293,-3.241088108,-3.200659451,-3.168770306,-3.137272472,-3.075204004,-3.014124643,-2.989700043,-2.93404702,-2.909741947,-2.834162375,-2.819300799,-2.779368981,-2.730487056,-2.663540266,-2.631155493,-2.594312213,-2.556267759,-2.526075307,-2.470954829,-2.447575154,-2.396639076,-2.352812702,-2.3357342,-2.273761953,-2.247951552,-2.19314197,-2.161087973,-2.10796108,-2.056208801,-2.033154576,-1.996410233,-1.959358108,-1.921325727,-1.878932833,-1.843269174,-1.785315069,-1.742993782,-1.690859755,-1.641874715,-1.593136348,-1.548797108,-1.485691374,-1.439220877,-1.386517597,-1.328040769,-1.268540173,-1.215582429,-1.163188684,-1.10936105,-1.054049133,-1.00104356,-0.949094613,-0.897775602,-0.837809116,-0.793425062,-0.73812598,-0.695246735,-0.649674436,-0.615822275,-0.562804548,-0.529333771,-0.482561282,-0.458559303,-0.409084638
2010,-2.496754229,-3.671620397,-3.88941029,-3.88941029,-3.978810701,-4.075720714,-4.080921908,-4.086186148,-4.251811973,-4.173925197,-4.161150909,-4.008773924,-4.004364805,-4.022276395,-3.928117993,-3.809668302,-3.612610174,-3.621602099,-3.476253533,-3.473660723,-3.48148606,-3.453457337,-3.485452247,-3.514278574,-3.416801226,-3.473660723,-3.446116973,-3.435333936,-3.454692884,-3.386158178,-3.40560745,-3.360513511,-3.351639989,-3.303643611,-3.28567024,-3.266802735,-3.246416941,-3.202040356,-3.175223538,-3.149966742,-3.081969663,-3.065501549,-3.016824928,-2.934420285,-2.923723745,-2.873543887,-2.829151796,-2.784098187,-2.749579998,-2.688246139,-2.663740448,-2.627272059,-2.567511744,-2.536256279,-2.480303233,-2.459920911,-2.397722916,-2.383524486,-2.339419088,-2.299729063,-2.250186415,-2.221270076,-2.176982477,-2.129947418,-2.085392432,-2.05232126,-1.995764634,-1.97085982,-1.935729247,-1.903715822,-1.847803418,-1.809080301,-1.759325972,-1.720469935,-1.656591406,-1.611703374,-1.558477674,-1.513144645,-1.456838716,-1.400619167,-1.339324212,-1.279369433,-1.225205758,-1.17426888,-1.122311977,-1.069117162,-1.014043893,-0.966274756,-0.902794767,-0.858741546,-0.795662924,-0.745993618,-0.704076815,-0.66473873,-0.61562687,-0.577141066,-0.531138911,-0.490196873,-0.452635177,-0.433736968
2011,-2.510322708,-3.709965389,-3.906578315,-3.954677021,-4.026872146,-4.008773924,-4.107905397,-4.13076828,-4.065501549,-4.065501549,-4.124938737,-4.13076828,-4.036212173,-4.031517051,-3.89279003,-3.730487056,-3.643974143,-3.651695137,-3.525783736,-3.54515514,-3.4225082,-3.482804102,-3.4710833,-3.436518915,-3.395773947,-3.417936637,-3.478861916,-3.446116973,-3.458420756,-3.40560745,-3.404503778,-3.393618635,-3.348721986,-3.356547324,-3.2915791,-3.292429824,-3.258848401,-3.288192771,-3.174573882,-3.13430394,-3.095825632,-3.08249449,-3.01188716,-2.981299501,-2.932929144,-2.889747083,-2.811915626,-2.810229044,-2.724688645,-2.70421306,-2.653060537,-2.637517525,-2.578067187,-2.539703673,-2.482276405,-2.455807889,-2.423313195,-2.368962303,-2.328364403,-2.294050805,-2.251346907,-2.21903497,-2.174898588,-2.134244776,-2.103749438,-2.039624369,-2.003357009,-1.969602699,-1.93085011,-1.89374109,-1.8610976,-1.81225373,-1.772138994,-1.724090031,-1.673930533,-1.622456992,-1.571168949,-1.513172957,-1.460284227,-1.404415606,-1.352401892,-1.293649262,-1.236579494,-1.176421448,-1.12379371,-1.072660439,-1.016518051,-0.962362383,-0.909971326,-0.859884948,-0.804581935,-0.747469777,-0.701756236,-0.656650498,-0.615517553,-0.575209803,-0.540268352,-0.491078583,-0.452579764,-0.423917921
2012,-2.525201181,-3.663540266,-3.863279433,-4.070581074,-4.036212173,-4.065501549,-4.161150909,-4.15490196,-4.200659451,-4.207608311,-4.124938737,-4.244125144,-4.008773924,-3.982966661,-3.995678626,-3.841637508,-3.735182177,-3.707743929,-3.537602002,-3.549750892,-3.565431096,-3.48945499,-3.4710833,-3.496209317,-3.477555766,-3.41453927,-3.474955193,-3.510041521,-3.419075024,-3.469800302,-3.394694954,-3.424812155,-3.351639989,-3.385102784,-3.316952962,-3.262807357,-3.260427656,-3.266000713,-3.156767222,-3.145086978,-3.094743951,-3.089909454,-2.996970529,-2.980053318,-2.952335805,-2.877784122,-2.838931615,-2.802719442,-2.754981129,-2.698102283,-2.656985503,-2.632457726,-2.584192272,-2.545612533,-2.497163361,-2.468393368,-2.411616232,-2.387004344,-2.341988603,-2.299382804,-2.259321575,-2.220042949,-2.170567566,-2.140981856,-2.102427886,-2.05527064,-2.001174181,-1.969117047,-1.931146506,-1.896949253,-1.856298371,-1.820304617,-1.77389008,-1.722826445,-1.675141612,-1.62225676,-1.567608015,-1.520669472,-1.466304185,-1.403281978,-1.353096584,-1.293512651,-1.228824228,-1.173335735,-1.115453846,-1.065390464,-1.0078664,-0.952709553,-0.899133402,-0.848385028,-0.799946074,-0.743313517,-0.692313599,-0.649145556,-0.602068677,-0.559287654,-0.510636448,-0.479211324,-0.447618975,-0.401377993
2013,-2.535659515,-3.694648631,-3.821023053,-4,-4.080921908,-4.187086643,-4.214670165,-4.036212173,-4.251811973,-4.113509275,-4.173925197,-4.15490196,-4.26760624,-3.995678626,-3.928117993,-3.835647144,-3.769551079,-3.649751982,-3.621602099,-3.580044252,-3.517126416,-3.560667306,-3.600326279,-3.501689446,-3.490797478,-3.473660723,-3.453457337,-3.473660723,-3.480172006,-3.48945499,-3.415668776,-3.412289035,-3.378823718,-3.377785977,-3.3400838,-3.319664487,-3.258848401,-3.235077015,-3.215382707,-3.18243463,-3.126098402,-3.096910013,-3.036212173,-2.994819487,-2.937418016,-2.902048929,-2.872571222,-2.833569886,-2.779891912,-2.711974465,-2.674074044,-2.641494089,-2.572838597,-2.557520231,-2.529736553,-2.460171442,-2.439256699,-2.378823718,-2.35369432,-2.331427731,-2.278519145,-2.233810307,-2.185352931,-2.154405907,-2.115431185,-2.068542129,-2.026318081,-1.976994603,-1.949156419,-1.907595193,-1.852323676,-1.827251161,-1.784018943,-1.744221113,-1.701561775,-1.64366814,-1.597463508,-1.536301069,-1.489468394,-1.42400438,-1.365774714,-1.315567594,-1.25877747,-1.198994404,-1.142112926,-1.083930506,-1.029183744,-0.974161836,-0.924938698,-0.871578112,-0.821074826,-0.765903042,-0.721308119,-0.669880591,-0.617772169,-0.581836312,-0.546984548,-0.49572492,-0.46252344,-0.41453363
2014,-2.559720787,-3.809668302,-3.879426069,-3.920818754,-4.040958608,-4.148741651,-4.055517328,-4.251811973,-4.22184875,-4.207608311,-4.346787486,-4.13076828,-4.148741651,-4.045757491,-3.872895202,-3.850780887,-3.790484985,-3.694648631,-3.583359493,-3.621602099,-3.617982957,-3.581698709,-3.508638306,-3.575118363,-3.540607512,-3.496209317,-3.501689446,-3.508638306,-3.490797478,-3.485452247,-3.437707136,-3.473660723,-3.435333936,-3.386158178,-3.364516253,-3.302770657,-3.286509457,-3.231361899,-3.202732459,-3.183096161,-3.15864053,-3.096367484,-3.063486258,-2.998699067,-2.966978555,-2.945004138,-2.878768545,-2.837734386,-2.784098187,-2.731188096,-2.682354457,-2.652865217,-2.605198223,-2.565590792,-2.513994814,-2.490931955,-2.452348342,-2.40494491,-2.357337669,-2.320753855,-2.281249265,-2.236721789,-2.195860568,-2.150887834,-2.123032033,-2.08175991,-2.029141943,-1.990464123,-1.951131104,-1.906998803,-1.869505411,-1.827630623,-1.790833633,-1.752026734,-1.705842519,-1.663000236,-1.603800653,-1.557724099,-1.498092159,-1.438791249,-1.383934292,-1.330069775,-1.272588888,-1.218819279,-1.147044495,-1.096763463,-1.041531682,-0.989759424,-0.931076094,-0.877643204,-0.82696824,-0.775707847,-0.730501066,-0.683140995,-0.639372511,-0.600966946,-0.555822436,-0.522191656,-0.472133042,-0.452451728
2015,-2.543178652,-3.71219827,-3.924453039,-4.004364805,-4.050609993,-4.200659451,-4.207608311,-4.26760624,-4.200659451,-4.173925197,-4.283996656,-4.13667714,-4.180456064,-4.031517051,-3.943095149,-3.815308569,-3.749579998,-3.642065153,-3.605548319,-3.54668166,-3.581698709,-3.511449283,-3.540607512,-3.563837353,-3.515700161,-3.498940738,-3.473660723,-3.500312917,-3.510041521,-3.521433504,-3.460923901,-3.37675071,-3.408935393,-3.396855627,-3.322393047,-3.333482019,-3.277366077,-3.273272791,-3.230622674,-3.151195299,-3.122053048,-3.097997109,-3.056011125,-2.996970529,-2.977571629,-2.896880746,-2.855425792,-2.803547458,-2.777283529,-2.730020323,-2.680893941,-2.630784143,-2.596879479,-2.556737013,-2.517984424,-2.474178048,-2.440213032,-2.377268035,-2.368251926,-2.312560225,-2.263046046,-2.230253533,-2.193345276,-2.143694134,-2.103749438,-2.076393357,-2.029792641,-1.990081915,-1.949079163,-1.902465053,-1.863437963,-1.818785452,-1.770676592,-1.728483655,-1.689944262,-1.642961333,-1.590202087,-1.541362151,-1.480736562,-1.425447891,-1.365663823,-1.312756501,-1.247122189,-1.191903864,-1.130674389,-1.068806651,-1.01621139,-0.951729151,-0.900450565,-0.845046796,-0.788777975,-0.741779495,-0.696689442,-0.646266446,-0.602411043,-0.556834055,-0.513531265,-0.469094986,-0.434224176,-0.387749276
2016,-2.550830268,-3.76700389,-4.091514981,-4.045757491,-4.214670165,-4.180456064,-4.065501549,-4.22184875,-4.080921908,-4.119186408,-4.017728767,-4.229147988,-4.113509275,-3.91721463,-3.962573502,-3.954677021,-3.782516056,-3.690369833,-3.634512015,-3.661543506,-3.578396073,-3.53313238,-3.534617149,-3.557520231,-3.552841969,-3.518557371,-3.518557371,-3.528708289,-3.498940738,-3.49757288,-3.459670525,-3.488116639,-3.419075024,-3.379863945,-3.317854924,-3.356547324,-3.262807357,-3.250263684,-3.234331445,-3.188424994,-3.145086978,-3.115204636,-3.063989204,-3.027797162,-2.95939766,-2.924818145,-2.887730232,-2.828566099,-2.803823815,-2.768785352,-2.704872915,-2.666149855,-2.610125442,-2.591081979,-2.513003112,-2.516698048,-2.439495585,-2.400226061,-2.356547324,-2.333294864,-2.291664097,-2.252510508,-2.212397854,-2.174833628,-2.141643295,-2.084441885,-2.039243909,-2.004628094,-1.964450197,-1.932296956,-1.886926106,-1.834429259,-1.790672684,-1.743522794,-1.699861222,-1.663380187,-1.612627973,-1.566838444,-1.515871064,-1.459445301,-1.394242575,-1.345563537,-1.278469665,-1.222935845,-1.167976747,-1.103336021,-1.043807549,-0.988704513,-0.93306686,-0.869473255,-0.829066821,-0.776511847,-0.725168132,-0.676162358,-0.634667416,-0.588173296,-0.551717362,-0.509123306,-0.479282025,-0.41052738
