1950,-1.10382,-1.86557,-2.12401,-2.34342,-2.50836,-2.61422,-2.67448,-2.75945,-2.81559,-2.88706,-2.87128,-2.93554,-2.94577,-2.88639,-2.83833,-2.77859,-2.74473,-2.70752,-2.60137,-2.59791,-2.54455,-2.57675,-2.51329,-2.48572,-2.46942,-2.46496,-2.45445,-2.46865,-2.44977,-2.49812,-2.42655,-2.4908,-2.44418,-2.44575,-2.44105,-2.43415,-2.42193,-2.42632,-2.36482,-2.4325,-2.28937,-2.39556,-2.27515,-2.3122,-2.28375,-2.21824,-2.22738,-2.21049,-2.14734,-2.18869,-2.01207,-2.13823,-2.00035,-2.0161,-1.96023,-1.94447,-1.88536,-1.88844,-1.79781,-1.85855,-1.68077,-1.78603,-1.66611,-1.64817,-1.6298,-1.54429,-1.52764,-1.47295,-1.41159,-1.48204,-1.25671,-1.36116,-1.21803,-1.20957,-1.1879,-1.11787,-1.07496,-1.07261,-0.94282,-1.08753,-0.84993,-1.04204,-0.87173,-0.87268,-0.74959,-0.7473,-0.70156,-0.70767,-0.66479,-0.66072,-0.54372,-0.77886,-0.58709,-0.63041,-0.56924,-0.53862,-0.43711,-0.485,-0.30812,-0.32611,-0.33555
1951,-1.11691,-1.8605,-2.15758,-2.37059,-2.54016,-2.66055,-2.68931,-2.76726,-2.86296,-2.86391,-2.8962,-2.93033,-2.9539,-2.94044,-2.86967,-2.84802,-2.82218,-2.74763,-2.69422,-2.66174,-2.57414,-2.6031,-2.56655,-2.57251,-2.55315,-2.51272,-2.54729,-2.49174,-2.49963,-2.53298,-2.45395,-2.53343,-2.44069,-2.50266,-2.48865,-2.4351,-2.44733,-2.43439,-2.39686,-2.44612,-2.31578,-2.4193,-2.27376,-2.32477,-2.28735,-2.22185,-2.235,-2.21254,-2.12344,-2.16355,-2.04697,-2.10663,-1.97506,-2.00634,-1.93547,-1.90728,-1.85912,-1.84783,-1.7706,-1.7811,-1.66376,-1.75264,-1.59863,-1.59879,-1.56177,-1.49197,-1.50333,-1.4387,-1.3765,-1.38925,-1.23621,-1.29803,-1.1337,-1.15176,-1.09036,-1.04881,-1.02861,-0.98859,-0.89619,-0.95118,-0.83033,-0.94946,-0.81537,-0.81621,-0.70269,-0.69407,-0.64046,-0.66025,-0.60881,-0.63892,-0.51299,-0.67471,-0.55964,-0.55525,-0.53625,-0.48443,-0.40808,-0.40732,-0.24885,-0.30684,-0.31387
1952,-1.18517,-1.98527,-2.242,-2.47651,-2.61565,-2.71242,-2.77366,-2.8573,-2.90483,-2.97306,-2.98928,-3.04915,-2.9859,-2.9914,-2.96257,-2.94044,-2.95742,-2.8617,-2.78516,-2.82507,-2.73353,-2.76447,-2.65995,-2.71874,-2.72723,-2.68634,-2.63676,-2.6269,-2.59312,-2.65777,-2.58503,-2.67325,-2.55517,-2.54683,-2.59329,-2.56273,-2.51899,-2.53985,-2.45867,-2.49553,-2.4055,-2.5385,-2.33838,-2.3948,-2.37366,-2.26233,-2.29636,-2.29209,-2.17542,-2.23493,-2.09696,-2.19267,-2.04393,-2.04857,-2.01305,-1.97927,-1.93085,-1.93983,-1.844,-1.84628,-1.71539,-1.84768,-1.67191,-1.63922,-1.63564,-1.5642,-1.5795,-1.53741,-1.46855,-1.49058,-1.29519,-1.43163,-1.22004,-1.22326,-1.17299,-1.13833,-1.13062,-1.09447,-0.98536,-1.06738,-0.91403,-1.04312,-0.8556,-0.91586,-0.80235,-0.78674,-0.72329,-0.72855,-0.66477,-0.71049,-0.60055,-0.78284,-0.59802,-0.6365,-0.60172,-0.52754,-0.45282,-0.48886,-0.28224,-0.33172,-0.37314
1953,-1.2159,-2.09141,-2.33517,-2.55191,-2.69486,-2.81816,-2.8884,-2.94962,-3.01055,-3.03198,-3.01233,-3.0752,-3.08831,-3.05012,-2.99654,-3.04048,-2.97469,-2.95821,-2.91686,-2.89177,-2.85171,-2.84863,-2.79129,-2.80438,-2.76523,-2.75031,-2.71738,-2.68403,-2.69422,-2.72654,-2.66095,-2.72654,-2.61048,-2.61654,-2.62361,-2.61834,-2.60818,-2.56273,-2.48466,-2.54333,-2.42643,-2.54091,-2.39914,-2.41771,-2.36663,-2.33339,-2.30531,-2.28475,-2.20817,-2.23567,-2.14026,-2.22062,-2.08014,-2.04067,-2.0317,-1.99641,-1.95695,-1.94631,-1.8643,-1.85372,-1.73335,-1.80707,-1.71724,-1.63897,-1.59838,-1.54412,-1.5468,-1.51883,-1.47971,-1.45757,-1.31745,-1.37568,-1.26952,-1.19907,-1.14647,-1.12623,-1.09192,-1.06414,-0.97536,-1.00632,-0.88521,-1.02218,-0.86108,-0.84128,-0.78495,-0.75258,-0.7036,-0.68761,-0.64925,-0.67349,-0.56251,-0.75754,-0.59491,-0.58386,-0.59814,-0.5361,-0.44252,-0.43011,-0.32421,-0.32589,-0.3773
1954,-1.2425,-2.12656,-2.4262,-2.62801,-2.76802,-2.87517,-2.94808,-3.00305,-3.09044,-3.08725,-3.11182,-3.1463,-3.16685,-3.10846,-3.05257,-3.12263,-3.04915,-3.00966,-2.92592,-2.95742,-2.93629,-2.93892,-2.82886,-2.83003,-2.7948,-2.80549,-2.78015,-2.75178,-2.70819,-2.76045,-2.69984,-2.7693,-2.67695,-2.67861,-2.65463,-2.62856,-2.61583,-2.60119,-2.52375,-2.55689,-2.44322,-2.57333,-2.41072,-2.47534,-2.40638,-2.33217,-2.33809,-2.32523,-2.24634,-2.27295,-2.14661,-2.22403,-2.09718,-2.09442,-2.00349,-2.01877,-1.97029,-1.96497,-1.89836,-1.89049,-1.76685,-1.85808,-1.71643,-1.71014,-1.62204,-1.56323,-1.57484,-1.51916,-1.49635,-1.51527,-1.34533,-1.43659,-1.25545,-1.27589,-1.1734,-1.14055,-1.11934,-1.08865,-0.9987,-1.05456,-0.91666,-1.03555,-0.88381,-0.89304,-0.75748,-0.79112,-0.75358,-0.72459,-0.65557,-0.68317,-0.56647,-0.75359,-0.60631,-0.616,-0.52072,-0.56629,-0.49121,-0.46753,-0.25775,-0.34914,-0.35301
1955,-1.22234,-2.1572,-2.41748,-2.64628,-2.69984,-2.85017,-2.94233,-3.01011,-3.08778,-3.15677,-3.17653,-3.14935,-3.13966,-3.14569,-3.06349,-3.04866,-3.11014,-2.98928,-2.93704,-2.91686,-2.88975,-2.91435,-2.85667,-2.81645,-2.82769,-2.77989,-2.77833,-2.75227,-2.72607,-2.76195,-2.73424,-2.76853,-2.69551,-2.6706,-2.67923,-2.60748,-2.60137,-2.60642,-2.54288,-2.56591,-2.4583,-2.55972,-2.46092,-2.4583,-2.43344,-2.36532,-2.3397,-2.33526,-2.255,-2.2693,-2.16749,-2.22279,-2.101,-2.11379,-2.07453,-1.98987,-1.98502,-1.96445,-1.88985,-1.90136,-1.77624,-1.83256,-1.71209,-1.67405,-1.64851,-1.56601,-1.56581,-1.50378,-1.46762,-1.50941,-1.36347,-1.41566,-1.27622,-1.24374,-1.19767,-1.13404,-1.10793,-1.08127,-0.97848,-1.04457,-0.89734,-1.01042,-0.86302,-0.87537,-0.76139,-0.73615,-0.73621,-0.70111,-0.64464,-0.66054,-0.5568,-0.73362,-0.60712,-0.59865,-0.58853,-0.48313,-0.38873,-0.43332,-0.27449,-0.32722,-0.23236
1956,-1.26116,-2.25337,-2.501,-2.71063,-2.8193,-2.93181,-2.98506,-3.10292,-3.15552,-3.22185,-3.1549,-3.19044,-3.13847,-3.20204,-3.11862,-3.11691,-3.03858,-3.02872,-3.0048,-2.99012,-2.94386,-2.95861,-2.923,-2.88439,-2.81787,-2.81987,-2.80107,-2.75523,-2.74909,-2.77728,-2.71041,-2.80743,-2.70465,-2.68909,-2.66535,-2.64207,-2.60345,-2.59636,-2.57823,-2.55517,-2.4707,-2.56384,-2.42056,-2.44977,-2.39903,-2.37893,-2.33143,-2.30803,-2.24466,-2.24011,-2.15695,-2.21289,-2.09518,-2.07577,-2.0373,-2.01534,-1.91567,-1.94313,-1.85549,-1.86729,-1.76672,-1.83245,-1.68681,-1.64484,-1.60074,-1.56109,-1.52333,-1.47354,-1.43588,-1.45064,-1.33119,-1.39431,-1.23361,-1.21697,-1.15028,-1.12439,-1.05514,-1.02541,-0.93885,-0.98449,-0.86893,-0.94909,-0.82425,-0.82284,-0.71697,-0.71623,-0.6342,-0.6797,-0.5948,-0.63738,-0.51656,-0.66782,-0.52259,-0.54146,-0.47799,-0.49775,-0.37685,-0.39225,-0.25475,-0.243,-0.36964
1957,-1.2442,-2.25727,-2.50682,-2.70974,-2.85824,-2.94271,-2.96417,-3.05651,-3.11691,-3.16685,-3.14874,-3.20551,-3.15927,-3.17005,-3.11577,-3.09637,-3.098,-2.97184,-3.00612,-2.98928,-2.914,-2.9307,-2.85387,-2.8755,-2.83387,-2.78622,-2.78675,-2.74041,-2.74642,-2.76574,-2.72469,-2.75548,-2.69465,-2.69616,-2.65502,-2.62215,-2.57251,-2.55909,-2.53432,-2.55068,-2.45284,-2.54683,-2.41726,-2.44153,-2.41274,-2.34237,-2.34573,-2.3106,-2.21846,-2.23441,-2.13241,-2.20183,-2.08603,-2.07058,-2.02808,-2.01814,-1.96742,-1.89726,-1.86085,-1.85434,-1.76236,-1.82568,-1.70934,-1.6447,-1.60185,-1.52307,-1.55416,-1.46332,-1.42361,-1.4384,-1.30151,-1.3815,-1.24945,-1.22443,-1.1684,-1.10611,-1.10179,-1.04475,-0.95979,-1.00292,-0.8868,-0.96228,-0.84498,-0.83875,-0.74346,-0.72949,-0.68347,-0.65109,-0.61155,-0.6236,-0.53163,-0.66768,-0.54182,-0.52674,-0.5001,-0.48678,-0.39865,-0.36294,-0.28396,-0.30241,-0.28212
1958,-1.30003,-2.33753,-2.60818,-2.78835,-2.90974,-3.04915,-3.06854,-3.11238,-3.17522,-3.21396,-3.19382,-3.2652,-3.26201,-3.21968,-3.20343,-3.23582,-3.13253,-3.1107,-2.99268,-3.05849,-2.99439,-2.97428,-2.97551,-2.91721,-2.90309,-2.8791,-2.82974,-2.83446,-2.78489,-2.84588,-2.76599,-2.81107,-2.76195,-2.76422,-2.73236,-2.72723,-2.66374,-2.67305,-2.59278,-2.61979,-2.53985,-2.59346,-2.46725,-2.52739,-2.4383,-2.4364,-2.40099,-2.38405,-2.30998,-2.31034,-2.20398,-2.25329,-2.152,-2.12697,-2.07335,-2.08539,-2.03021,-1.99473,-1.87063,-1.93015,-1.83669,-1.88088,-1.76968,-1.73636,-1.67015,-1.61279,-1.60455,-1.56583,-1.49259,-1.50371,-1.38992,-1.43449,-1.30783,-1.30387,-1.2316,-1.18847,-1.13566,-1.10836,-1.01614,-1.05823,-0.93655,-1.02678,-0.88074,-0.88262,-0.78547,-0.78925,-0.74478,-0.72184,-0.62682,-0.70788,-0.58813,-0.7313,-0.57742,-0.58895,-0.55063,-0.56623,-0.47737,-0.52248,-0.3307,-0.3162,-0.33973
1959,-1.30238,-2.3493,-2.61013,-2.80327,-2.91901,-3.02136,-3.098,-3.14206,-3.17718,-3.25571,-3.21538,-3.29843,-3.23433,-3.28988,-3.17134,-3.21042,-3.13194,-3.11976,-3.03198,-3.04866,-3.03621,-3.02045,-2.96337,-2.98928,-2.86328,-2.90868,-2.87582,-2.85325,-2.8066,-2.84315,-2.78808,-2.85574,-2.76981,-2.73095,-2.73353,-2.68089,-2.68677,-2.6994,-2.62489,-2.62106,-2.5187,-2.59894,-2.4769,-2.49485,-2.47965,-2.39924,-2.42366,-2.36825,-2.31831,-2.31587,-2.19552,-2.2561,-2.1243,-2.13608,-2.08719,-2.0473,-2.00257,-2.01256,-1.9145,-1.87929,-1.80777,-1.85971,-1.75647,-1.72577,-1.68799,-1.60639,-1.60083,-1.52735,-1.50847,-1.48553,-1.36656,-1.42188,-1.27351,-1.29824,-1.24216,-1.17862,-1.14478,-1.08706,-1.011,-1.01921,-0.93879,-1.00483,-0.88117,-0.87462,-0.78801,-0.77432,-0.7378,-0.71249,-0.65683,-0.66269,-0.59942,-0.74814,-0.58799,-0.56552,-0.51662,-0.5166,-0.43422,-0.44837,-0.25565,-0.27926,-0.34177
1960,-1.32565,-2.44297,-2.71377,-2.86838,-2.97675,-3.09583,-3.14206,-3.18776,-3.25259,-3.31785,-3.31876,-3.2993,-3.31876,-3.32422,-3.23284,-3.20691,-3.15304,-3.1261,-3.04866,-3.09691,-3.01547,-3.08884,-3.07314,-2.99913,-2.96778,-2.92959,-2.91045,-2.88406,-2.85918,-2.86582,-2.81276,-2.86107,-2.81787,-2.80911,-2.74569,-2.71738,-2.69379,-2.67366,-2.64956,-2.65659,-2.57268,-2.57089,-2.52783,-2.52404,-2.4734,-2.42783,-2.41737,-2.36532,-2.31966,-2.31025,-2.21681,-2.23762,-2.16235,-2.13259,-2.10237,-2.0715,-2.01412,-2.00213,-1.91564,-1.89884,-1.81579,-1.85943,-1.75543,-1.74014,-1.68353,-1.63034,-1.60255,-1.53502,-1.48722,-1.49982,-1.38141,-1.42181,-1.29866,-1.26412,-1.22972,-1.18061,-1.14094,-1.10986,-1.00271,-1.02577,-0.92797,-0.99714,-0.87764,-0.87277,-0.78997,-0.76719,-0.72729,-0.70233,-0.66399,-0.65604,-0.55331,-0.70543,-0.56793,-0.571,-0.48996,-0.47414,-0.42793,-0.44875,-0.25854,-0.29431,-0.24839
1961,-1.30504,-2.41691,-2.71332,-2.91578,-3.03574,-3.13077,-3.19997,-3.14448,-3.25026,-3.27165,-3.30627,-3.33161,-3.30627,-3.32975,-3.2993,-3.25104,-3.18376,-3.16115,-3.10292,-3.0804,-3.07831,-3.05159,-3.09205,-3.02182,-2.99055,-2.92082,-2.94271,-2.90136,-2.86742,-2.86838,-2.86296,-2.86999,-2.7921,-2.7841,-2.78383,-2.7428,-2.74521,-2.7062,-2.67737,-2.65287,-2.61332,-2.61083,-2.50031,-2.5236,-2.49949,-2.4389,-2.42981,-2.3919,-2.34266,-2.30146,-2.25782,-2.24718,-2.15596,-2.1609,-2.10182,-2.09789,-2.02738,-2.00274,-1.93502,-1.93655,-1.85146,-1.83642,-1.7706,-1.74244,-1.70382,-1.64227,-1.64068,-1.57235,-1.50937,-1.50725,-1.43099,-1.43448,-1.31586,-1.30136,-1.24235,-1.21599,-1.16463,-1.13908,-1.05489,-1.05617,-0.97245,-1.0041,-0.90717,-0.89108,-0.81698,-0.80014,-0.76141,-0.73935,-0.66631,-0.67134,-0.61344,-0.70302,-0.59016,-0.56855,-0.53988,-0.53902,-0.42836,-0.42047,-0.31208,-0.37928,-0.29077
1962,-1.36629,-2.51684,-2.7508,-2.94348,-3.01055,-3.11238,-3.15989,-3.24795,-3.26922,-3.2668,-3.33442,-3.35164,-3.26122,-3.29843,-3.2161,-3.25337,-3.18442,-3.13668,-3.10458,-3.065,-3.07212,-3.09098,-3.01412,-3.04048,-2.98047,-2.93667,-2.92445,-2.88739,-2.85511,-2.91614,-2.84741,-2.88572,-2.77263,-2.7986,-2.76802,-2.75523,-2.72033,-2.73755,-2.63884,-2.67182,-2.57971,-2.61066,-2.48479,-2.51556,-2.51414,-2.43498,-2.39881,-2.40034,-2.30786,-2.33003,-2.24162,-2.25019,-2.15224,-2.14606,-2.09724,-2.07407,-2.01046,-1.99302,-1.92746,-1.90455,-1.86372,-1.83259,-1.72881,-1.71751,-1.66728,-1.62251,-1.61112,-1.56119,-1.47958,-1.49227,-1.3839,-1.42221,-1.27736,-1.27133,-1.22819,-1.1753,-1.14701,-1.10791,-1.01106,-1.05313,-0.95729,-0.97343,-0.85378,-0.87139,-0.78239,-0.77687,-0.7216,-0.69745,-0.64896,-0.64782,-0.57597,-0.64941,-0.50836,-0.53738,-0.48487,-0.52325,-0.39787,-0.40159,-0.27316,-0.28066,-0.2746
1963,-1.37657,-2.55627,-2.79075,-2.92775,-3.01011,-3.11295,-3.17457,-3.18046,-3.2161,-3.34872,-3.34582,-3.32606,-3.26281,-3.33724,-3.3098,-3.25885,-3.20831,-3.15864,-3.14997,-3.08249,-3.09366,-3.02687,-3.02549,-3.05306,-3.01592,-2.98464,-2.93405,-2.89791,-2.90483,-2.91829,-2.8814,-2.89654,-2.80107,-2.8173,-2.77288,-2.77366,-2.75154,-2.69016,-2.66817,-2.66015,-2.57774,-2.63041,-2.50321,-2.54821,-2.47276,-2.44989,-2.40616,-2.37727,-2.33273,-2.30865,-2.25399,-2.25775,-2.15602,-2.13632,-2.09437,-2.08255,-2.01719,-1.9968,-1.93697,-1.8877,-1.7955,-1.86835,-1.74088,-1.70606,-1.66768,-1.62545,-1.6109,-1.54368,-1.51737,-1.49771,-1.40503,-1.39769,-1.29395,-1.2639,-1.21222,-1.18577,-1.12996,-1.10836,-1.03157,-1.00449,-0.97257,-0.98964,-0.86607,-0.84937,-0.80052,-0.76307,-0.73329,-0.69355,-0.64717,-0.64415,-0.59143,-0.6745,-0.55091,-0.5364,-0.52293,-0.55267,-0.42015,-0.40317,-0.3418,-0.25326,-0.31196
1964,-1.38715,-2.64801,-2.86999,-3.03105,-3.09637,-3.19044,-3.2204,-3.2815,-3.31605,-3.39254,-3.38828,-3.4034,-3.2644,-3.35853,-3.27819,-3.27572,-3.27984,-3.16685,-3.09205,-3.05159,-3.08725,-3.08197,-3.03198,-3.04964,-2.9751,-2.96377,-2.94082,-2.93629,-2.93405,-2.94539,-2.88975,-2.92263,-2.8173,-2.83624,-2.8318,-2.81616,-2.7582,-2.74861,-2.66635,-2.68215,-2.60995,-2.64589,-2.52871,-2.54136,-2.47547,-2.44892,-2.43215,-2.38648,-2.34882,-2.33961,-2.26217,-2.27589,-2.18277,-2.15996,-2.12142,-2.08986,-2.03348,-2.0027,-1.96106,-1.90777,-1.85471,-1.86474,-1.78031,-1.72061,-1.69041,-1.64583,-1.6235,-1.59051,-1.52814,-1.52115,-1.42592,-1.4435,-1.32402,-1.31266,-1.23487,-1.20995,-1.17732,-1.12649,-1.06248,-1.05573,-0.98628,-0.97093,-0.88693,-0.88053,-0.79982,-0.8018,-0.75911,-0.7337,-0.68235,-0.65266,-0.60677,-0.65752,-0.57342,-0.59093,-0.51015,-0.57473,-0.40122,-0.43813,-0.35959,-0.24453,-0.40292
1965,-1.41667,-2.71309,-2.92046,-3.07417,-3.11351,-3.22841,-3.2815,-3.27984,-3.3536,-3.34679,-3.42251,-3.39903,-3.29757,-3.38195,-3.30277,-3.24185,-3.26201,-3.25026,-3.13549,-3.08145,-3.0575,-3.05948,-3.04769,-3.01818,-2.969,-2.96981,-2.99353,-2.9974,-2.94271,-2.92046,-2.8911,-2.94157,-2.86075,-2.85418,-2.82189,-2.7921,-2.77057,-2.72862,-2.7062,-2.66055,-2.63246,-2.62069,-2.56209,-2.55315,-2.47379,-2.46623,-2.4269,-2.4262,-2.32221,-2.3292,-2.28988,-2.29542,-2.1988,-2.19723,-2.1185,-2.10106,-2.0461,-2.02475,-1.95226,-1.94287,-1.87371,-1.87693,-1.78331,-1.77994,-1.67366,-1.64701,-1.62408,-1.57424,-1.53497,-1.5165,-1.44534,-1.44294,-1.32666,-1.30766,-1.26384,-1.20127,-1.17398,-1.14001,-1.05055,-1.05912,-0.98048,-1.00447,-0.90942,-0.89178,-0.81063,-0.79113,-0.76034,-0.73042,-0.67747,-0.66717,-0.61811,-0.66348,-0.57963,-0.56813,-0.52824,-0.50811,-0.47287,-0.47458,-0.35605,-0.30292,-0.25755
1966,-1.43393,-2.76751,-2.94962,-3.11919,-3.13194,-3.26841,-3.27165,-3.35556,-3.40121,-3.36754,-3.4168,-3.47625,-3.39254,-3.38934,-3.25727,-3.29073,-3.24033,-3.20482,-3.15304,-3.07676,-3.06601,-3.04624,-3.05601,-3.02826,-2.97922,-2.98338,-2.99783,-2.99654,-2.9594,-2.96537,-2.90728,-2.93968,-2.8655,-2.83565,-2.83239,-2.80438,-2.77599,-2.75203,-2.71851,-2.68719,-2.64016,-2.65365,-2.55783,-2.54883,-2.50571,-2.48959,-2.42666,-2.383,-2.35281,-2.33479,-2.27295,-2.28067,-2.20315,-2.17509,-2.11475,-2.09528,-2.05178,-2.01773,-1.96401,-1.92985,-1.87445,-1.87002,-1.79871,-1.75968,-1.72809,-1.64975,-1.62364,-1.57199,-1.5397,-1.52091,-1.44779,-1.4615,-1.33572,-1.32178,-1.24508,-1.22669,-1.18392,-1.13206,-1.06302,-1.05791,-0.99611,-1.00687,-0.90578,-0.89606,-0.81427,-0.80126,-0.75163,-0.74026,-0.67364,-0.65368,-0.61795,-0.66216,-0.59147,-0.56036,-0.5242,-0.49726,-0.41994,-0.45285,-0.3341,-0.24681,-0.42795
1967,-1.45348,-2.81446,-2.99783,-3.13371,-3.19314,-3.26841,-3.29073,-3.39147,-3.38828,-3.42022,-3.43533,-3.51856,-3.4318,-3.34199,-3.30715,-3.3019,-3.28567,-3.23882,-3.1296,-3.07572,-3.04048,-3.08249,-3.04383,-3.04191,-2.99957,-3.007,-3.00349,-2.9987,-2.99268,-2.92775,-2.94808,-2.97922,-2.88907,-2.82449,-2.8216,-2.83744,-2.76955,-2.75498,-2.69208,-2.66736,-2.62525,-2.64417,-2.56799,-2.55768,-2.49093,-2.4912,-2.43628,-2.38342,-2.34688,-2.3495,-2.27877,-2.27934,-2.1928,-2.17555,-2.13876,-2.12814,-2.03598,-2.01791,-1.97326,-1.94131,-1.8628,-1.87144,-1.79142,-1.74552,-1.70312,-1.67929,-1.62814,-1.57792,-1.53769,-1.52533,-1.44086,-1.44284,-1.35424,-1.31437,-1.25387,-1.21786,-1.17847,-1.14534,-1.06177,-1.06892,-0.99094,-0.99778,-0.91508,-0.9078,-0.81107,-0.799,-0.76004,-0.72333,-0.68989,-0.66585,-0.62639,-0.65145,-0.57095,-0.56419,-0.51331,-0.51108,-0.45923,-0.41309,-0.3256,-0.27632,-0.29517
1968,-1.48509,-2.84436,-3.00043,-3.14206,-3.20135,-3.32331,-3.31876,-3.39577,-3.38195,-3.41454,-3.48017,-3.44491,-3.38722,-3.40121,-3.3279,-3.31966,-3.27327,-3.21396,-3.14752,-3.1349,-3.11407,-3.06956,-3.06601,-3.08197,-3.011,-3.0348,-3.0013,-2.99568,-2.91937,-2.97593,-2.96658,-2.91045,-2.89483,-2.88807,-2.84315,-2.81502,-2.78968,-2.75031,-2.71715,-2.71512,-2.66898,-2.66959,-2.58186,-2.58754,-2.51357,-2.47677,-2.46067,-2.39567,-2.36572,-2.35694,-2.29525,-2.28158,-2.19894,-2.17444,-2.1303,-2.13212,-2.07376,-2.0402,-1.97314,-1.93584,-1.87222,-1.87936,-1.8078,-1.77762,-1.72612,-1.67687,-1.65797,-1.57271,-1.52347,-1.5134,-1.45025,-1.44714,-1.34645,-1.31958,-1.25622,-1.22421,-1.17955,-1.13947,-1.06479,-1.05344,-0.98757,-0.99566,-0.91111,-0.89085,-0.81887,-0.80511,-0.74966,-0.71785,-0.67271,-0.65683,-0.59541,-0.61991,-0.57093,-0.56911,-0.51159,-0.53264,-0.45339,-0.44091,-0.34652,-0.28798,-0.32049
1969,-1.5045,-2.84103,-2.98213,-3.14935,-3.18977,-3.28651,-3.31966,-3.36653,-3.38828,-3.43771,-3.44491,-3.46092,-3.34679,-3.41005,-3.37161,-3.33913,-3.23062,-3.17134,-3.14752,-3.0846,-3.07109,-3.04769,-3.0804,-3.03339,-2.96738,-3.02733,-2.97306,-2.94119,-2.95861,-2.92922,-2.92849,-2.93293,-2.90101,-2.85201,-2.83893,-2.81959,-2.78701,-2.72909,-2.69037,-2.66736,-2.62912,-2.63526,-2.54394,-2.54577,-2.5039,-2.47108,-2.41703,-2.39979,-2.31122,-2.3165,-2.24803,-2.26185,-2.17993,-2.15515,-2.10919,-2.09991,-2.05685,-2.02027,-1.94715,-1.9146,-1.85412,-1.85564,-1.76055,-1.74931,-1.69676,-1.63878,-1.6103,-1.57618,-1.49531,-1.46597,-1.39731,-1.39987,-1.30353,-1.27905,-1.22538,-1.18745,-1.15134,-1.10592,-1.05276,-1.03505,-0.9851,-0.97225,-0.90444,-0.87641,-0.81551,-0.78072,-0.75419,-0.72144,-0.65988,-0.62813,-0.60472,-0.61176,-0.53646,-0.53902,-0.49256,-0.50616,-0.41412,-0.39876,-0.31056,-0.26872,-0.3616
1970,-1.53981,-2.83803,-3.03433,-3.10846,-3.21325,-3.28988,-3.29328,-3.33819,-3.34775,-3.45593,-3.43771,-3.43297,-3.4318,-3.45842,-3.37161,-3.3279,-3.24872,-3.19997,-3.1349,-3.09313,-3.06298,-3.07935,-3.06956,-3.00174,-3.04479,-2.98255,-2.9784,-2.9539,-2.959,-2.9974,-2.93779,-2.96178,-2.89211,-2.87095,-2.86328,-2.81759,-2.80967,-2.7597,-2.70355,-2.68277,-2.66414,-2.64187,-2.55721,-2.58503,-2.55925,-2.49026,-2.44953,-2.40121,-2.36845,-2.34824,-2.29852,-2.27893,-2.20698,-2.19341,-2.13472,-2.12419,-2.07438,-2.0509,-1.99051,-1.96198,-1.91091,-1.88432,-1.8152,-1.79016,-1.74005,-1.68432,-1.65748,-1.60522,-1.57104,-1.5099,-1.46268,-1.43811,-1.37258,-1.33779,-1.27369,-1.24225,-1.17895,-1.15301,-1.07967,-1.07646,-1.02091,-1,-0.92021,-0.88888,-0.82874,-0.80896,-0.76935,-0.71257,-0.70384,-0.65851,-0.60683,-0.63511,-0.53064,-0.52948,-0.44363,-0.50462,-0.44545,-0.42403,-0.35937,-0.31359,-0.35722
1971,-1.57744,-2.79751,-2.98843,-3.12205,-3.1891,-3.31785,-3.33161,-3.37366,-3.36754,-3.42946,-3.49349,-3.47366,-3.4389,-3.38616,-3.3363,-3.29158,-3.27491,-3.20343,-3.16241,-3.10846,-3.06702,-3.057,-3.10679,-3.04335,-3.00833,-3.04818,-2.97634,-2.9914,-2.99482,-2.98255,-2.99482,-2.94006,-2.91507,-2.85605,-2.87713,-2.84894,-2.8173,-2.79317,-2.74885,-2.69508,-2.62986,-2.63808,-2.55689,-2.564,-2.53033,-2.47638,-2.45432,-2.38174,-2.33951,-2.3139,-2.26225,-2.24626,-2.1689,-2.1827,-2.11685,-2.09501,-2.05562,-2.00753,-1.96993,-1.94516,-1.88911,-1.85493,-1.77913,-1.75345,-1.70872,-1.66631,-1.64085,-1.5904,-1.54344,-1.50975,-1.40649,-1.3853,-1.32262,-1.2922,-1.24057,-1.19441,-1.14498,-1.11423,-1.05041,-1.02774,-0.97988,-0.97054,-0.89482,-0.86605,-0.80795,-0.77429,-0.73912,-0.70973,-0.65325,-0.64812,-0.58463,-0.60004,-0.52697,-0.50621,-0.45401,-0.46571,-0.36521,-0.39172,-0.33417,-0.30392,-0.28767
1972,-1.63348,-2.85263,-3.0278,-3.12901,-3.23508,-3.29757,-3.35458,-3.37572,-3.37986,-3.45346,-3.48149,-3.46092,-3.46092,-3.4698,-3.383,-3.36151,-3.25104,-3.24336,-3.15181,-3.10902,-3.065,-3.13136,-3.05849,-3.07935,-3.07212,-3.0348,-2.99525,-3.00174,-2.99525,-2.9914,-2.96617,-2.94157,-2.88941,-2.923,-2.8791,-2.88107,-2.8173,-2.81192,-2.75424,-2.73898,-2.69016,-2.66314,-2.57757,-2.59057,-2.55642,-2.5391,-2.48057,-2.41987,-2.38669,-2.35154,-2.30286,-2.28125,-2.21289,-2.20156,-2.16596,-2.15163,-2.08613,-2.05725,-1.99598,-1.97667,-1.92212,-1.90028,-1.84079,-1.80145,-1.75766,-1.70147,-1.6734,-1.63249,-1.58195,-1.55303,-1.50052,-1.44126,-1.3698,-1.34668,-1.29369,-1.2686,-1.19794,-1.17088,-1.10329,-1.07838,-1.03723,-1.00771,-0.92395,-0.89987,-0.83673,-0.81686,-0.75527,-0.73947,-0.68646,-0.66961,-0.624,-0.6167,-0.54432,-0.53977,-0.49875,-0.50455,-0.43279,-0.44918,-0.38701,-0.29874,-0.35549
1973,-1.66107,-2.84588,-3.01682,-3.17263,-3.25181,-3.28988,-3.34679,-3.37469,-3.43771,-3.46092,-3.43415,-3.52578,-3.50307,-3.46092,-3.34486,-3.28651,-3.22768,-3.19246,-3.12726,-3.09151,-3.07007,-3.09098,-3.10568,-3.02228,-3.01457,-3.06198,-3.02503,-3.00524,-3.02503,-3.02641,-2.96138,-2.94885,-2.88539,-2.88174,-2.91507,-2.84315,-2.82016,-2.79183,-2.79371,-2.74208,-2.67944,-2.67923,-2.62069,-2.57138,-2.57251,-2.51442,-2.50349,-2.42022,-2.375,-2.33999,-2.30077,-2.27124,-2.20135,-2.18695,-2.13124,-2.1313,-2.07222,-2.0459,-1.99827,-1.96078,-1.91621,-1.90194,-1.81767,-1.78144,-1.74053,-1.69321,-1.66583,-1.60988,-1.57853,-1.54212,-1.47585,-1.45643,-1.33728,-1.3167,-1.2825,-1.2374,-1.18656,-1.14576,-1.08413,-1.05213,-0.99771,-0.98825,-0.89966,-0.87619,-0.80921,-0.79524,-0.74629,-0.71277,-0.67368,-0.64998,-0.60142,-0.59114,-0.55871,-0.50308,-0.48143,-0.43079,-0.39322,-0.40683,-0.39701,-0.3572,-0.34238
1974,-1.68681,-2.91328,-3.08249,-3.18177,-3.27572,-3.30803,-3.39041,-3.36251,-3.44855,-3.41567,-3.58004,-3.46725,-3.47886,-3.4437,-3.36151,-3.31966,-3.31426,-3.19654,-3.14026,-3.07727,-3.09474,-3.10568,-3.09528,-3.07366,-3.07417,-3.0716,-3.05208,-3.03527,-3.05061,-2.98843,-3.00043,-2.9897,-2.92118,-2.8671,-2.91328,-2.86742,-2.80995,-2.79344,-2.76321,-2.75154,-2.66736,-2.7073,-2.61137,-2.58687,-2.55988,-2.52331,-2.48043,-2.46916,-2.38966,-2.33999,-2.30086,-2.28845,-2.21645,-2.19172,-2.15428,-2.13365,-2.07567,-2.05286,-2.00652,-1.97531,-1.92274,-1.90791,-1.83684,-1.79585,-1.74717,-1.70204,-1.67834,-1.6272,-1.58119,-1.53777,-1.49286,-1.45256,-1.38914,-1.32052,-1.27271,-1.23734,-1.19376,-1.16591,-1.09475,-1.06474,-1.00999,-0.99041,-0.91473,-0.88841,-0.82832,-0.80697,-0.7681,-0.71776,-0.683,-0.64825,-0.60617,-0.62033,-0.53458,-0.53327,-0.48808,-0.50322,-0.4074,-0.42104,-0.37711,-0.27925,-0.34437
1975,-1.72566,-2.90379,-3.13077,-3.21896,-3.28988,-3.36754,-3.38722,-3.44009,-3.42829,-3.50446,-3.48945,-3.51145,-3.50031,-3.45593,-3.39469,-3.36051,-3.27327,-3.2321,-3.19586,-3.13136,-3.08672,-3.12205,-3.11351,-3.1349,-3.11295,-3.10182,-3.11014,-3.06399,-3.08513,-3.07007,-2.99654,-3.02595,-2.99097,-2.9594,-2.91793,-2.88273,-2.86582,-2.81361,-2.75276,-2.73306,-2.69702,-2.6784,-2.61979,-2.62342,-2.56114,-2.54898,-2.47651,-2.42771,-2.39783,-2.35213,-2.30513,-2.29551,-2.23597,-2.21049,-2.16191,-2.11233,-2.07536,-2.05542,-2.00723,-1.96277,-1.93004,-1.90427,-1.84983,-1.80038,-1.7599,-1.72751,-1.67448,-1.62437,-1.59595,-1.54711,-1.49196,-1.46629,-1.39877,-1.35085,-1.29885,-1.25723,-1.20221,-1.1622,-1.11033,-1.06559,-1.02773,-0.9901,-0.93653,-0.89121,-0.85016,-0.8158,-0.76682,-0.73742,-0.68893,-0.65141,-0.63052,-0.61495,-0.53729,-0.52916,-0.50753,-0.4886,-0.44858,-0.4445,-0.39635,-0.35306,-0.24237
1976,-1.75853,-2.92996,-3.16494,-3.29073,-3.37263,-3.33068,-3.42597,-3.48149,-3.49621,-3.50864,-3.52143,-3.55752,-3.48945,-3.5391,-3.42713,-3.38091,-3.24795,-3.26281,-3.14146,-3.13906,-3.11295,-3.17263,-3.12726,-3.1549,-3.10403,-3.09963,-3.11976,-3.12321,-3.06803,-3.04383,-3.01412,-3.02457,-3.04479,-2.93855,-2.94539,-2.8768,-2.85667,-2.84073,-2.80883,-2.78995,-2.724,-2.72677,-2.68089,-2.6178,-2.56273,-2.53343,-2.47224,-2.43274,-2.40034,-2.36734,-2.30312,-2.28425,-2.25236,-2.20698,-2.15608,-2.11799,-2.08587,-2.05198,-2.01403,-1.96106,-1.93211,-1.92285,-1.85331,-1.8179,-1.77786,-1.72656,-1.67863,-1.63778,-1.59319,-1.55464,-1.50212,-1.458,-1.40909,-1.36073,-1.31804,-1.25884,-1.21561,-1.17374,-1.12444,-1.0719,-1.02951,-1.00315,-0.94987,-0.89923,-0.86056,-0.81814,-0.77061,-0.73857,-0.69138,-0.66653,-0.62666,-0.60733,-0.55174,-0.53619,-0.49247,-0.47097,-0.47974,-0.45213,-0.43002,-0.39326,-0.32978
1977,-1.79811,-2.92849,-3.11919,-3.22403,-3.35067,-3.38722,-3.45469,-3.40561,-3.48413,-3.4828,-3.53018,-3.54975,-3.5157,-3.45717,-3.49894,-3.38722,-3.2652,-3.22841,-3.16241,-3.14267,-3.1296,-3.09745,-3.13312,-3.09745,-3.11014,-3.10182,-3.08566,-3.12552,-3.07727,-3.09098,-3.0348,-3.02503,-3.01011,-2.99525,-2.93517,-2.96297,-2.90066,-2.86838,-2.82304,-2.76321,-2.74642,-2.73095,-2.66354,-2.64016,-2.58737,-2.53269,-2.52158,-2.47224,-2.44249,-2.37582,-2.34294,-2.30426,-2.26074,-2.22592,-2.18856,-2.14255,-2.09146,-2.06656,-2.02283,-1.98014,-1.93949,-1.91955,-1.88652,-1.82965,-1.79496,-1.74519,-1.70169,-1.66651,-1.60488,-1.57548,-1.51771,-1.4837,-1.43179,-1.39764,-1.34294,-1.28775,-1.23388,-1.19874,-1.13533,-1.09119,-1.04914,-1.00159,-0.95799,-0.91766,-0.86811,-0.83374,-0.78819,-0.76506,-0.70297,-0.67878,-0.63766,-0.61292,-0.56737,-0.54783,-0.51904,-0.51354,-0.45536,-0.44379,-0.41548,-0.42309,-0.29583
1978,-1.81827,-2.90939,-3.10458,-3.25414,-3.3536,-3.46218,-3.47108,-3.44612,-3.41908,-3.45967,-3.53611,-3.48678,-3.48945,-3.48545,-3.42481,-3.34294,-3.30539,-3.21396,-3.098,-3.09366,-3.09637,-3.13668,-3.0752,-3.07831,-3.05948,-3.09205,-3.09691,-3.06905,-3.06803,-3.0942,-3.02919,-3.02595,-2.97062,-2.94615,-2.97922,-2.93293,-2.89517,-2.9017,-2.80327,-2.81959,-2.73095,-2.71738,-2.66959,-2.62525,-2.59244,-2.5447,-2.51985,-2.4773,-2.41862,-2.39935,-2.33358,-2.3193,-2.26448,-2.22578,-2.19294,-2.15465,-2.12269,-2.06621,-2.03711,-1.98906,-1.95249,-1.91898,-1.87864,-1.85949,-1.80099,-1.76576,-1.71366,-1.66452,-1.62441,-1.57871,-1.52269,-1.49791,-1.43893,-1.39287,-1.34951,-1.29735,-1.25083,-1.1968,-1.16418,-1.10504,-1.05061,-1.02094,-0.97091,-0.92315,-0.87877,-0.84403,-0.80176,-0.76889,-0.72803,-0.67257,-0.63294,-0.61146,-0.57548,-0.53883,-0.5323,-0.50861,-0.48224,-0.49149,-0.4091,-0.39829,-0.21853
1979,-1.85226,-2.95861,-3.14935,-3.2204,-3.34775,-3.38616,-3.46344,-3.46597,-3.46725,-3.52578,-3.46092,-3.58503,-3.56543,-3.50169,-3.37263,-3.36251,-3.284,-3.19586,-3.14813,-3.10791,-3.10182,-3.11691,-3.0942,-3.09205,-3.12148,-3.09637,-3.06854,-3.08884,-3.09313,-3.07935,-3.02045,-3.04721,-3.03386,-2.95782,-2.97347,-2.9307,-2.92118,-2.89825,-2.80939,-2.76981,-2.77963,-2.72102,-2.66095,-2.6434,-2.58519,-2.5476,-2.53491,-2.48479,-2.44454,-2.4105,-2.34631,-2.3203,-2.27067,-2.23055,-2.20684,-2.16545,-2.13348,-2.09135,-2.03834,-2.011,-1.94359,-1.94635,-1.88536,-1.86204,-1.8244,-1.78302,-1.74194,-1.69242,-1.64266,-1.59777,-1.55328,-1.51111,-1.46735,-1.42173,-1.36919,-1.31748,-1.26724,-1.23059,-1.16797,-1.13376,-1.07611,-1.03967,-0.99472,-0.93532,-0.8958,-0.86167,-0.82492,-0.77343,-0.75237,-0.72038,-0.6535,-0.63937,-0.59637,-0.56119,-0.54793,-0.50421,-0.49944,-0.51164,-0.45355,-0.37786,-0.29054
1980,-1.91995,-2.97881,-3.14327,-3.32883,-3.43415,-3.39686,-3.34872,-3.47366,-3.54061,-3.55129,-3.47625,-3.54516,-3.5157,-3.57349,-3.50724,-3.35853,-3.30892,-3.26761,-3.22768,-3.16115,-3.17198,-3.11976,-3.14146,-3.11976,-3.09151,-3.0942,-3.11014,-3.10902,-3.10902,-3.0716,-3.04383,-3.01011,-3.00922,-3.01773,-2.98506,-2.959,-2.89688,-2.91045,-2.89211,-2.7929,-2.75424,-2.76095,-2.66015,-2.68298,-2.60854,-2.56992,-2.56655,-2.52057,-2.45705,-2.42969,-2.34544,-2.34199,-2.29791,-2.25189,-2.21717,-2.17724,-2.13787,-2.10841,-2.07361,-2.01287,-1.98771,-1.96003,-1.90306,-1.87979,-1.82734,-1.79863,-1.7582,-1.71625,-1.66742,-1.62867,-1.5658,-1.52308,-1.47263,-1.43651,-1.37407,-1.33669,-1.28899,-1.23374,-1.19554,-1.14855,-1.10187,-1.04718,-0.99442,-0.95985,-0.90395,-0.86252,-0.82196,-0.78651,-0.74743,-0.71634,-0.65363,-0.64489,-0.60223,-0.5657,-0.54514,-0.50755,-0.50075,-0.44783,-0.45061,-0.38072,-0.3218
1981,-1.92683,-3.02136,-3.16558,-3.3098,-3.40561,-3.45223,-3.53018,-3.51999,-3.5784,-3.59517,-3.5817,-3.63827,-3.56225,-3.51428,-3.40561,-3.38722,-3.30892,-3.30627,-3.20971,-3.14388,-3.13371,-3.09474,-3.16685,-3.13787,-3.15181,-3.09963,-3.19654,-3.10902,-3.09583,-3.10679,-3.06248,-3.05899,-3.05355,-3.02641,-3.01412,-2.95156,-2.92372,-2.89347,-2.88472,-2.84924,-2.76145,-2.72584,-2.73236,-2.63752,-2.6396,-2.57725,-2.54806,-2.49026,-2.4734,-2.4217,-2.37069,-2.35057,-2.29482,-2.2644,-2.22178,-2.1926,-2.16653,-2.11588,-2.07391,-2.03156,-1.98301,-1.94835,-1.89939,-1.88045,-1.83138,-1.80258,-1.75622,-1.71722,-1.68085,-1.63537,-1.5726,-1.53462,-1.48129,-1.44671,-1.38709,-1.34328,-1.29557,-1.25616,-1.19732,-1.15238,-1.09267,-1.06109,-0.9997,-0.96875,-0.90456,-0.8561,-0.81644,-0.78533,-0.74046,-0.70506,-0.64994,-0.66918,-0.60154,-0.56348,-0.53656,-0.49716,-0.4969,-0.49416,-0.50781,-0.40661,-0.33026
1982,-1.95393,-3.06198,-3.2668,-3.4023,-3.52288,-3.50307,-3.5376,-3.60555,-3.55284,-3.60033,-3.63078,-3.62342,-3.58503,-3.5391,-3.57675,-3.49214,-3.35067,-3.25026,-3.22988,-3.21112,-3.18243,-3.17005,-3.14026,-3.16749,-3.15989,-3.15989,-3.13194,-3.12552,-3.12205,-3.14388,-3.1107,-3.07935,-3.07727,-3.05502,-3.01368,-2.96819,-2.96981,-2.92628,-2.89008,-2.8193,-2.79398,-2.77573,-2.69529,-2.69659,-2.64956,-2.59757,-2.56336,-2.52549,-2.49771,-2.43239,-2.39115,-2.35291,-2.3244,-2.26946,-2.24245,-2.19593,-2.1652,-2.125,-2.09474,-2.05894,-2.01274,-1.96513,-1.93074,-1.89391,-1.85614,-1.82693,-1.77851,-1.73058,-1.69752,-1.66051,-1.60059,-1.56693,-1.50151,-1.45673,-1.40678,-1.36152,-1.32185,-1.26518,-1.2332,-1.16147,-1.11944,-1.07485,-1.03431,-0.98445,-0.94042,-0.89481,-0.84831,-0.81276,-0.78469,-0.7312,-0.68779,-0.67586,-0.62932,-0.60261,-0.56523,-0.51598,-0.51793,-0.48492,-0.48667,-0.45798,-0.24715
1983,-1.97363,-3.02872,-3.25259,-3.36151,-3.41567,-3.45593,-3.5784,-3.5986,-3.56543,-3.65365,-3.58838,-3.63264,-3.58838,-3.59176,-3.5157,-3.42022,-3.38195,-3.25571,-3.18977,-3.12784,-3.19044,-3.14388,-3.08249,-3.12378,-3.11691,-3.11976,-3.10568,-3.10237,-3.10292,-3.09205,-3.09854,-3.03198,-3.07263,-3.03763,-2.98632,-2.98843,-2.9539,-2.89551,-2.8573,-2.8318,-2.78995,-2.78252,-2.68592,-2.70137,-2.68931,-2.57009,-2.55893,-2.52259,-2.46763,-2.45842,-2.40318,-2.35487,-2.33545,-2.28988,-2.23837,-2.20052,-2.17166,-2.13799,-2.08884,-2.03395,-1.99551,-1.9694,-1.92216,-1.89788,-1.84503,-1.81505,-1.77937,-1.73107,-1.69048,-1.64199,-1.59922,-1.54781,-1.50709,-1.45002,-1.40316,-1.36214,-1.30263,-1.25267,-1.20277,-1.16087,-1.10851,-1.06875,-1.01642,-0.97674,-0.91266,-0.87548,-0.83031,-0.77549,-0.75272,-0.71196,-0.66348,-0.64022,-0.59927,-0.57056,-0.53863,-0.49071,-0.44594,-0.46715,-0.42675,-0.41226,-0.27324
1984,-2.00864,-3.08725,-3.23359,-3.42713,-3.49894,-3.53018,-3.59346,-3.64397,-3.58336,-3.68613,-3.67572,-3.66959,-3.61261,-3.57675,-3.47237,-3.4389,-3.34582,-3.25104,-3.1945,-3.11182,-3.13727,-3.10513,-3.13787,-3.12784,-3.11976,-3.14752,-3.13253,-3.12321,-3.15927,-3.09909,-3.09474,-3.08197,-3.03953,-3.04818,-3.00218,-2.94923,-2.94119,-2.89177,-2.87943,-2.83003,-2.79997,-2.80189,-2.70752,-2.66555,-2.61907,-2.62215,-2.55238,-2.51499,-2.48492,-2.44527,-2.39469,-2.37727,-2.33592,-2.29895,-2.26344,-2.21141,-2.17173,-2.12569,-2.09146,-2.04701,-1.99913,-1.96401,-1.94329,-1.88256,-1.85896,-1.8086,-1.80258,-1.75156,-1.69648,-1.65655,-1.61455,-1.58995,-1.50993,-1.46672,-1.41828,-1.37368,-1.32378,-1.27987,-1.22839,-1.17287,-1.14285,-1.08587,-1.04247,-0.98539,-0.9452,-0.90353,-0.85832,-0.81339,-0.7609,-0.73868,-0.67369,-0.64752,-0.60309,-0.5939,-0.56598,-0.52714,-0.51487,-0.50951,-0.4691,-0.39824,-0.32303
1985,-2.05581,-3.10018,-3.30715,-3.38934,-3.51145,-3.54821,-3.55909,-3.60033,-3.59007,-3.63451,-3.63078,-3.60906,-3.61618,-3.64207,-3.46852,-3.42946,-3.33819,-3.28483,-3.22257,-3.17005,-3.15181,-3.10624,-3.09637,-3.1152,-3.06248,-3.0846,-3.09151,-3.12436,-3.11805,-3.08249,-3.07366,-3.08884,-3.05208,-3.03621,-2.99439,-2.95821,-2.92996,-2.92191,-2.8768,-2.82536,-2.78781,-2.77417,-2.69101,-2.6834,-2.66174,-2.59312,-2.57528,-2.52871,-2.47782,-2.43168,-2.40616,-2.3781,-2.32157,-2.27646,-2.24803,-2.21077,-2.17451,-2.12326,-2.09887,-2.05414,-2.00753,-1.97972,-1.93394,-1.89654,-1.84992,-1.81588,-1.78362,-1.73641,-1.69797,-1.65133,-1.60232,-1.56583,-1.51829,-1.46345,-1.41755,-1.36445,-1.31975,-1.27239,-1.22325,-1.16567,-1.12429,-1.0781,-1.02564,-0.98859,-0.92961,-0.89598,-0.83511,-0.7903,-0.75615,-0.69672,-0.64398,-0.6385,-0.59223,-0.56095,-0.53883,-0.51643,-0.49177,-0.44905,-0.46177,-0.41514,-0.28243
1986,-2.03996,-3.10127,-3.35853,-3.47108,-3.4908,-3.56703,-3.5544,-3.56703,-3.70115,-3.64207,-3.72354,-3.66959,-3.63264,-3.61798,-3.52578,-3.41908,-3.29585,-3.24413,-3.16622,-3.12205,-3.15428,-3.07366,-3.08831,-3.08991,-3.06651,-3.07831,-3.0655,-3.09474,-3.08407,-3.07779,-3.08145,-3.04818,-3.05799,-3.00922,-3.00922,-2.93442,-2.91364,-2.90553,-2.87063,-2.84497,-2.82623,-2.76675,-2.73306,-2.68698,-2.6811,-2.59193,-2.57479,-2.54683,-2.47873,-2.45026,-2.4022,-2.37141,-2.35076,-2.30268,-2.25956,-2.22783,-2.19179,-2.14612,-2.10802,-2.05606,-2.02054,-1.98405,-1.94112,-1.90868,-1.87693,-1.82757,-1.79877,-1.74897,-1.71017,-1.66474,-1.62747,-1.57455,-1.53094,-1.49523,-1.43152,-1.38417,-1.334,-1.28137,-1.24311,-1.19021,-1.14138,-1.10248,-1.045,-1.00194,-0.95865,-0.90547,-0.86962,-0.81645,-0.76104,-0.73098,-0.67854,-0.65241,-0.60279,-0.57208,-0.53802,-0.52544,-0.50138,-0.46927,-0.44886,-0.40529,-0.37904
1987,-2.05844,-3.19044,-3.37059,-3.47886,-3.55752,-3.58503,-3.61798,-3.61439,-3.72584,-3.74473,-3.77989,-3.68825,-3.67778,-3.59688,-3.5784,-3.42713,-3.28483,-3.22988,-3.04818,-3.05899,-3.08991,-3.07676,-3.03386,-3.01323,-3.01637,-3.04721,-3.02,-3.03527,-3.08197,-3.04624,-3.01368,-3.02826,-2.99439,-2.99827,-2.98422,-2.96098,-2.91793,-2.91507,-2.87419,-2.79942,-2.80743,-2.74934,-2.72862,-2.68952,-2.6515,-2.61979,-2.57561,-2.52014,-2.51046,-2.45063,-2.4022,-2.3808,-2.34911,-2.29835,-2.271,-2.24957,-2.20073,-2.15255,-2.11982,-2.06626,-2.03508,-1.99272,-1.96718,-1.91343,-1.87854,-1.83711,-1.78693,-1.77485,-1.7237,-1.67654,-1.63927,-1.58672,-1.54442,-1.49347,-1.45937,-1.41218,-1.35933,-1.30682,-1.24955,-1.21075,-1.15495,-1.11684,-1.05804,-1.026,-0.97093,-0.93477,-0.87881,-0.8471,-0.7857,-0.7511,-0.70861,-0.66058,-0.63538,-0.59532,-0.55183,-0.52821,-0.49433,-0.50142,-0.46148,-0.44445,-0.32851
1988,-2.09523,-3.14026,-3.3439,-3.49485,-3.56864,-3.60555,-3.62525,-3.61083,-3.73049,-3.73755,-3.68194,-3.67778,-3.72584,-3.64975,-3.57025,-3.4437,-3.33068,-3.16178,-3.13077,-3.08619,-3.03058,-3.03433,-3.03668,-3.00612,-3.01189,-3.00612,-2.98506,-2.98422,-2.969,-3.02549,-2.96981,-3.00524,-2.97224,-2.98297,-2.97265,-2.94885,-2.89551,-2.86678,-2.83357,-2.82944,-2.78995,-2.76271,-2.73731,-2.69919,-2.6413,-2.61618,-2.55941,-2.52739,-2.47612,-2.47173,-2.40088,-2.37059,-2.32781,-2.29757,-2.28358,-2.22185,-2.19051,-2.16178,-2.11617,-2.07299,-2.02826,-2.00026,-1.96968,-1.91977,-1.88566,-1.83782,-1.80574,-1.74698,-1.73018,-1.67778,-1.63812,-1.6035,-1.54897,-1.50603,-1.45832,-1.42151,-1.35737,-1.30784,-1.26626,-1.20991,-1.15825,-1.11152,-1.06874,-1.01993,-0.96548,-0.92204,-0.88581,-0.82774,-0.79494,-0.74067,-0.69614,-0.6548,-0.61529,-0.59081,-0.53457,-0.51307,-0.46885,-0.44806,-0.50462,-0.40163,-0.36389
1989,-2.10963,-3.19382,-3.35164,-3.43533,-3.47237,-3.6038,-3.66154,-3.60206,-3.77469,-3.67985,-3.67366,-3.79588,-3.67985,-3.61083,-3.50724,-3.39362,-3.26761,-3.17198,-3.07676,-3.09044,-3.02,-3.00087,-2.99525,-2.96098,-3.0013,-2.91435,-2.96098,-2.95078,-2.92445,-2.92555,-2.9694,-2.96497,-2.94846,-2.8814,-2.92775,-2.89963,-2.89042,-2.88439,-2.85387,-2.81873,-2.78595,-2.7582,-2.72584,-2.65837,-2.64724,-2.60854,-2.57708,-2.53373,-2.48718,-2.45432,-2.44358,-2.38331,-2.3496,-2.31211,-2.26616,-2.23218,-2.1901,-2.1621,-2.12361,-2.08129,-2.04278,-2.01073,-1.9808,-1.92738,-1.89228,-1.84891,-1.81085,-1.76397,-1.72056,-1.69702,-1.6362,-1.60338,-1.56438,-1.50795,-1.46707,-1.41432,-1.37605,-1.32482,-1.26736,-1.21129,-1.17072,-1.12486,-1.06624,-1.01959,-0.96983,-0.93865,-0.88307,-0.83946,-0.77621,-0.75259,-0.71456,-0.65287,-0.62458,-0.57567,-0.5505,-0.51415,-0.4949,-0.45529,-0.44655,-0.41479,-0.40143
1990,-2.11594,-3.13549,-3.36351,-3.47625,-3.52143,-3.5544,-3.59346,-3.65956,-3.69465,-3.67572,-3.74958,-3.6517,-3.64207,-3.57187,-3.49757,-3.42946,-3.27572,-3.16431,-3.11407,-3.0575,-3.03058,-3.00877,-2.99482,-2.97184,-2.96617,-2.95821,-2.9393,-2.90379,-2.91793,-2.88572,-2.8962,-2.91293,-2.90066,-2.89894,-2.89042,-2.87648,-2.87354,-2.88639,-2.83003,-2.81023,-2.79615,-2.75056,-2.71942,-2.67654,-2.65521,-2.6306,-2.5938,-2.55207,-2.51004,-2.4593,-2.41896,-2.39642,-2.3379,-2.2999,-2.28542,-2.23448,-2.21638,-2.17012,-2.13507,-2.08255,-2.06606,-2.00542,-1.9671,-1.93685,-1.90375,-1.84728,-1.82111,-1.77864,-1.72776,-1.68271,-1.64199,-1.59934,-1.55688,-1.50769,-1.46291,-1.42643,-1.36658,-1.32664,-1.26233,-1.22775,-1.16973,-1.11882,-1.07384,-1.03072,-0.97501,-0.92849,-0.8811,-0.83348,-0.79602,-0.73762,-0.69938,-0.65086,-0.60929,-0.57238,-0.53435,-0.50695,-0.46364,-0.43604,-0.41949,-0.38954,-0.35663
1991,-2.14128,-3.1798,-3.39469,-3.52433,-3.62525,-3.62709,-3.66354,-3.68613,-3.74715,-3.72584,-3.65365,-3.74232,-3.69465,-3.59517,-3.54363,-3.44733,-3.2993,-3.22695,-3.1152,-3.07727,-3.01682,-3.02365,-2.9594,-2.98172,-2.97469,-2.90379,-2.91901,-2.91542,-2.87615,-2.84406,-2.83953,-2.86582,-2.8768,-2.88174,-2.87778,-2.84955,-2.84649,-2.85918,-2.83298,-2.79833,-2.77469,-2.75746,-2.73002,-2.6784,-2.6396,-2.61997,-2.56511,-2.52739,-2.51713,-2.45767,-2.43462,-2.38775,-2.38018,-2.29973,-2.2714,-2.25712,-2.21674,-2.16666,-2.12977,-2.0913,-2.07248,-2.02365,-1.97985,-1.9361,-1.88817,-1.85839,-1.82664,-1.77851,-1.73473,-1.6975,-1.64755,-1.61379,-1.56043,-1.52272,-1.472,-1.43387,-1.38033,-1.32799,-1.28237,-1.22801,-1.17059,-1.12725,-1.07338,-1.02324,-0.98556,-0.93331,-0.8916,-0.84221,-0.79234,-0.76011,-0.69762,-0.66318,-0.63045,-0.57954,-0.53582,-0.49969,-0.47858,-0.42402,-0.41006,-0.41052,-0.32059
1992,-2.14905,-3.19382,-3.4168,-3.52143,-3.58503,-3.62709,-3.70333,-3.70115,-3.77469,-3.74473,-3.77989,-3.74715,-3.69465,-3.68825,-3.5986,-3.49214,-3.36552,-3.27572,-3.19997,-3.1343,-3.07058,-3.07007,-3.04672,-3.02503,-3.00087,-2.95664,-2.93405,-2.90658,-2.89008,-2.83327,-2.82074,-2.83684,-2.85263,-2.83505,-2.87877,-2.84863,-2.86678,-2.85017,-2.8318,-2.80217,-2.7612,-2.76751,-2.72377,-2.68634,-2.68215,-2.64397,-2.58905,-2.54714,-2.52768,-2.47147,-2.4466,-2.40176,-2.36432,-2.32799,-2.28971,-2.25438,-2.20586,-2.19004,-2.14086,-2.11487,-2.06864,-2.03943,-1.97956,-1.95273,-1.90872,-1.88223,-1.84297,-1.7965,-1.76472,-1.71077,-1.65675,-1.62891,-1.58663,-1.54166,-1.49811,-1.4489,-1.39609,-1.34937,-1.29465,-1.25073,-1.20515,-1.15403,-1.10382,-1.05154,-1.00552,-0.95392,-0.91236,-0.86885,-0.82272,-0.77266,-0.73778,-0.678,-0.64605,-0.60616,-0.5694,-0.5251,-0.4781,-0.45457,-0.43524,-0.41877,-0.34668
1993,-2.18283,-3.21183,-3.41341,-3.51999,-3.61798,-3.72584,-3.68403,-3.74232,-3.66756,-3.8041,-3.75203,-3.83268,-3.77989,-3.68403,-3.57187,-3.49894,-3.42713,-3.33348,-3.24109,-3.15614,-3.14691,-3.13727,-3.13253,-3.08566,-3.05948,-3.03198,-2.94233,-2.93892,-2.89757,-2.88706,-2.84741,-2.83923,-2.8315,-2.84013,-2.84527,-2.85294,-2.84315,-2.8315,-2.85078,-2.80939,-2.76346,-2.76321,-2.72239,-2.6968,-2.66075,-2.61243,-2.60328,-2.55564,-2.51641,-2.47392,-2.44745,-2.42551,-2.37685,-2.32679,-2.2999,-2.26392,-2.22359,-2.20259,-2.16021,-2.11844,-2.06829,-2.04523,-2.00939,-1.95865,-1.91582,-1.87834,-1.83404,-1.7903,-1.75873,-1.7115,-1.67097,-1.62457,-1.57128,-1.54474,-1.48552,-1.44419,-1.40507,-1.34731,-1.30446,-1.25317,-1.2099,-1.15428,-1.1079,-1.05911,-1.00264,-0.96137,-0.89955,-0.85867,-0.80921,-0.76653,-0.72478,-0.69083,-0.63406,-0.61129,-0.54364,-0.51162,-0.50929,-0.4584,-0.45012,-0.39745,-0.37031
1994,-2.22819,-3.27572,-3.47366,-3.51145,-3.58503,-3.66756,-3.6968,-3.6925,-3.7122,-3.82391,-3.7986,-3.92082,-3.75203,-3.67985,-3.61798,-3.57512,-3.45967,-3.37779,-3.34104,-3.266,-3.19382,-3.1798,-3.1798,-3.11919,-3.12033,-3.04431,-3.01682,-2.92665,-2.92555,-2.85171,-2.83062,-2.83268,-2.81446,-2.80079,-2.81446,-2.83893,-2.83773,-2.83833,-2.79022,-2.79398,-2.77676,-2.77624,-2.70642,-2.72331,-2.65072,-2.59312,-2.57528,-2.55006,-2.51131,-2.50612,-2.46572,-2.42666,-2.40198,-2.33461,-2.32386,-2.28467,-2.23181,-2.20183,-2.16641,-2.13042,-2.09871,-2.06143,-2.01755,-1.98105,-1.93004,-1.89259,-1.84906,-1.80998,-1.77596,-1.73422,-1.6871,-1.64361,-1.59989,-1.54606,-1.51172,-1.46136,-1.42149,-1.36841,-1.31052,-1.26435,-1.22322,-1.17724,-1.12767,-1.06692,-1.01287,-0.96872,-0.93203,-0.86781,-0.82553,-0.78222,-0.74378,-0.68933,-0.66117,-0.60856,-0.57878,-0.53481,-0.49838,-0.448,-0.40861,-0.40464,-0.35595
1995,-2.26336,-3.28651,-3.4908,-3.58503,-3.62709,-3.75945,-3.74715,-3.7986,-3.76447,-3.79317,-3.767,-3.84771,-3.76447,-3.73049,-3.60555,-3.60555,-3.37675,-3.37469,-3.32148,-3.25727,-3.24565,-3.21753,-3.19928,-3.11295,-3.10568,-3.05306,-3.03574,-2.96377,-2.92665,-2.8814,-2.85949,-2.82391,-2.79561,-2.77417,-2.76397,-2.76726,-2.78622,-2.80244,-2.81559,-2.78278,-2.74256,-2.74763,-2.76095,-2.67654,-2.68235,-2.60959,-2.60363,-2.55721,-2.53121,-2.4973,-2.45124,-2.4437,-2.41206,-2.34882,-2.31912,-2.28391,-2.24527,-2.21091,-2.16463,-2.13018,-2.09458,-2.06631,-2.01723,-1.98155,-1.93761,-1.88606,-1.86547,-1.81682,-1.77851,-1.73556,-1.69993,-1.6508,-1.59685,-1.55339,-1.5093,-1.46436,-1.40958,-1.36683,-1.32005,-1.26702,-1.22703,-1.16944,-1.1334,-1.07922,-1.02591,-0.96967,-0.91821,-0.87409,-0.83771,-0.77539,-0.72885,-0.6979,-0.64598,-0.62671,-0.56477,-0.53905,-0.48881,-0.44873,-0.42928,-0.38837,-0.34872
1996,-2.25814,-3.30892,-3.38934,-3.52433,-3.64016,-3.72584,-3.67778,-3.75449,-3.81531,-3.87943,-3.88941,-3.68194,-3.74958,-3.79317,-3.61261,-3.57025,-3.43063,-3.32698,-3.31876,-3.29243,-3.28651,-3.23582,-3.17457,-3.17587,-3.14086,-3.10624,-3.0752,-3.04144,-2.97675,-2.86934,-2.85449,-2.82536,-2.79997,-2.81559,-2.77728,-2.78595,-2.80052,-2.78489,-2.8041,-2.78968,-2.74545,-2.73095,-2.73684,-2.67448,-2.67819,-2.65092,-2.61997,-2.58104,-2.54379,-2.49026,-2.4698,-2.42783,-2.38796,-2.36121,-2.32911,-2.28802,-2.24101,-2.22614,-2.16615,-2.1346,-2.10007,-2.07988,-2.03152,-1.99396,-1.95152,-1.91783,-1.86928,-1.82871,-1.78662,-1.73547,-1.7027,-1.64751,-1.61527,-1.55993,-1.51576,-1.46236,-1.41973,-1.36255,-1.32653,-1.27075,-1.22174,-1.18994,-1.12594,-1.08086,-1.03301,-0.97702,-0.92989,-0.881,-0.82889,-0.77748,-0.73825,-0.68829,-0.6546,-0.60923,-0.56825,-0.53234,-0.49774,-0.45619,-0.41269,-0.39534,-0.35341
1997,-2.29826,-3.31069,-3.53018,-3.5784,-3.67778,-3.74958,-3.69465,-3.80967,-4.02228,-3.84466,-3.83268,-3.767,-3.85387,-3.68613,-3.67985,-3.54212,-3.40121,-3.36452,-3.3098,-3.24565,-3.2815,-3.29414,-3.25964,-3.24185,-3.24109,-3.14752,-3.20204,-3.08725,-3.07988,-3.02457,-2.98255,-2.9535,-2.93629,-2.89347,-2.89928,-2.89997,-2.88773,-2.84741,-2.8471,-2.81023,-2.80632,-2.7812,-2.75178,-2.73095,-2.68194,-2.63922,-2.61101,-2.60502,-2.56511,-2.49499,-2.48532,-2.43121,-2.41409,-2.38132,-2.34669,-2.3091,-2.26906,-2.23218,-2.19274,-2.1559,-2.1156,-2.08592,-2.03986,-2.00533,-1.95908,-1.92394,-1.87723,-1.84128,-1.79967,-1.74754,-1.70402,-1.66724,-1.62586,-1.56925,-1.52516,-1.47356,-1.42886,-1.37826,-1.3269,-1.29327,-1.24201,-1.18265,-1.14143,-1.09076,-1.04295,-0.98553,-0.93374,-0.88704,-0.83688,-0.79236,-0.74171,-0.70376,-0.65278,-0.62463,-0.56849,-0.5375,-0.49962,-0.46608,-0.45929,-0.39555,-0.39872
1998,-2.31822,-3.40561,-3.5391,-3.66756,-3.7167,-3.71897,-3.85387,-3.84164,-3.77211,-3.78516,-3.89279,-3.75945,-3.86646,-3.76195,-3.64782,-3.53611,-3.41794,-3.31336,-3.2636,-3.34679,-3.26201,-3.24336,-3.23582,-3.2161,-3.20901,-3.19179,-3.18177,-3.13549,-3.10791,-3.10403,-3.05799,-3.02457,-3.00349,-2.96778,-2.98255,-2.95117,-2.92518,-2.88773,-2.86838,-2.87031,-2.83003,-2.78436,-2.78094,-2.73236,-2.69984,-2.67346,-2.64035,-2.59534,-2.55564,-2.52288,-2.49013,-2.46268,-2.41771,-2.38552,-2.3465,-2.31408,-2.28467,-2.23538,-2.20635,-2.16463,-2.12079,-2.07109,-2.05384,-2.01444,-1.96146,-1.92797,-1.89089,-1.84866,-1.79841,-1.75252,-1.71126,-1.66091,-1.62095,-1.56658,-1.5231,-1.47404,-1.419,-1.36822,-1.32655,-1.26078,-1.23718,-1.18852,-1.12653,-1.0852,-1.03022,-0.9878,-0.93083,-0.87802,-0.82704,-0.78557,-0.73213,-0.68767,-0.6464,-0.59787,-0.55881,-0.52424,-0.50169,-0.45195,-0.41794,-0.39967,-0.31216
1999,-2.34438,-3.32514,-3.65758,-3.76195,-3.72816,-3.80134,-3.767,-3.88941,-3.96257,-3.82974,-3.73518,-3.81531,-3.87943,-3.73993,-3.76447,-3.50585,-3.44733,-3.36351,-3.28567,-3.26922,-3.25964,-3.25259,-3.25806,-3.23807,-3.24872,-3.25181,-3.22548,-3.19179,-3.17134,-3.08249,-3.09691,-3.07572,-3.03105,-2.96417,-2.98758,-2.96537,-2.93405,-2.91293,-2.88874,-2.82857,-2.82827,-2.80521,-2.78781,-2.69101,-2.69144,-2.63789,-2.63676,-2.57988,-2.54622,-2.52172,-2.48678,-2.46623,-2.39827,-2.3831,-2.35154,-2.30496,-2.28341,-2.22004,-2.19709,-2.1626,-2.12027,-2.07655,-2.06038,-2.00104,-1.97355,-1.93048,-1.88137,-1.84263,-1.80211,-1.74412,-1.71851,-1.67309,-1.61601,-1.56769,-1.52174,-1.4784,-1.42592,-1.37492,-1.32245,-1.27631,-1.21523,-1.18269,-1.12501,-1.07677,-1.02668,-0.97633,-0.92204,-0.8683,-0.8215,-0.77041,-0.72576,-0.68144,-0.64104,-0.59458,-0.55197,-0.52548,-0.49283,-0.45478,-0.3947,-0.37557,-0.31879
2000,-2.3535,-3.40561,-3.61083,-3.74715,-3.77728,-3.79048,-3.8041,-3.83863,-3.85699,-3.91721,-3.81816,-4.01323,-3.86646,-3.74715,-3.62709,-3.53611,-3.43533,-3.30892,-3.32148,-3.29073,-3.23732,-3.25026,-3.2644,-3.27003,-3.20621,-3.21968,-3.19179,-3.21042,-3.15864,-3.18046,-3.11748,-3.09313,-3.06349,-3.03012,-3.02319,-2.96059,-2.92336,-2.91186,-2.88339,-2.87192,-2.78915,-2.81079,-2.75498,-2.72886,-2.6834,-2.66494,-2.64187,-2.57577,-2.57154,-2.52944,-2.47599,-2.45742,-2.42562,-2.39073,-2.36462,-2.32294,-2.28133,-2.26201,-2.2249,-2.17509,-2.1488,-2.09615,-2.06263,-2.01986,-1.98847,-1.9364,-1.90731,-1.85868,-1.82293,-1.77361,-1.731,-1.6877,-1.64153,-1.59741,-1.54969,-1.49972,-1.45229,-1.40216,-1.34661,-1.2995,-1.24964,-1.20327,-1.15094,-1.09967,-1.05275,-1.00607,-0.94869,-0.90347,-0.84854,-0.80675,-0.75392,-0.70137,-0.66441,-0.61793,-0.58034,-0.53796,-0.50516,-0.49309,-0.47964,-0.45045,-0.39808
2001,-2.39373,-3.46725,-3.6216,-3.72354,-3.79588,-3.82391,-3.95468,-3.95861,-3.88606,-3.86646,-3.75945,-3.8962,-3.84164,-3.81248,-3.74958,-3.60906,-3.48017,-3.35458,-3.3439,-3.28988,-3.24949,-3.30016,-3.25727,-3.29243,-3.30016,-3.2636,-3.25964,-3.23882,-3.18509,-3.1891,-3.13018,-3.11748,-3.06148,-3.03105,-3.01502,-2.99097,-2.94692,-2.92665,-2.8716,-2.84285,-2.83446,-2.80855,-2.80438,-2.74642,-2.72377,-2.67819,-2.64685,-2.59568,-2.5688,-2.51627,-2.49539,-2.47018,-2.41873,-2.38881,-2.35399,-2.30936,-2.29491,-2.23448,-2.22265,-2.1962,-2.13644,-2.12349,-2.07821,-2.02868,-1.98573,-1.96605,-1.91682,-1.87628,-1.84013,-1.78638,-1.73651,-1.69521,-1.66039,-1.60588,-1.56236,-1.50979,-1.46792,-1.41217,-1.37038,-1.3172,-1.26554,-1.21364,-1.16113,-1.12306,-1.06504,-1.01281,-0.96344,-0.90745,-0.86874,-0.81661,-0.76559,-0.72265,-0.66315,-0.63743,-0.60174,-0.5405,-0.53349,-0.48765,-0.43909,-0.45891,-0.3703
2002,-2.38426,-3.4168,-3.66756,-3.72584,-3.79588,-3.86646,-3.79317,-3.84164,-3.87943,-3.93554,-3.92082,-4.03621,-3.87615,-3.81248,-3.6517,-3.55596,-3.47886,-3.44977,-3.36351,-3.31515,-3.24642,-3.27165,-3.21681,-3.27737,-3.3019,-3.30803,-3.25885,-3.22988,-3.22113,-3.1831,-3.15181,-3.14146,-3.10458,-3.06248,-3.04144,-3.02136,-2.97347,-2.93479,-2.92996,-2.8636,-2.84315,-2.7967,-2.80079,-2.7469,-2.7093,-2.67223,-2.62893,-2.5921,-2.55098,-2.52841,-2.49894,-2.47586,-2.44346,-2.39545,-2.35301,-2.35154,-2.29065,-2.26225,-2.2307,-2.1924,-2.13136,-2.11668,-2.08508,-2.03189,-1.99796,-1.96277,-1.93022,-1.87979,-1.85539,-1.79664,-1.7555,-1.71438,-1.66543,-1.61878,-1.56657,-1.51691,-1.46688,-1.41617,-1.36653,-1.31521,-1.27158,-1.2182,-1.16663,-1.11277,-1.05742,-1.01329,-0.95503,-0.90652,-0.85814,-0.82593,-0.76343,-0.70928,-0.66802,-0.61988,-0.58733,-0.55487,-0.50873,-0.47933,-0.43666,-0.41809,-0.36882
2003,-2.40318,-3.42481,-3.48812,-3.71444,-3.85078,-3.87615,-3.83565,-3.94692,-3.97062,-3.90658,-3.89279,-3.86328,-3.78516,-3.76195,-3.73283,-3.59007,-3.44491,-3.37161,-3.3098,-3.27572,-3.2426,-3.27084,-3.28904,-3.26761,-3.29158,-3.25337,-3.29073,-3.25885,-3.26761,-3.19382,-3.1831,-3.13371,-3.11238,-3.08249,-3.03058,-3.03527,-2.99439,-2.97964,-2.88673,-2.90066,-2.85201,-2.79156,-2.76574,-2.7416,-2.70137,-2.66494,-2.63714,-2.60154,-2.53551,-2.54,-2.51032,-2.47198,-2.42864,-2.40012,-2.36221,-2.32633,-2.30321,-2.25438,-2.22337,-2.18582,-2.14691,-2.11719,-2.08852,-2.03635,-2.01184,-1.95948,-1.93338,-1.89282,-1.84052,-1.80796,-1.76115,-1.71568,-1.66696,-1.62082,-1.567,-1.51851,-1.46533,-1.41929,-1.36578,-1.31784,-1.27034,-1.21181,-1.15675,-1.10037,-1.04385,-0.99347,-0.94237,-0.88921,-0.8399,-0.79818,-0.74372,-0.69663,-0.64983,-0.60383,-0.55475,-0.52044,-0.48394,-0.46178,-0.41205,-0.3831,-0.32093
2004,-2.3974,-3.46597,-3.67572,-3.75449,-3.90658,-3.98716,-4.07058,-4,-3.86328,-3.91009,-3.84771,-3.93181,-3.90309,-3.83863,-3.75203,-3.60906,-3.51713,-3.38195,-3.31605,-3.34775,-3.33161,-3.3363,-3.31966,-3.28988,-3.32975,-3.29328,-3.32057,-3.27984,-3.2321,-3.25964,-3.23882,-3.17134,-3.18709,-3.13018,-3.10791,-3.05355,-3.03152,-2.94539,-2.95546,-2.8768,-2.89894,-2.84832,-2.81248,-2.78094,-2.71534,-2.66776,-2.65111,-2.60137,-2.55238,-2.55052,-2.49255,-2.45309,-2.43723,-2.40938,-2.38195,-2.34602,-2.30207,-2.28009,-2.25633,-2.20163,-2.16768,-2.13775,-2.12148,-2.07738,-2.02831,-1.98864,-1.92625,-1.90233,-1.87306,-1.82944,-1.78039,-1.74191,-1.68963,-1.6458,-1.60088,-1.54174,-1.49419,-1.44061,-1.39172,-1.34379,-1.29036,-1.24085,-1.18406,-1.12717,-1.07802,-1.01923,-0.96783,-0.9214,-0.87592,-0.82193,-0.77482,-0.72998,-0.68316,-0.63785,-0.58964,-0.5562,-0.52932,-0.49229,-0.45938,-0.40613,-0.3801
2005,-2.42678,-3.51856,-3.67572,-3.79588,-3.82391,-3.8729,-3.97469,-3.93554,-4.03152,-4.01323,-4.02687,-3.95861,-3.8962,-3.84164,-3.767,-3.59176,-3.50724,-3.41341,-3.36351,-3.28988,-3.3279,-3.31336,-3.33442,-3.33068,-3.3363,-3.30715,-3.35067,-3.31247,-3.36452,-3.30452,-3.284,-3.20551,-3.15304,-3.16115,-3.11976,-3.0511,-3.04383,-2.99913,-2.94348,-2.92628,-2.8911,-2.84771,-2.81559,-2.79642,-2.72909,-2.70443,-2.66075,-2.62178,-2.59465,-2.55191,-2.50654,-2.48625,-2.44117,-2.41851,-2.37008,-2.34352,-2.31985,-2.27976,-2.24657,-2.19375,-2.16323,-2.14008,-2.10265,-2.07273,-2.03996,-1.98691,-1.95273,-1.90434,-1.87811,-1.82154,-1.78341,-1.73902,-1.69048,-1.64811,-1.58813,-1.54693,-1.49546,-1.44039,-1.38595,-1.3251,-1.2788,-1.22445,-1.17209,-1.11626,-1.06948,-1.01778,-0.95488,-0.90497,-0.85953,-0.80498,-0.7649,-0.71536,-0.66702,-0.62376,-0.58069,-0.5492,-0.49778,-0.46164,-0.41152,-0.38441,-0.34421
2006,-2.45235,-3.52724,-3.73283,-3.86012,-3.85387,-3.95468,-3.92082,-3.95078,-3.86328,-4.11351,-3.92812,-4.03621,-3.85387,-3.85699,-3.91721,-3.63827,-3.54061,-3.48017,-3.39041,-3.41229,-3.35556,-3.36151,-3.34872,-3.4045,-3.38405,-3.37161,-3.32514,-3.34294,-3.36957,-3.34775,-3.28316,-3.25649,-3.22695,-3.23508,-3.17005,-3.13371,-3.07727,-3.03527,-2.9897,-2.91257,-2.90868,-2.89551,-2.84619,-2.77911,-2.73002,-2.72423,-2.67162,-2.64898,-2.59074,-2.58486,-2.52042,-2.48267,-2.44636,-2.41162,-2.37872,-2.36432,-2.3131,-2.28092,-2.25602,-2.21488,-2.17115,-2.16437,-2.1125,-2.09173,-2.04101,-2.00379,-1.97798,-1.93547,-1.89012,-1.85063,-1.81836,-1.76455,-1.71108,-1.68298,-1.62663,-1.57675,-1.53127,-1.4703,-1.4218,-1.36686,-1.31399,-1.26457,-1.21247,-1.15982,-1.104,-1.04548,-1.00188,-0.935,-0.8913,-0.84539,-0.79256,-0.74609,-0.70451,-0.65308,-0.61678,-0.57529,-0.5386,-0.49186,-0.457,-0.43784,-0.3618
2007,-2.46206,-3.49621,-3.73755,-3.76955,-3.9431,-3.97469,-3.97062,-4,-4.01773,-4.09691,-3.9431,-4.04096,-3.93181,-3.85387,-3.75696,-3.63078,-3.56864,-3.44612,-3.40671,-3.40012,-3.37986,-3.46852,-3.39577,-3.41229,-3.38722,-3.39041,-3.34969,-3.38091,-3.35556,-3.32514,-3.30016,-3.28988,-3.3098,-3.23657,-3.19518,-3.16115,-3.10018,-3.07779,-3.01502,-2.95234,-2.91829,-2.87582,-2.7997,-2.80162,-2.77211,-2.71265,-2.70158,-2.63997,-2.61636,-2.5779,-2.52695,-2.50362,-2.45705,-2.40983,-2.37634,-2.35863,-2.33376,-2.29115,-2.2442,-2.23478,-2.16596,-2.15101,-2.12796,-2.092,-2.0391,-2.0237,-1.97662,-1.92493,-1.88492,-1.84552,-1.80771,-1.7734,-1.7212,-1.67819,-1.61575,-1.57269,-1.52721,-1.4798,-1.42091,-1.37078,-1.31477,-1.25878,-1.20622,-1.14637,-1.0961,-1.03969,-0.98283,-0.93635,-0.88262,-0.8381,-0.78541,-0.73269,-0.69618,-0.6387,-0.6194,-0.56987,-0.52484,-0.48612,-0.45491,-0.40016,-0.41911
2008,-2.47083,-3.52578,-3.85078,-3.8962,-3.95861,-3.82102,-4.01773,-3.9393,-4.06048,-4.07058,-4.13077,-3.95078,-4.03621,-3.85699,-3.81248,-3.7167,-3.56864,-3.45842,-3.46597,-3.38934,-3.42136,-3.47366,-3.4698,-3.451,-3.34969,-3.40671,-3.44612,-3.37366,-3.36251,-3.36552,-3.35754,-3.3439,-3.31426,-3.27003,-3.2161,-3.16813,-3.10735,-3.10018,-3.07007,-3.0048,-2.94885,-2.91045,-2.87387,-2.82074,-2.77134,-2.72285,-2.69315,-2.64302,-2.62088,-2.55972,-2.51456,-2.50183,-2.45223,-2.42701,-2.3948,-2.36281,-2.33932,-2.30155,-2.25119,-2.24056,-2.18642,-2.16298,-2.12482,-2.10204,-2.07842,-2.03208,-1.99572,-1.95687,-1.92329,-1.85893,-1.81599,-1.78518,-1.7361,-1.69672,-1.64212,-1.591,-1.54031,-1.49117,-1.43995,-1.38404,-1.32747,-1.27619,-1.21173,-1.16648,-1.10472,-1.05437,-0.99699,-0.94718,-0.89167,-0.83885,-0.78861,-0.74799,-0.6841,-0.64645,-0.61251,-0.57014,-0.52189,-0.48016,-0.45986,-0.42528,-0.38907
2009,-2.50794,-3.51713,-3.8041,-3.79317,-3.85078,-3.95861,-4.08619,-4.02228,-4.16115,-4.07572,-4.01773,-4.03621,-3.9393,-3.93181,-3.95861,-3.7122,-3.73049,-3.58838,-3.44249,-3.54363,-3.53462,-3.47756,-3.50031,-3.45469,-3.47496,-3.39362,-3.38934,-3.42946,-3.39147,-3.38616,-3.4034,-3.34969,-3.35754,-3.2993,-3.23882,-3.21968,-3.16178,-3.15739,-3.06702,-3.07366,-2.98005,-2.92191,-2.89825,-2.86742,-2.83209,-2.74425,-2.71265,-2.66095,-2.64705,-2.58303,-2.54592,-2.52331,-2.49444,-2.43985,-2.37955,-2.37716,-2.33649,-2.29533,-2.27696,-2.23575,-2.21389,-2.1825,-2.12321,-2.11261,-2.07774,-2.02241,-2.00078,-1.95668,-1.92412,-1.87854,-1.84762,-1.7964,-1.74129,-1.70415,-1.65427,-1.60347,-1.55937,-1.50526,-1.45573,-1.39575,-1.33834,-1.28513,-1.23059,-1.17798,-1.12957,-1.07178,-1.01185,-0.96375,-0.90016,-0.84854,-0.79375,-0.74905,-0.70409,-0.66062,-0.62459,-0.57406,-0.53692,-0.50769,-0.4771,-0.44051,-0.38299
2010,-2.501,-3.56067,-3.76447,-3.90309,-3.93554,-4.02228,-4.10791,-4.12494,-4.25964,-3.97062,-4.00436,-4.09151,-3.92082,-3.95861,-4.02228,-3.92812,-3.71897,-3.67572,-3.5784,-3.53462,-3.49757,-3.59007,-3.48945,-3.52288,-3.51713,-3.47108,-3.55596,-3.49485,-3.47756,-3.43063,-3.41005,-3.42136,-3.35853,-3.33536,-3.29843,-3.26122,-3.20831,-3.17263,-3.13312,-3.07988,-3.01682,-2.98047,-2.91829,-2.87648,-2.81844,-2.78755,-2.72262,-2.68445,-2.65995,-2.60572,-2.56655,-2.52028,-2.47083,-2.45296,-2.41117,-2.383,-2.33913,-2.29748,-2.2791,-2.23635,-2.21446,-2.20121,-2.1504,-2.11453,-2.08772,-2.05576,-2.01117,-1.97634,-1.93312,-1.90532,-1.8539,-1.81102,-1.75528,-1.71575,-1.6839,-1.62147,-1.57995,-1.52644,-1.47072,-1.41726,-1.35741,-1.30179,-1.25407,-1.19235,-1.14438,-1.08538,-1.03557,-0.97981,-0.91696,-0.86809,-0.8138,-0.75828,-0.71597,-0.66996,-0.62459,-0.58704,-0.54038,-0.51949,-0.4774,-0.44651,-0.38921
2011,-2.51442,-3.55596,-3.83268,-3.91009,-4.04576,-4.08092,-3.95468,-4.14267,-4.19382,-4.0655,-4.00877,-4.14267,-4.10237,-3.9393,-3.76195,-3.86967,-3.84164,-3.64589,-3.5867,-3.51428,-3.53018,-3.49349,-3.5544,-3.5817,-3.5391,-3.49894,-3.54061,-3.48545,-3.47886,-3.45469,-3.38828,-3.383,-3.40121,-3.34294,-3.33068,-3.2815,-3.24033,-3.18111,-3.16052,-3.09259,-3.04479,-3.01233,-2.94769,-2.87517,-2.8548,-2.81787,-2.76397,-2.69702,-2.66514,-2.61475,-2.57025,-2.52535,-2.47057,-2.4613,-2.41828,-2.40705,-2.33059,-2.30972,-2.28575,-2.24071,-2.2136,-2.1926,-2.15274,-2.11487,-2.09437,-2.05271,-2.03012,-1.98184,-1.94329,-1.89935,-1.86271,-1.82711,-1.7716,-1.72214,-1.67836,-1.64369,-1.58301,-1.53288,-1.48211,-1.42473,-1.36839,-1.3054,-1.26032,-1.20156,-1.14636,-1.08656,-1.03964,-0.981,-0.92764,-0.87609,-0.82136,-0.77629,-0.72838,-0.6669,-0.63568,-0.58196,-0.53829,-0.50964,-0.47731,-0.42071,-0.39075
2012,-2.52564,-3.61979,-3.78781,-3.9914,-4.01773,-3.98297,-4.18709,-4.03152,-4.09691,-3.96257,-4.22185,-4.04096,-4.04576,-3.91364,-3.99568,-3.84164,-3.77728,-3.72125,-3.73049,-3.59346,-3.56543,-3.58503,-3.55752,-3.5544,-3.56384,-3.52871,-3.50307,-3.48945,-3.57512,-3.43415,-3.43063,-3.38405,-3.37469,-3.36552,-3.32514,-3.29757,-3.26122,-3.19586,-3.1707,-3.12263,-3.065,-3.03763,-2.9974,-2.90798,-2.85171,-2.81844,-2.78331,-2.72102,-2.65306,-2.62635,-2.61762,-2.54257,-2.5078,-2.45992,-2.43628,-2.40705,-2.36462,-2.31211,-2.28836,-2.25649,-2.21674,-2.18118,-2.14837,-2.12142,-2.09426,-2.06073,-2.02678,-1.9864,-1.94207,-1.90539,-1.86598,-1.82125,-1.79097,-1.72862,-1.6788,-1.62768,-1.592,-1.53207,-1.48007,-1.4273,-1.36949,-1.31298,-1.25143,-1.19084,-1.14065,-1.08022,-1.02192,-0.97075,-0.91105,-0.85597,-0.80587,-0.74372,-0.70821,-0.66082,-0.61098,-0.55876,-0.53054,-0.48983,-0.4475,-0.42629,-0.36141
2013,-2.58137,-3.65561,-3.79588,-4,-3.97881,-4.10791,-4.03152,-4.05061,-4.09691,-4.04096,-4.20761,-4.12494,-4.00877,-4.00436,-4.10237,-3.8729,-3.86328,-3.82102,-3.64782,-3.6925,-3.62525,-3.6038,-3.6038,-3.63451,-3.62525,-3.56384,-3.54975,-3.52578,-3.54975,-3.49214,-3.46218,-3.49349,-3.45593,-3.38405,-3.35262,-3.33255,-3.27737,-3.25414,-3.22403,-3.13668,-3.13253,-3.06449,-2.98928,-2.96019,-2.90136,-2.83357,-2.79507,-2.73377,-2.6908,-2.63827,-2.59227,-2.55549,-2.5021,-2.47638,-2.4443,-2.39837,-2.35438,-2.32855,-2.30461,-2.26193,-2.21645,-2.19491,-2.17373,-2.11856,-2.09076,-2.0571,-2.02998,-2.00336,-1.97074,-1.91162,-1.87167,-1.84503,-1.80565,-1.75362,-1.70217,-1.6448,-1.60986,-1.56196,-1.5084,-1.44806,-1.39772,-1.34185,-1.2827,-1.22098,-1.17191,-1.1153,-1.05218,-0.99977,-0.93899,-0.89377,-0.83401,-0.78506,-0.73096,-0.70113,-0.64676,-0.59504,-0.56047,-0.52498,-0.49086,-0.44939,-0.41179
2014,-2.54867,-3.66959,-3.82681,-4.03621,-4.02687,-4.04096,-4.12494,-4.02228,-4.17393,-4.36653,-4.21467,-4.14874,-4.09691,-4,-3.86328,-3.92812,-3.88941,-3.86328,-3.71444,-3.64975,-3.56864,-3.57025,-3.55909,-3.57349,-3.59346,-3.5986,-3.5867,-3.5544,-3.54516,-3.54668,-3.46092,-3.41908,-3.43771,-3.37059,-3.36653,-3.36552,-3.35262,-3.29757,-3.23657,-3.20551,-3.11126,-3.06702,-3.02872,-2.95861,-2.90728,-2.83298,-2.80939,-2.75746,-2.6981,-2.64898,-2.62088,-2.56944,-2.52462,-2.49908,-2.45014,-2.40044,-2.37448,-2.34534,-2.30338,-2.26305,-2.22702,-2.19138,-2.15858,-2.13876,-2.10652,-2.06591,-2.03217,-2.00056,-1.96206,-1.93181,-1.87595,-1.84686,-1.80571,-1.76437,-1.71305,-1.65553,-1.61653,-1.55661,-1.5193,-1.45706,-1.40153,-1.35565,-1.29192,-1.23523,-1.1737,-1.11961,-1.06568,-1.00729,-0.94736,-0.89953,-0.83693,-0.78778,-0.74142,-0.69,-0.65311,-0.60809,-0.56385,-0.52467,-0.48682,-0.45339,-0.42537
2015,-2.57856,-3.72816,-3.87943,-4.07572,-4.21467,-4.07058,-4.16115,-4.12494,-4.09151,-4.09151,-4.14267,-4.1549,-4.11351,-4,-4.02228,-3.91009,-3.85078,-3.74473,-3.72816,-3.63264,-3.66154,-3.64207,-3.66154,-3.57512,-3.59176,-3.54821,-3.58336,-3.52871,-3.51999,-3.48149,-3.54975,-3.46471,-3.42713,-3.43533,-3.37469,-3.3439,-3.28067,-3.27737,-3.22695,-3.20412,-3.15864,-3.09205,-3.0278,-2.97021,-2.94462,-2.8716,-2.84224,-2.76853,-2.7176,-2.68131,-2.62269,-2.56623,-2.52651,-2.48612,-2.45272,-2.40528,-2.37325,-2.31912,-2.29234,-2.2455,-2.21853,-2.20558,-2.15021,-2.13395,-2.10613,-2.07294,-2.0278,-1.99025,-1.95156,-1.91883,-1.87012,-1.83574,-1.80046,-1.75888,-1.71534,-1.66476,-1.60328,-1.54049,-1.49865,-1.44595,-1.38971,-1.32838,-1.27538,-1.215,-1.15539,-1.0924,-1.04101,-0.984,-0.92702,-0.86566,-0.81091,-0.7644,-0.71139,-0.65724,-0.62077,-0.57968,-0.53057,-0.48266,-0.44712,-0.41863,-0.37501
2016,-2.5779,-3.59346,-3.89279,-4.1549,-4.02228,-4.12494,-4.10237,-4.30103,-4.17393,-4.10237,-4.18709,-4.14267,-4.11919,-4.13668,-4.07572,-3.87615,-3.79317,-3.88273,-3.75449,-3.59517,-3.63639,-3.71444,-3.59007,-3.59176,-3.63827,-3.64782,-3.53313,-3.52578,-3.56864,-3.49485,-3.40561,-3.44491,-3.47366,-3.39469,-3.36452,-3.34969,-3.30364,-3.28067,-3.27084,-3.19246,-3.12552,-3.08145,-3.08619,-3.02228,-2.96019,-2.89585,-2.86902,-2.79751,-2.71602,-2.70553,-2.63582,-2.58203,-2.5293,-2.49174,-2.46055,-2.43098,-2.37779,-2.34123,-2.31087,-2.27531,-2.23203,-2.19647,-2.18039,-2.12878,-2.092,-2.06454,-2.0291,-2.01015,-1.95699,-1.92823,-1.90156,-1.844,-1.80866,-1.76662,-1.71458,-1.66706,-1.62608,-1.57279,-1.52711,-1.46411,-1.42494,-1.36502,-1.30305,-1.24738,-1.18472,-1.11951,-1.06632,-1.01383,-0.96092,-0.89885,-0.83911,-0.79088,-0.73554,-0.69517,-0.63704,-0.60258,-0.5663,-0.52594,-0.47806,-0.45646,-0.40007
